tree
version=v4
num_class=3
num_tree_per_iteration=3
label_index=0
max_feature_idx=24
objective=multiclass num_class:3
feature_names=Column_0 Column_1 Column_2 Column_3 Column_4 Column_5 Column_6 Column_7 Column_8 Column_9 Column_10 Column_11 Column_12 Column_13 Column_14 Column_15 Column_16 Column_17 Column_18 Column_19 Column_20 Column_21 Column_22 Column_23 Column_24
feature_infos=[-0.5:0.5] [-2.7712311744689941:1.2351760864257812] [-3.1327221393585205:0.95283424854278564] [-2.0304214954376221:1.8207374811172485] [-2.4783947467803955:5.8536181449890137] [-3.2550573348999023:2.5651443004608154] [-0.80087518692016602:1.4310721158981323] [-2.5271985530853271:1.7744708061218262] [-12.352743148803711:21.702880859375] [-1.1945762634277344:6.4371352195739746] [-1.2272962331771851:2.5699942111968994] [-1.3868401050567627:1.1517330408096313] [-0.88800424337387085:14.654830932617188] [-1.1345028877258301:1.4736840724945068] [-1.9027776718139648:1.8055555820465088] [-0.61438673734664917:6.8762125968933105] [-1.126196026802063:4.1091232299804688] [-0.45352694392204285:8.8368949890136719] [-0.82766205072402954:7.244786262512207] [-2.1399095058441162:1.8663909435272217] [-10.271425247192383:20.788192749023438] [-1.1362707614898682:3.8187370300292969] [-0.24925065040588379:1.2098866701126099] [-0.60226178169250488:6.3945817947387695] [-23.067657470703125:27.262985229492188]
tree_sizes=962 962 861 885 990 990 981 987 980 987 983 975 987 876 777 995 988 882 997 988 974 880 989 979 987 987 984 786 883 983 881 983 987 782 996 883 984 685 988 680 776 783 883 783 680 787 785 988 890 686 987 988 684 785 988 987 975 783 783 782 789 988 983 885 980 682 991 784 672 985 1000 886 789 575 781 888 988 989 677 993 990 892 885 993 894 889 678 675 683 990 993 877 578 684 882 680 993 989 883 673 682 577 579 887 782 776 779 993 893 998 988 994 787 990 993 987 888 998 879 879 691 681 685 998 988 996 678 881 686 773 996 583 885 988 989 999 995 577 1001 891 981 893 882 585 991 993 891 681 681 993 684 990 997 992 886 783 684 681 685 580 890 998 783 899 887 996 992 682 892 690 882 982 682 684 687 895 891 692 889 1001 997 587 776 998 993 786 677 986 890 984 883 890 1000 993 1001 996 982 880 999 685 997 880 579 997 985 894 1001 993 983 983 902 875 892 994 892 986 986 992 893 578 896 880 685 683 896 894 990 886 589 890 1004 783 994 991 581 686 884 881 877 982 885 997 889 779 991 987 583 893 994 1002 895 785 891 781 693 693 682 897 790 995 1001 899 880 585 893 995 684 1000 995 892 688 881 890 688 890 999 781 679 889 890 999 994 888 680 690 986 783 997 989 997 992 995 685 1002 997 998 576 690 689 998 681 987 684 683 582 890 785 992 683 686 899 581 877 785 990 695 890 993 989 998 991 790 989 687 992 993 792 888 1000 899 988 897 787 885 895 996 986 898 895 683 788 997 992 995 584 793 790 994 885 898 993 794 689 987 896 786 688 990 986 897 893 997 985 900 890 895 993 902 999 1004 895 998 994 692 885 781 891 985 887 892 1002 995 1004 685 998 988 589 790 903 997 986 1001 985 991 892 887 1002 893 1005 891 881 998 999 1005 999 990 993 997 984 686 891 1005 891 991 892 997 994 890 896 1003 886 999 991 993 894 679 906 892 583 900 679 992 790 693 687 782 899 790 985 887 995 892 998 999 684 997 892 687 899 892 693 885 680 1004 996 684 785 893 997 996 1004 997 895 693 893 890 684 993 996 1005 1006 581 903 997 688 997 790 996 889 899 888 896 995 994 882 789 999 998 894 796 992 684 905 898 1002 999 897 996 899 887 997 894 894 994 894 996 1003 1001 990 992 994 901 988 894 1000 988 1000 888 897 1005 884 1000 997 998 898 1002 995 688 994 1005 894 896 683 993 992 580 894 989 888 689 1003 896 900 788 1001 689 1001 882 789 894 896 694 888 691 792 789 782 997 891 888 995 1009 994 898 1000 900 998 994 892 684 1001 1009 1000 994 680 890 688 900 585 995 685 898 999 897 995 790 1003 894 689 1011 991 898 690 894 900 905 896 790 888 1002 991 993 791 797 1002 995 793 785 896 583 690 1002 788 1005 897 995 896 689 996 992 893 689 909 990 1005 894 992 896 1004 990 889 895 793 900 685 688 893 999 1000 1005 1000 890 794 891 692 901 890 893 899 686 685 892 898 1001 789 899 899 895 897 891 901 684 1003 998 1012 1001 997 1008 892 891 889 686 584 893 895 899 898 999 1000 895 1004 899 787 894 787 1004 1001 797 902 991 1005 693 902 895 898 888 898 789 1003 890 988 1013 900 900 1008 908 896 891 904 894 1004 1005 790 687 1002 1003 997 1004 1000 999 698 900 1005 1000 689 690 795 1000 789 694 687 994 898 793 900 1003 901 694 901 897 1005 896 894 993 994 992 1004 895 1006 792 798 889 687 688 900 1004 796 790 890 1002 894 579 895 1011 1001 688 890 791 786 903 999 699 798 690 1006 1002 1001 1001 999 996 1009 905 1003 899 1008 903 790 692 892 901 995 995 783 1006 581 897 901 1001 584 993 1004 904 906 990 897 994 1012 897 797 692 691 894 900 890 994 991 999 997 1009 1007 896 795 1001 1009 903 1002 997 1000 995 896 902 998 1000 695 999 1004 1010 800 1004 1010 904 904 895 1003 995 897 794 891 687 1007 999 1008 694 1009 1000 1010 892 997 785 1001 895 691 789 790 793 799 907 1002 893 1002 1004 798 998 910 590 589 900 1007 1008 997 994 1005 792 793 997 897 890 887 894 1003 903 893 801 897 1010 1007 899 892 906 897 1003 1013 905 795 1009 1008 800 897 902 897 693 794 916 1005 900 1006 903 592 1008 692 903 893 798 997 1000 906 894 894 686 794 692 687 898 1014 1012 699 909 1005 901 901 898 907 996 586 1002 900 1007 1007 1012 1005 898 793 1000 900 1009 1007 902 998 1003 901 1002 901 897 1004 906 901 1004 904 1009 900 1003 1001 788 1015 902 903 793 693 692 1017 907 902 686 694 898 1000 1004 702 905 903 892 896 591 802 908 997 1010 903 898 1014 903 999 794 1011 907 903 593 904 1013 899 1006 1020 1014 1004 694 1016 904 1011 1003 798 901 903 897 1009 906 797 1005 799 1006 1000 901 1009 797 902 896 1010 907 794 800 1006 902 1000 1005 998 1010 692 696 898 897 796 896 692 795 802 999 590 588 908 588 1011 1003 701 1010 1008 1010 908 905 897 907 1011 1014 1004 692 1009 905 799 788 999 1017 1005 905 900 798 797 1011 802 797 907 913 1011 1010 1008 1004 694 1009 696 798 590 1004 1020 697 902 1006 1011 699 1008 692

Tree=0
num_leaves=8
num_cat=0
split_feature=3 15 6 6 17 6 2
split_gain=30.4633 25.8026 26.8044 22.8782 18.773 23.2879 13.5747
threshold=-0.6862225830554961 -0.46455255150794977 0.30415751039981848 1.0568927526474001 1.0990579724311831 -0.4026257842779159 -1.9367952346801756
decision_type=2 2 2 2 2 2 2
left_child=1 2 -1 -3 6 -6 -2
right_child=4 3 -4 -5 5 -7 -8
leaf_value=-1.2248524915851078 -0.89644230603870412 -0.85694640057220095 -0.72849035775745374 -1.2426968058006089 -0.72804442398087232 -1.0630624978981311 -1.1433007778944657
leaf_weight=37.302323490381241 14.746150255203245 84.432071343064308 8.535834848880766 11.108167693018911 14.92698687314987 117.77878640592098 400.85534699261189
leaf_count=134 43 260 25 42 43 353 1174
internal_value=-1.08115 -0.97657 -1.13242 -0.901797 -1.10812 -1.02538 -1.13454
internal_weight=689.686 141.378 45.8382 95.5402 548.307 132.706 415.601
internal_count=2074 461 159 302 1613 396 1217
is_linear=0
shrinkage=1


Tree=1
num_leaves=8
num_cat=0
split_feature=0 7 9 8 8 18 9
split_gain=34.4856 29.2569 21.6101 16.153 16.748 9.40063 7.28056
threshold=-1.0000000180025095e-35 0.91852781176567089 0.52116090059280407 -0.33895295858383173 0.21196247637271884 0.13776072114706042 -0.060836367309093468
decision_type=2 2 2 2 2 2 2
left_child=1 2 -1 6 -5 -3 -2
right_child=3 5 -4 4 -6 -7 -8
leaf_value=-1.3118687958300235 -1.1618228033006848 -1.0286048813361646 -1.1649144900389212 -1.0268328423805939 -1.1444668907732862 -0.64433145739605591 -1.3848412637921794
leaf_weight=114.75633758306503 29.504916101694107 25.188293874263767 144.15817502140999 218.89023092389107 119.45272648334503 4.846670687198638 13.679727703332899
leaf_count=405 103 70 446 610 373 7 60
internal_value=-1.13681 -1.20266 -1.23005 -1.08694 -1.06836 -0.966588 -1.23247
internal_weight=670.477 288.949 258.915 381.528 338.343 30.035 43.1846
internal_count=2074 928 851 1146 983 77 163
is_linear=0
shrinkage=1


Tree=2
num_leaves=7
num_cat=0
split_feature=2 16 8 15 10 16
split_gain=23.3966 17.5576 12.2063 6.79131 6.42474 4.06047
threshold=-1.436538517475128 2.8264164924621586 -0.019361221231520172 0.45842170715332037 0.79425942897796642 0.48453585803508764
decision_type=2 2 2 2 2 2
left_child=3 2 -2 5 -5 -1
right_child=1 -3 -4 4 -6 -7
leaf_value=-1.2735907953052792 -1.0288118308731122 -0.58346354586746596 -1.1001381972868227 -0.73511167338004713 -1.2111553649717681 -1.0978014315078186
leaf_weight=52.043644219636917 284.92855462431908 4.8286621868610373 331.35987439751625 3.4200868904590598 3.8446008563041687 10.00260481238365
leaf_count=118 912 23 968 15 11 27
internal_value=-1.07894 -1.0634 -1.06716 -1.21819 -0.987034 -1.24525
internal_weight=690.428 621.117 616.288 69.3109 7.26469 62.0462
internal_count=2074 1903 1880 171 26 145
is_linear=0
shrinkage=1


Tree=3
num_leaves=7
num_cat=0
split_feature=10 7 5 15 7 15
split_gain=15.9475 21.9464 22.0731 18.8515 6.27288 7.13042
threshold=-0.74336761236190785 -0.062736399471759782 -0.043095655739307397 4.6590611934661874 0.22351644188165667 0.11222059652209283
decision_type=2 2 2 2 2 2
left_child=4 2 -2 -3 5 -1
right_child=1 3 -4 -5 -6 -7
leaf_value=-0.20627252770980975 0.01569808518419057 -0.046963077071212472 0.16739477099935865 0.18978324866983556 0.16548860256799311 0.0056184754368787514
leaf_weight=39.303220823407173 193.73228780925274 322.74516366422176 89.559198573231697 23.006083741784096 4.3069833517074576 13.66642653942108
leaf_count=113 597 981 269 65 16 33
internal_value=-0.000109925 0.011513 0.0636554 -0.0312098 -0.127759 -0.151604
internal_weight=686.319 629.043 283.291 345.751 57.2766 52.9696
internal_count=2074 1912 866 1046 162 146
is_linear=0
shrinkage=0.252688


Tree=4
num_leaves=8
num_cat=0
split_feature=20 1 24 21 4 18 1
split_gain=20.5515 12.0262 11.6773 10.4908 9.20512 8.04147 4.36514
threshold=-0.41433502733707422 -0.23405906558036801 -0.29045155644416804 -0.62836474180221547 -0.83752316236495961 0.7650933861732484 -0.31381061673164362
decision_type=2 2 2 2 2 2 2
left_child=1 6 4 -4 -2 -3 -1
right_child=2 5 3 -5 -6 -7 -8
leaf_value=-0.010242496016456201 0.12460801226865208 -0.20099376792412288 0.12175091322870353 0.021180761770710425 -0.062739625719855488 -0.057062437507858485 0.31335322715775249
leaf_weight=5.2143412679433823 19.102769404649734 48.614310532808304 83.55455906689167 319.36113394796848 135.68463183939457 50.565760925412178 5.436562702059744
leaf_count=20 52 191 216 952 449 182 12
internal_value=-0.000301974 -0.100212 0.0193738 0.0420366 -0.0396181 -0.127613 0.154938
internal_weight=667.534 109.831 557.703 402.916 154.787 99.1801 10.6509
internal_count=2074 405 1669 1168 501 373 32
is_linear=0
shrinkage=0.252688


Tree=5
num_leaves=8
num_cat=0
split_feature=2 23 19 16 9 1 11
split_gain=17.5025 12.175 26.0133 11.3504 9.67804 13.9487 4.80403
threshold=-1.1777715682983396 -0.4661372303962707 1.0000000180025095e-35 2.8264164924621586 0.26419423520565039 -0.85426595807075489 -1.1793403029441831
decision_type=2 2 2 2 2 2 2
left_child=4 2 -2 -3 6 -6 -1
right_child=1 3 -4 -5 5 -7 -8
leaf_value=0.039265523480743907 0.27611242660134822 -0.00067746965441457276 -0.024243281703731832 0.37000359899060953 -0.046174120621248663 0.47856317972283291 -0.15958613228799395
leaf_weight=8.7185047566890699 33.827483102679253 508.9682549238205 40.400164186954498 5.3291586786508551 16.356410518288616 4.0313643515110007 70.354350388050079
leaf_count=27 137 1545 108 23 43 19 172
internal_value=0.000402657 0.0169714 0.112638 0.00316391 -0.0976367 0.0575941 -0.137661
internal_weight=687.986 588.525 74.2276 514.297 99.4606 20.3878 79.0729
internal_count=2074 1813 245 1568 261 62 199
is_linear=0
shrinkage=0.252688


Tree=6
num_leaves=8
num_cat=0
split_feature=0 6 23 9 6 3 16
split_gain=25.857 30.3595 18.1321 13.4231 12.7072 19.5154 9.07718
threshold=-1.0000000180025095e-35 1.0919036269187929 5.4771256446838388 2.6204532384872441 1.2363237142562868 0.020914083346724514 -0.45804709196090693
decision_type=2 2 2 2 2 2 2
left_child=1 3 -3 -1 6 -6 -2
right_child=4 2 -4 -5 5 -7 -8
leaf_value=0.10446933401138753 0.0028365884687631022 -0.18532057446226588 0.18518031634968485 -0.19664282819148862 -0.2329540377605186 0.23686986643923422 -0.084899387481883637
leaf_weight=238.47687558829784 109.60245442390442 44.499677926301956 10.405988678336142 9.8425919115543348 7.6132427304983166 21.832981765270233 240.54171444475651
leaf_count=706 321 154 28 40 26 61 738
internal_value=-8.00689e-05 0.0549369 -0.1151 0.0925338 -0.0440288 0.115396 -0.0574362
internal_weight=682.816 303.225 54.9057 248.319 379.59 29.4462 350.144
internal_count=2074 928 182 746 1146 87 1059
is_linear=0
shrinkage=0.252688


Tree=7
num_leaves=8
num_cat=0
split_feature=3 10 15 1 2 1 16
split_gain=18.5232 10.6928 10.0965 10.0008 8.44334 7.68717 4.63267
threshold=-0.40363705158233637 -0.66993919014930714 -0.33202211558818812 0.43565301597118383 0.73706930875778209 0.61234366893768322 1.3078675866127016
decision_type=2 2 2 2 2 2 2
left_child=4 3 -3 -2 5 -1 -6
right_child=1 2 -4 -5 6 -7 -8
leaf_value=-0.053364624255071498 0.13911473968821997 0.055236141979653416 -0.024198246056308024 -0.17405470100769491 0.11093107833664048 -0.17788793976060291 -0.13442941444812545
leaf_weight=82.415604993700981 69.943138554692268 170.71227161586285 254.46192422509193 7.1787883490324012 20.83862125873566 51.394078552722931 6.4289618432521811
leaf_count=289 168 479 822 24 61 204 27
internal_value=-0.000513464 0.0233977 0.00769559 0.109963 -0.0750767 -0.101192 0.0530801
internal_weight=663.373 502.296 425.174 77.1219 161.077 133.81 27.2676
internal_count=2074 1493 1301 192 581 493 88
is_linear=0
shrinkage=0.252688


Tree=8
num_leaves=8
num_cat=0
split_feature=2 23 23 17 17 15 8
split_gain=12.9459 8.29725 33.4478 18.2907 6.90241 4.28971 3.34511
threshold=-1.436538517475128 1.950252413749695 3.5680348873138432 0.6956462860107423 0.11320078000426294 -0.55010786652564991 1.9855945110321047
decision_type=2 2 2 2 2 2 2
left_child=4 3 -3 -2 5 -1 -6
right_child=1 2 -4 -5 6 -7 -8
leaf_value=-0.038088294607259397 0.024836673887722774 0.44129956045303292 -0.012831924094602355 -0.089792760584150727 0.22631234079010104 -0.19813894529711742 -0.049945148510121468
leaf_weight=15.349710524082182 458.50256624817848 14.0596926510334 39.301926493644714 110.25236929953098 4.8743480890989286 35.243925303220749 6.570821613073349
leaf_count=42 1408 64 119 312 19 90 20
internal_value=0.000577782 0.0115545 0.106826 0.00261585 -0.109494 -0.149582 0.0677142
internal_weight=684.155 622.117 53.3616 568.755 62.0388 50.5936 11.4452
internal_count=2074 1903 183 1720 171 132 39
is_linear=0
shrinkage=0.252688


Tree=9
num_leaves=8
num_cat=0
split_feature=0 6 15 17 6 16 8
split_gain=15.6705 20.7723 17.1699 13.8902 10.3904 7.86627 2.29427
threshold=-1.0000000180025095e-35 1.1137854456901553 4.6590611934661874 1.519483268260956 -0.59956228733062733 -0.43635150790214533 5.1960594654083261
decision_type=2 2 2 2 2 2 2
left_child=1 4 -3 5 -1 -2 -5
right_child=3 2 -4 6 -6 -7 -8
leaf_value=-0.039469282496287637 0.0059243020457642641 -0.20720733592312635 0.14164522252035402 0.37060396253233752 0.093043265400286415 -0.072231457429569712 0.14346378888461164
leaf_weight=45.879619613289833 127.99079519510269 33.845316886901855 12.275483489036558 4.7083498388528806 214.05922141671181 229.97033400833607 7.1549950689077377
leaf_count=142 374 130 32 13 624 740 19
internal_value=-0.000369127 0.0419254 -0.114356 -0.0353713 0.0696546 -0.0442865 0.233624
internal_weight=675.884 306.06 46.1208 369.824 259.939 357.961 11.8633
internal_count=2074 928 162 1146 766 1114 32
is_linear=0
shrinkage=0.252688


Tree=10
num_leaves=8
num_cat=0
split_feature=7 10 0 3 3 3 3
split_gain=19.5974 13.6618 10.6536 6.86403 6.52977 9.33081 8.20669
threshold=1.0309869647026064 -0.58754032850265492 -1.0000000180025095e-35 -0.70028188824653614 0.7857116460800172 1.1265262365341189 0.71104702353477489
decision_type=2 2 2 2 2 2 2
left_child=1 2 -1 -3 6 -6 -2
right_child=4 3 -4 -5 5 -7 -8
leaf_value=-0.10753917499409095 0.13045023760852653 -0.090881094167179044 0.098076913750537162 -0.017475758148819763 -0.11475106563702984 0.15412430213740091 0.43599448706806715
leaf_weight=19.335616275668144 16.604851976037029 103.79621224105358 95.835157006978989 375.91489642858505 12.166304424405096 25.541163727641106 8.4791466146707517
leaf_count=72 41 412 237 1209 36 56 11
internal_value=-0.000424201 -0.0145956 0.0635564 -0.0333587 0.133834 0.0673713 0.23374
internal_weight=657.673 594.882 115.171 479.711 62.7915 37.7075 25.084
internal_count=2074 1930 309 1621 144 92 52
is_linear=0
shrinkage=0.252688


Tree=11
num_leaves=8
num_cat=0
split_feature=7 4 11 18 16 21 7
split_gain=12.5019 24.4122 15.7684 11.4446 2.49125 3.6007 3.08481
threshold=1.0309869647026064 1.786938548088074 0.69705823063850414 1.5439078211784365 0.72948911786079418 1.5043854117393496 1.1448020935058596
decision_type=2 2 2 2 2 2 2
left_child=1 3 -3 -1 6 -6 -2
right_child=4 2 -4 -5 5 -7 -8
leaf_value=-0.0066888985774524222 -0.048138395221159834 0.41032001926917333 -0.060250512617445878 0.14625526270584549 0.085708598151054916 -0.13244537144620719 -0.19703600318130884
leaf_weight=565.49092201888561 13.44188019633293 15.564515158534052 6.4229226857423773 33.065582394599915 8.6278672665357607 10.976045504212378 26.204664990305901
leaf_count=1720 35 70 18 122 26 23 60
internal_value=0.000777404 0.0113662 0.27286 0.00176019 -0.11012 -0.036434 -0.146555
internal_weight=679.794 620.544 21.9874 598.557 59.2505 19.6039 39.6465
internal_count=2074 1930 88 1842 144 49 95
is_linear=0
shrinkage=0.252688


Tree=12
num_leaves=8
num_cat=0
split_feature=6 22 23 20 23 3 17
split_gain=10.1809 23.8072 18.0231 13.6786 13.1222 9.02809 3.83592
threshold=0.065645502880215659 0.84076648950576793 0.8963894546031953 0.593804031610489 0.43900236487388616 0.068744193762540831 1.4209135770797732
decision_type=2 2 2 2 2 2 2
left_child=2 4 3 -1 -2 -3 -4
right_child=1 5 6 -5 -6 -7 -8
leaf_value=-0.065115560534171738 0.075171461644077189 -0.13799687161943247 0.32724835597453006 0.080315455359322219 0.34002810298937702 -0.0023232882261363433 0.052396577131056901
leaf_weight=276.95615620166063 163.33553682267666 44.359104067087173 10.225248754024504 48.530352339148521 12.88595527410507 106.50803130865097 4.7478006035089484
leaf_count=888 478 152 27 146 34 336 13
internal_value=-0.00037481 0.0314625 -0.0309618 -0.0434316 0.0945397 -0.0422154 0.240101
internal_weight=667.548 327.089 340.46 325.487 176.221 150.867 14.973
internal_count=2074 1000 1074 1034 512 488 40
is_linear=0
shrinkage=0.252688


Tree=13
num_leaves=7
num_cat=0
split_feature=7 24 9 1 6 17
split_gain=10.6695 9.50156 8.99563 4.30184 4.05515 4.01332
threshold=1.0309869647026064 3.24232029914856 0.92555055022239696 -2.244464516639709 1.3282274603843691 1.3292229175567629
decision_type=2 2 2 2 2 2
left_child=1 2 -1 -2 -3 -5
right_child=3 4 -4 5 -6 -7
leaf_value=-0.017650984284820918 -0.10662791938436447 -0.17189404650230244 0.070034179383335018 0.15335559119879646 0.12078834802130828 -0.0035755891866558593
leaf_weight=463.01385968923569 6.0346350520849219 29.987701863050461 89.076207511126995 45.38511361181736 3.3610423505306235 13.500389382243155
leaf_count=1501 15 126 294 91 9 38
internal_value=-0.000637573 -0.0114154 -0.00350349 0.096554 -0.142395 0.117377
internal_weight=650.359 585.439 552.09 64.9201 33.3487 58.8855
internal_count=2074 1930 1795 144 135 129
is_linear=0
shrinkage=0.252688


Tree=14
num_leaves=6
num_cat=0
split_feature=20 7 12 16 19
split_gain=7.9143 7.32192 10.4679 3.0952 3.07787
threshold=-3.5437908172607417 1.1844155192375185 1.0541478395462038 0.6337409019470216 -0.76850017905235279
decision_type=2 2 2 2 2
left_child=4 2 -2 -3 -1
right_child=1 3 -4 -5 -6
leaf_value=0.44327700624082883 -0.010689177463450385 -0.1886970896325656 0.075718205762681373 -0.013214417373107055 0.098040662101012824
leaf_weight=3.4082017838954926 533.11948777735233 18.425366863608364 107.58621624112129 9.8480604887008649 3.1945001184940329
leaf_count=16 1626 47 349 25 11
internal_value=0.000984125 -0.00173308 0.00382025 -0.127575 0.276267
internal_weight=675.582 668.979 640.706 28.2734 6.6027
internal_count=2074 2047 1975 72 27
is_linear=0
shrinkage=0.252688


Tree=15
num_leaves=8
num_cat=0
split_feature=0 6 23 10 6 10 2
split_gain=8.55187 13.7751 12.0307 10.0627 10.0011 8.31001 4.56978
threshold=-1.0000000180025095e-35 1.035010874271393 6.1224839687347421 -0.64692616462707508 0.076586410403251662 -0.67751550674438465 -0.4101309180259704
decision_type=2 2 2 2 2 2 2
left_child=1 5 -3 6 -5 -1 -2
right_child=3 2 -4 4 -6 -7 -8
leaf_value=0.29155350807304115 -0.060629099849923485 -0.12171552236183446 0.19513484580026219 -0.043383541754274106 0.052515168934888612 0.048942464120408626 -0.19633381683878298
leaf_weight=9.3795558065175992 38.811266660690308 52.558595731854439 8.9548335224390012 180.80153974890709 112.73096624016762 231.41130089014769 26.775307819247246
leaf_count=27 107 197 24 609 337 680 93
internal_value=-0.000185875 0.0311305 -0.0755886 -0.0265478 -0.00655367 0.0583935 -0.116031
internal_weight=661.423 302.304 61.5134 359.119 293.533 240.791 65.5866
internal_count=2074 928 221 1146 946 707 200
is_linear=0
shrinkage=0.252688


Tree=16
num_leaves=8
num_cat=0
split_feature=8 2 2 10 2 4 1
split_gain=7.60937 9.00913 10.5415 6.86764 5.10108 6.90687 5.17329
threshold=-0.33895295858383173 0.56787192821502697 0.11418353021144868 -0.085401460528373704 0.74661657214164745 0.1407440006732941 0.71072274446487438
decision_type=2 2 2 2 2 2 2
left_child=4 2 -2 -3 6 -6 -1
right_child=1 3 -4 -5 5 -7 -8
leaf_value=-0.050429917583188308 9.313914849435519e-05 -0.18840102290039162 0.085359728467891888 0.01667604416984475 -0.13403093210772996 0.182415895025171 -0.18893942069110781
leaf_weight=81.330317005515099 357.28276161849499 23.987380422651768 124.95797130465508 18.442864686250687 7.0564576834440258 11.714385122060774 21.841369986534119
leaf_count=331 1045 100 360 60 32 35 111
internal_value=-0.00084943 0.0123657 0.0221874 -0.0992624 -0.0577087 0.0634546 -0.0797531
internal_weight=646.614 524.671 482.241 42.4302 121.943 18.7708 103.172
internal_count=2074 1565 1405 160 509 67 442
is_linear=0
shrinkage=0.252688


Tree=17
num_leaves=7
num_cat=0
split_feature=13 5 13 1 20 9
split_gain=11.1178 29.429 11.1154 13.0274 7.57723 7.1687
threshold=-1.0263156890869138 0.78287175297737133 -0.59941518306732167 0.96104153990745556 0.048077698796987541 1.3219918608665469
decision_type=2 2 2 2 2 2
left_child=1 5 3 -2 -4 -1
right_child=2 -3 4 -5 -6 -7
leaf_value=0.39507315761249334 -0.12113559894513247 -0.18375473740166354 0.032677689802186355 0.25601844631012749 -0.026640442276184107 -0.015050569139559164
leaf_weight=16.975398465991027 76.754957512021065 11.032941803336142 313.48564004898071 6.3295062184333792 244.93102030456066 3.2407869249582282
leaf_count=75 197 22 1016 26 729 9
internal_value=0.000999177 0.148177 -0.00617036 -0.0924019 0.00665975 0.329329
internal_weight=672.75 31.2491 641.501 83.0845 558.417 20.2162
internal_count=2074 106 1968 223 1745 84
is_linear=0
shrinkage=0.252688


Tree=18
num_leaves=8
num_cat=0
split_feature=4 8 10 8 15 8 24
split_gain=6.99493 10.9581 10.4316 8.84938 7.23814 7.19965 3.47894
threshold=0.50740572810173046 0.043848119676113136 -0.36733645200729365 -0.48762819170951838 0.99737221002578746 -0.31032371520996088 0.74257579445838939
decision_type=2 2 2 2 2 2 2
left_child=2 6 3 -1 -3 -4 -2
right_child=1 4 5 -5 -6 -7 -8
leaf_value=0.12998250341450898 -0.19730280231563785 -0.071163673702722266 -0.011127213501340589 -0.057063989384643736 0.070948617917934095 0.064618549654788388 0.056297409072629492
leaf_weight=18.015238285064697 32.490242511034012 50.335230574011803 123.63593074679375 155.97815489023924 41.959789961576462 227.66628121584654 3.8645683676004401
leaf_count=50 111 156 408 506 121 710 12
internal_value=-3.24744e-05 -0.0528407 0.0129008 -0.0376969 -0.00655557 0.0379609 -0.170344
internal_weight=653.945 128.65 525.296 173.993 92.295 351.302 36.3548
internal_count=2074 400 1674 556 277 1118 123
is_linear=0
shrinkage=0.252688


Tree=19
num_leaves=8
num_cat=0
split_feature=9 21 18 18 6 13 14
split_gain=8.01285 8.26321 8.20643 7.58318 13.0637 9.78471 0.950344
threshold=1.0215395689010622 2.0181746482849126 1.2815588116645815 -0.31339193880558008 -0.070021864026784883 -0.66959059238433827 -0.25694442540407175
decision_type=2 2 2 2 2 2 2
left_child=3 2 -2 4 -1 -5 -3
right_child=1 6 -4 5 -6 -7 -8
leaf_value=0.17888085362542527 0.12400055589302864 -0.035618170240731391 -0.078655137887338286 0.03500707712467984 -0.001424850515877131 -0.065997210284406832 -0.22104987576957322
leaf_weight=29.375518515706062 73.136849746108055 2.454690158367157 15.454309716820715 83.674503788352013 202.692791685462 228.40862306952477 6.2803239524364454
leaf_count=61 205 8 63 238 589 874 36
internal_value=-0.00124946 0.0655281 0.088648 -0.0131933 0.0213988 -0.0389163 -0.168946
internal_weight=641.478 97.3262 88.5912 544.151 232.068 312.083 8.73501
internal_count=2074 312 268 1762 650 1112 44
is_linear=0
shrinkage=0.252688


Tree=20
num_leaves=8
num_cat=0
split_feature=2 8 5 8 17 18 23
split_gain=8.69473 10.9506 9.6086 13.788 8.21407 4.33932 3.5382
threshold=-1.1777715682983396 -0.3454314917325973 -1.3552751541137693 -0.025907228700816628 0.11320078000426294 0.54280999302864086 0.69129872322082531
decision_type=2 2 2 2 2 2 2
left_child=1 5 6 -4 -3 -1 -2
right_child=2 4 3 -5 -6 -7 -8
leaf_value=0.42904724992894855 -0.13809121267038127 -0.1381529588282473 0.067051160308321922 -0.014227717401290771 0.061359362562373752 0.023685929054639197 0.1158043827477019
leaf_weight=3.5512093752622595 33.431194946169853 65.418852210044861 235.37422148883343 307.18885052204132 16.498893871903419 3.210386648774147 3.9146247804164878
leaf_count=16 97 181 772 931 54 10 13
internal_value=0.00123057 -0.072458 0.012499 0.0210326 -0.0979694 0.2366 -0.111476
internal_weight=668.588 88.6793 579.909 542.563 81.9177 6.7616 37.3458
internal_count=2074 261 1813 1703 235 26 110
is_linear=0
shrinkage=0.252688


Tree=21
num_leaves=7
num_cat=0
split_feature=2 20 11 12 9 24
split_gain=7.67303 6.65539 8.94481 6.48858 5.20915 4.51656
threshold=-1.586406350135803 13.386305809020998 1.0883936882019045 0.67125642299652111 0.18740395456552508 0.069075964391231551
decision_type=2 2 2 2 2 2
left_child=3 2 -2 4 -1 -5
right_child=1 -3 -4 5 -6 -7
leaf_value=0.21646175725523945 -0.00970419759802023 -0.3115906762976835 0.20938589581983794 -0.19955802815862531 -0.048683313568891447 0.0811703170195682
leaf_weight=24.936725065112118 586.85756143182516 4.5626065582036963 12.144259035587309 6.2947075664997092 5.8387260735034934 8.7390790432691556
leaf_count=66 1900 13 35 21 18 21
internal_value=-1.08577e-05 -0.00757809 -0.00526215 0.0996909 0.166158 -0.0363746
internal_weight=649.374 603.564 599.002 45.8092 30.7755 15.0338
internal_count=2074 1948 1935 126 84 42
is_linear=0
shrinkage=0.252688


Tree=22
num_leaves=8
num_cat=0
split_feature=9 24 24 7 7 9 24
split_gain=5.8001 13.3725 9.69442 7.09722 7.78349 5.74945 1.79543
threshold=1.2128003835678103 2.3228778839111333 -0.033040521666407578 -0.97743287682533253 0.43087834119796758 -0.54356878995895375 -0.29045155644416804
decision_type=2 2 2 2 2 2 2
left_child=1 2 -1 6 -5 -3 -2
right_child=3 5 -4 4 -6 -7 -8
leaf_value=-0.036472506144029963 -0.022360230816560852 0.087881851359899205 0.033095305163588308 0.15797759776004686 -0.01270623569080786 -0.19372938985432564 -0.21723392229882343
leaf_weight=242.70142146199942 6.1288898289203644 5.3822156488895407 270.39606478065252 43.510968141257763 28.060570724308491 33.068815134465694 5.9486492872238141
leaf_count=844 27 17 797 118 88 152 31
internal_value=-0.00117865 -0.0105821 0.000188868 0.0608236 0.0910591 -0.15431 -0.118348
internal_weight=635.198 551.549 513.097 83.6491 71.5715 38.451 12.0775
internal_count=2074 1810 1641 264 206 169 58
is_linear=0
shrinkage=0.252688


Tree=23
num_leaves=8
num_cat=0
split_feature=2 5 5 19 9 1 1
split_gain=6.45143 7.38172 7.98557 7.87416 5.75129 9.47934 3.01493
threshold=-1.1777715682983396 -1.3552751541137693 0.14064934104681018 -1.5614286065101621 0.26419423520565039 -1.631294250488281 -1.4107555150985716
decision_type=2 2 2 2 2 2 2
left_child=4 3 -3 -2 6 -6 -1
right_child=1 2 -4 -5 5 -7 -8
leaf_value=-0.011585837744240475 0.15111961377824515 0.046474258489453281 -0.014993323864374184 -0.1551334946602968 -0.12337918552119188 0.23141944310632834 -0.13284088639952524
leaf_weight=18.05907516181469 6.5424549132585517 291.77719117701054 251.0837364345789 29.664543941617012 9.4260998666286486 9.8135163038969022 47.616088718175888
leaf_count=62 24 941 762 86 22 40 137
internal_value=0.00113818 0.0106763 0.0180443 -0.0997934 -0.0639056 0.0575936 -0.0994991
internal_weight=663.983 579.068 542.861 36.207 84.9148 19.2396 65.6752
internal_count=2074 1813 1703 110 261 62 199
is_linear=0
shrinkage=0.252688


Tree=24
num_leaves=8
num_cat=0
split_feature=13 12 3 3 3 21 20
split_gain=8.06502 7.09123 11.3745 4.2503 3.60023 1.46051 1.00338
threshold=-1.0204677581787107 0.47399897873401647 0.28819268941879278 0.82602789998054515 0.70221230387687694 0.56826847791671764 0.16195746511220935
decision_type=2 2 2 2 2 2 2
left_child=4 2 -2 -3 6 -6 -1
right_child=1 3 -4 -5 5 -7 -8
leaf_value=-0.073865693466475313 0.0015702084219882896 -0.064116664568594134 0.099286235374925993 0.02401904991302525 -0.092221920432526791 0.096380268949749562 -0.22990094002646594
leaf_weight=3.2169645726680818 351.4526744261384 118.52932457625866 97.070306956768036 49.538154348731041 6.5823060721158964 4.3563372194766998 14.47279880940914
leaf_count=11 1102 427 287 145 23 9 70
internal_value=4.26597e-05 0.00613014 0.0227182 -0.0381385 -0.131065 -0.0171096 -0.201528
internal_weight=645.219 616.59 448.523 168.067 28.6284 10.9386 17.6898
internal_count=2074 1961 1389 572 113 32 81
is_linear=0
shrinkage=0.252688


Tree=25
num_leaves=8
num_cat=0
split_feature=19 2 23 21 2 2 9
split_gain=5.15313 8.17593 8.19302 7.55296 7.07749 7.32826 7.21237
threshold=0.54376906156539928 -0.3753810822963714 1.7343411445617678 -0.36260287463665003 -1.1949508786201475 -1.586406350135803 0.92555055022239696
decision_type=2 2 2 2 2 2 2
left_child=4 3 -3 -2 5 -1 -6
right_child=1 2 -4 -5 6 -7 -8
leaf_value=-0.046646664437761248 0.11854422478955147 0.10477293715963418 -0.11307974548054014 -0.078695870170957707 -0.046346553326074687 0.12178179229677628 0.038330027694878442
leaf_weight=26.369123861193657 16.228338032960892 94.964783445000648 12.469637930393217 52.493175528943539 303.4364365413785 44.04501636326313 81.471771530807018
leaf_count=68 35 229 51 169 1153 96 273
internal_value=-0.000750713 0.035948 0.0794869 -0.0321178 -0.0149488 0.0587078 -0.0284234
internal_weight=631.478 176.156 107.434 68.7215 455.322 70.4141 384.908
internal_count=2074 484 280 204 1590 164 1426
is_linear=0
shrinkage=0.252688


Tree=26
num_leaves=8
num_cat=0
split_feature=18 6 15 6 6 7 12
split_gain=5.87069 6.36846 10.0949 9.76963 6.02626 4.62193 3.88894
threshold=1.5439078211784365 0.85557988286018383 4.5103371143341073 0.10722105577588083 -0.68052509427070607 0.41263797879219061 0.29077939689159399
decision_type=2 2 2 2 2 2 2
left_child=1 3 -3 -1 6 -6 -2
right_child=4 2 -4 -5 5 -7 -8
leaf_value=0.0054623593281011764 0.33755781363798115 0.070343369471288497 -0.10418395244478218 -0.072382878927970476 0.073405156428147961 -0.23557331185847832 0.087791030532180347
leaf_weight=326.559141471982 8.1979528367519361 124.34636873006821 25.500649780035019 150.32567037642002 13.082214802503588 4.0471364706754676 7.7376459240913382
leaf_count=1006 35 411 77 458 48 11 28
internal_value=0.000676774 -0.00479804 0.0406424 -0.0190764 0.104448 0.000397997 0.216289
internal_weight=659.797 626.732 149.847 476.885 33.065 17.1294 15.9356
internal_count=2074 1952 488 1464 122 59 63
is_linear=0
shrinkage=0.252688


Tree=27
num_leaves=6
num_cat=0
split_feature=11 11 0 23 12
split_gain=6.22175 6.86357 10.3514 6.09936 0.00586992
threshold=-1.3154522180557249 0.43393240869045263 -1.0000000180025095e-35 0.8590436875820161 0.37624990940094
decision_type=2 2 2 2 2
left_child=4 2 -2 -3 -1
right_child=1 3 -4 -5 -6
leaf_value=-0.23363705945809912 0.056246431211579684 -0.15619018113382671 -0.017045085552326981 -0.0213780756397366 -0.21896361770515238
leaf_weight=4.3100774288177481 225.74194920808077 26.633616700768471 270.46555107086897 109.64285591989756 3.3035041093826294
leaf_count=15 677 93 918 359 12
internal_value=-0.000230354 0.00250303 0.0162978 -0.047726 -0.227286
internal_weight=640.098 632.484 496.208 136.276 7.61358
internal_count=2074 2047 1595 452 27
is_linear=0
shrinkage=0.252688


Tree=28
num_leaves=7
num_cat=0
split_feature=7 10 12 19 1 19
split_gain=5.53078 6.77541 10.0942 7.45682 3.55912 3.90576
threshold=1.0309869647026064 -0.24402727186679837 1.4501897692680361 0.47759969532489782 0.18272411823272708 0.97176402807235729
decision_type=2 2 2 2 2 2
left_child=1 2 -1 -3 5 -2
right_child=4 3 -4 -5 -6 -7
leaf_value=0.03334285129114202 0.0077627495691477378 -0.06295418942799956 -0.2408806446790564 0.016881672172613979 0.2553643544566318 0.14930002671845211
leaf_weight=236.66985509544611 40.762850746512413 195.93086834996939 8.8925319761037809 120.73071278631687 5.9961546659469596 17.921982318162918
leaf_count=726 102 796 44 364 10 32
internal_value=-3.80375e-05 -0.00808833 0.0234119 -0.0325159 0.0699367 0.0509883
internal_weight=626.905 562.224 245.562 316.662 64.681 58.6848
internal_count=2074 1930 770 1160 144 134
is_linear=0
shrinkage=0.252688


Tree=29
num_leaves=8
num_cat=0
split_feature=23 15 18 20 11 11 20
split_gain=6.49865 17.0952 15.2623 11.9141 9.89815 6.81802 2.97452
threshold=1.950252413749695 4.5103371143341073 0.20801312476396563 11.755286693573 0.71930575370788585 0.41354462504386907 -0.11456899344921111
decision_type=2 2 2 2 2 2 2
left_child=4 3 -3 -2 5 -1 -6
right_child=1 2 -4 -5 6 -7 -8
leaf_value=-0.010459278989786771 0.30626694667234489 -0.13121709839690163 0.45339337694831 -0.075398540444934312 -0.02708160076213106 0.078033794668825249 -0.22468791161829738
leaf_weight=512.80891385674477 22.298721522092823 23.973790138959888 3.2357666939496985 6.8191596120595923 6.8407502621412304 62.350095152854919 16.832010194659233
leaf_count=1606 93 73 15 19 21 208 39
internal_value=0.000261458 0.0823179 -0.0616876 0.216884 -0.00745702 -0.000866125 -0.167587
internal_weight=655.159 56.3274 27.2096 29.1179 598.832 575.159 23.6728
internal_count=2074 200 88 112 1874 1814 60
is_linear=0
shrinkage=0.252688


Tree=30
num_leaves=7
num_cat=0
split_feature=1 5 5 6 8 13
split_gain=5.98665 6.67946 13.927 10.688 0.930304 0.144066
threshold=1.1284313797950747 0.2109564691781998 1.1196945905685427 0.10722105577588083 0.61491388082504284 -0.87426894903182972
decision_type=2 2 2 2 2 2
left_child=1 3 -3 -1 5 -2
right_child=4 2 -4 -5 -6 -7
leaf_value=-0.063656867354178609 -0.20840489267785667 0.069778457641148123 -0.071220308527309747 0.021636902432110309 -0.088219592734971514 -0.28692136202266078
leaf_weight=174.92376668006182 5.4551145061850548 185.19824173301458 58.972283273935318 202.28448238223791 4.8747761100530624 2.0621423497796041
leaf_count=614 37 561 209 634 11 8
internal_value=-0.000306729 0.00316153 0.0357242 -0.0179166 -0.17421 -0.229962
internal_weight=633.771 621.379 244.171 377.208 12.392 7.51726
internal_count=2074 2018 770 1248 56 45
is_linear=0
shrinkage=0.252688


Tree=31
num_leaves=8
num_cat=0
split_feature=9 21 13 9 14 5 9
split_gain=4.11374 7.71658 6.51397 5.86709 5.76659 1.69552 0.720286
threshold=0.92555055022239696 2.0181746482849126 1.0497075915336611 0.77507686614990245 1.1597222089767458 1.3106144666671755 3.2552540302276616
decision_type=2 2 2 2 2 2 2
left_child=3 2 -2 4 -1 -5 -3
right_child=1 6 -4 5 -6 -7 -8
leaf_value=0.0018033164683399334 0.078970047247270692 -0.22361364917914942 -0.24328717755248899 -0.22323345221326413 -0.10950659366000283 0.018218778848852424 -0.064321678970788443
leaf_weight=469.33526880294085 94.338671758770943 6.4867011085152608 4.1821237578988066 10.33328293263912 31.726445645093918 2.2636866122484198 2.5161062553524971
leaf_count=1543 275 36 21 55 123 9 12
internal_value=-0.000118606 0.044826 0.0652893 -0.00952684 -0.00524476 -0.179845 -0.179101
internal_weight=621.182 107.524 98.5208 513.659 501.062 12.597 9.00281
internal_count=2074 344 296 1730 1666 64 48
is_linear=0
shrinkage=0.252688


Tree=32
num_leaves=8
num_cat=0
split_feature=7 12 2 11 18 1 12
split_gain=4.42168 4.69702 11.3702 5.34896 2.22118 2.91196 0.639679
threshold=1.1844155192375185 1.0541478395462038 0.45712885260581976 0.84380444884300243 -0.26234915852546686 1.0000000180025095e-35 2.9869939088821416
decision_type=2 2 2 2 2 2 2
left_child=1 3 -3 -1 6 -6 -2
right_child=4 2 -4 -5 5 -7 -8
leaf_value=-0.011675420759012631 -0.21939606934479922 0.032405986972120757 0.38571057835121814 0.099350902209288897 -0.11527283424537343 0.14986622020038218 -0.10597669673922507
leaf_weight=488.23369432985783 8.0295625030994433 100.67433345317841 6.1722623705863944 29.373159795999527 7.6404672116041166 4.0445374995470047 5.2545486092567435
leaf_count=1535 20 320 29 118 20 13 19
internal_value=0.000412787 0.00458215 0.0528173 -0.0053748 -0.103857 -0.0234974 -0.174539
internal_weight=649.423 624.453 106.847 517.607 24.9691 11.685 13.2841
internal_count=2074 2002 349 1653 72 33 39
is_linear=0
shrinkage=0.252688


Tree=33
num_leaves=6
num_cat=0
split_feature=11 2 15 10 12
split_gain=4.90452 4.77264 5.8517 4.27032 0.00675188
threshold=-1.3154522180557249 -1.6691988110542295 -0.56713867187499989 1.1288967728614809 0.37624990940094
decision_type=2 2 2 2 2
left_child=4 3 -3 -2 -1
right_child=1 2 -4 -5 -6
leaf_value=-0.22223817989379641 0.058504966719636335 0.25150024602481497 -0.0054323354464018625 0.31739230604402924 -0.20543133550673032
leaf_weight=3.9468975663185111 28.369788981974125 5.7147329300642005 584.76289039105177 4.7488651126623145 2.7329433262348175
leaf_count=15 80 16 1937 14 12
internal_value=-1.71736e-05 0.00228992 -0.00294548 0.0956312 -0.215379
internal_weight=630.276 623.596 590.478 33.1187 6.67984
internal_count=2074 2047 1953 94 27
is_linear=0
shrinkage=0.252688


Tree=34
num_leaves=8
num_cat=0
split_feature=17 17 9 1 1 18 3
split_gain=3.35084 7.22743 6.89673 6.55373 5.37459 4.79447 0.0264939
threshold=-0.34649430215358729 -0.33901354670524592 -0.59322282671928395 0.090372376143932356 -0.42965376377105707 -0.3122942298650741 -0.6862225830554961
decision_type=2 2 2 2 2 2 2
left_child=3 2 -2 4 -1 -3 -5
right_child=1 5 -4 6 -6 -7 -8
leaf_value=-0.066989158261240855 -0.036320050137868959 0.042793702954526509 0.23661820007921563 -0.23245212222330319 0.062271361720287438 -0.013800624996152599 -0.26195249582147889
leaf_weight=58.365573957562447 9.2234768122434634 129.76416103541851 16.460101619362831 6.8203397989273071 31.690866351127625 362.80823478847742 2.7890414446592313
leaf_count=178 27 376 37 29 83 1333 11
internal_value=-0.000237407 0.0079227 0.138602 -0.0426693 -0.0215023 0.00110871 -0.241028
internal_weight=617.922 518.256 25.6836 99.6658 90.0564 492.572 9.60938
internal_count=2074 1773 64 301 261 1709 40
is_linear=0
shrinkage=0.252688


Tree=35
num_leaves=7
num_cat=0
split_feature=13 5 13 3 14 18
split_gain=6.62455 16.3435 6.97672 9.13463 8.20869 3.28567
threshold=-1.0204677581787107 0.82945460081100475 -0.59941518306732167 -0.15218403190374372 1.0347222089767458 1.3649835586547854
decision_type=2 2 2 2 2 2
left_child=1 5 3 -2 -4 -1
right_child=2 -3 4 -5 -6 -7
leaf_value=0.29892920087908281 0.12381889902588528 -0.19220132170561791 -0.0043380283046560806 -0.11841887961366082 0.11734298193786526 0.11155744260653941
leaf_weight=13.571293070912363 11.870832271873949 8.4191585481166822 501.89721444249153 61.089828684926033 38.085168480873108 10.678236201405523
leaf_count=56 46 18 1612 170 133 39
internal_value=0.000243992 0.111115 -0.0056653 -0.0790057 0.00424428 0.216425
internal_weight=645.612 32.6687 612.943 72.9607 539.982 24.2495
internal_count=2074 113 1961 216 1745 95
is_linear=0
shrinkage=0.252688


Tree=36
num_leaves=8
num_cat=0
split_feature=13 5 5 4 3 18 16
split_gain=4.76315 5.20815 8.73263 8.72242 2.6888 9.30487 0.771338
threshold=-1.0204677581787107 -0.13127781450748441 1.1196945905685427 0.49266557395458227 0.70221230387687694 1.0279912352561953 1.4011259078979494
decision_type=2 2 2 2 2 2 2
left_child=4 3 -3 -2 6 -6 -1
right_child=1 2 -4 -5 5 -7 -8
leaf_value=-0.2110274583198779 -0.0061360264949897421 0.043442490315100904 -0.064489086113198202 -0.15303845224316762 -0.22300257997727763 0.25754149782894392 -0.069445547238465868
leaf_weight=11.164281547069551 235.1565161421895 281.22490597516298 57.681949518620968 28.988542087376118 5.8372971564531309 4.5997302979230881 3.151112161576747
leaf_count=69 768 867 213 113 18 14 12
internal_value=-0.00011815 0.00434103 0.0250725 -0.0222581 -0.108756 -0.0112183 -0.179866
internal_weight=627.804 603.052 338.907 264.145 24.7524 10.437 14.3154
internal_count=2074 1961 1080 881 113 32 81
is_linear=0
shrinkage=0.252688


Tree=37
num_leaves=5
num_cat=0
split_feature=4 3 21 19
split_gain=4.27662 4.12224 9.29025 6.82169
threshold=-2.2395718097686763 -0.38418330252170557 -0.050534563139080994 -1.0064441561698911
decision_type=2 2 2 2
left_child=-1 2 -2 -3
right_child=1 3 -4 -5
leaf_value=0.1833322299945577 -0.16120891595124329 -0.25988087773533491 -0.0037383067999459041 0.011809629750347805
leaf_weight=8.0205097794532758 31.730507574975491 5.9749227017164221 97.203969165682793 472.40590783208609
leaf_count=18 145 29 434 1448
internal_value=2.90013e-05 -0.00239195 -0.042492 0.00841596
internal_weight=615.336 607.315 128.934 478.381
internal_count=2074 2056 579 1477
is_linear=0
shrinkage=0.252688


Tree=38
num_leaves=8
num_cat=0
split_feature=13 5 4 14 3 15 4
split_gain=4.54506 12.4661 5.50121 13.3188 10.6673 3.37333 0.249574
threshold=-1.0263156890869138 0.438388541340828 -0.34149339795112604 1.3125000000000002 -0.11134422942996024 -0.078193504363298402 -0.60708129405975331
decision_type=2 2 2 2 2 2 2
left_child=1 6 4 -4 -2 -3 -1
right_child=2 5 3 -5 -6 -7 -8
leaf_value=0.29246027518876339 0.0098068184935683877 0.019475515988447521 0.0071644530773189753 0.32972575622407768 -0.099699165335213336 -0.23568090263935743 0.21387960253256758
leaf_weight=10.313009828329085 139.00841446220875 11.264672681689261 368.78973208367825 8.3582479357719404 96.044354572892189 4.6834796369075766 3.4529770761728313
leaf_count=46 447 36 1192 36 293 9 15
internal_value=8.77502e-05 0.0965988 -0.00459664 0.0143134 -0.0349383 -0.0554613 0.272759
internal_weight=641.915 29.7141 612.201 377.148 235.053 15.9482 13.766
internal_count=2074 106 1968 1228 740 45 61
is_linear=0
shrinkage=0.252688


Tree=39
num_leaves=5
num_cat=0
split_feature=14 12 12 24
split_gain=4.68699 4.45797 8.58809 4.04161
threshold=1.673611104488373 0.44114588201045996 -0.30264861881732935 2.4639474153518681
decision_type=2 2 2 2
left_child=1 2 -1 -3
right_child=-2 3 -4 -5
leaf_value=-0.030226911732904305 -0.2439603019072637 -0.024838387964717098 0.041847692427963983 -0.21439829664924032
leaf_weight=168.81031516194344 4.9981606751680365 161.76280702650547 281.7321057729423 7.5148886740207663
leaf_count=549 20 564 905 36
internal_value=-0.000258455 0.00170693 0.0148426 -0.0332543
internal_weight=624.818 619.82 450.542 169.278
internal_count=2074 2054 1454 600
is_linear=0
shrinkage=0.252688


Tree=40
num_leaves=6
num_cat=0
split_feature=2 2 1 1 2
split_gain=3.51249 6.06069 5.91685 3.91595 0.717041
threshold=-1.9367952346801756 -1.8925660848617551 -2.244464516639709 -2.2955566644668575 -2.1134715080261226
decision_type=2 2 2 2 2
left_child=3 -2 -3 -1 -5
right_child=1 2 -4 4 -6
leaf_value=0.067121100695326091 0.2544709593307003 -0.26171286103913011 0.0032567045669793515 -0.28104641135549485 -0.14304292825835704
leaf_weight=4.6489028781652442 6.0762889981269828 5.4303029030561438 587.03251988813281 5.0411098748445502 4.5992952883243552
leaf_count=11 9 21 1999 19 15
internal_value=0.000447132 0.00340303 0.000827855 -0.123363 -0.215219
internal_weight=612.828 598.539 592.463 14.2893 9.64041
internal_count=2074 2029 2020 45 34
is_linear=0
shrinkage=0.252688


Tree=41
num_leaves=6
num_cat=0
split_feature=20 20 14 8 19
split_gain=4.07894 5.41097 4.23802 3.7658 1.38927
threshold=-3.5437908172607417 -2.212331891059875 -0.38194441795349116 -2.7438218593597408 -0.76850017905235279
decision_type=2 2 2 2 2
left_child=4 3 -3 -2 -1
right_child=1 2 -4 -5 -6
leaf_value=0.29583902373255028 0.0063567329479495829 0.036888435747103411 -0.010887254878631462 -0.23197310935871507 0.071073701569384654
leaf_weight=3.7602056711912155 6.9153004288673428 160.87984623014927 450.62115699052811 10.913888543844221 3.2945588976144782
leaf_count=16 25 547 1446 29 11
internal_value=-0.000176822 -0.00231881 0.00168207 -0.139536 0.190888
internal_weight=636.385 629.33 611.501 17.8292 7.05476
internal_count=2074 2047 1993 54 27
is_linear=0
shrinkage=0.252688


Tree=42
num_leaves=7
num_cat=0
split_feature=9 5 8 24 3 15
split_gain=3.96486 5.54662 4.85196 1.85341 0.463813 1.14717
threshold=2.6204532384872441 -1.9094588160514829 -0.066244751214981065 -0.16470622271299359 -1.2257850766181944 -0.40823216736316675
decision_type=2 2 2 2 2 2
left_child=1 3 -3 -1 -2 -6
right_child=4 2 -4 -5 5 -7
leaf_value=0.089224982084128449 -0.25357385613019984 -0.028403018717691634 0.01767726350071281 0.27995216947265211 0.036535780052043207 -0.20169742321152642
leaf_weight=8.8344918191432935 2.7796836346387863 249.99949265271425 350.38481008261442 5.1497499942779532 1.8575794398784635 4.2266959995031339
leaf_count=25 11 859 1128 14 9 28
internal_value=-0.00026713 0.00215381 -0.00151053 0.159469 -0.168055 -0.128966
internal_weight=623.233 614.369 600.384 13.9842 8.86396 6.08428
internal_count=2074 2026 1987 39 48 37
is_linear=0
shrinkage=0.252688


Tree=43
num_leaves=6
num_cat=0
split_feature=16 16 16 13 12
split_gain=4.94138 6.11861 6.56663 2.75733 1.01623
threshold=-0.90339228510856617 -0.79165223240852345 -0.57660487294197071 -0.37134498357772822 0.23759838938713077
decision_type=2 2 2 2 2
left_child=4 3 -3 -2 -1
right_child=1 2 -4 -5 -6
leaf_value=-0.28255177342912308 0.20461260856373856 -0.10748508680548818 0.00449077440971077 0.042070083220132649 -0.097829848927579982
leaf_weight=4.285861834883689 13.012011304497721 35.638432234525681 541.89472142606974 13.659188926219938 3.4195400774478912
leaf_count=16 21 124 1869 33 11
internal_value=0.000481042 0.00304544 -0.00241912 0.121372 -0.200587
internal_weight=611.91 604.204 577.533 26.6712 7.7054
internal_count=2074 2047 1993 54 27
is_linear=0
shrinkage=0.252688


Tree=44
num_leaves=5
num_cat=0
split_feature=3 5 8 7
split_gain=4.91378 6.42485 4.73312 0.549034
threshold=-1.8684176206588743 -1.9094588160514829 -0.0056506777182221404 -1.2423944473266599
decision_type=2 2 2 2
left_child=-1 3 -3 -2
right_child=1 2 -4 -5
leaf_value=0.2675708870323899 -0.22704895993797222 0.024921470346570846 -0.019378395361849519 -0.11984141755777479
leaf_weight=4.3452619761228553 7.1801193356513977 292.262321613729 325.51257009804249 5.3066141158342344
leaf_count=18 22 971 1045 18
internal_value=-0.000201493 -0.00204784 0.00157937 -0.181495
internal_weight=634.607 630.262 617.775 12.4867
internal_count=2074 2056 2016 40
is_linear=0
shrinkage=0.252688


Tree=45
num_leaves=6
num_cat=0
split_feature=10 6 12 24 4
split_gain=4.43913 5.50822 4.37852 2.94197 4.23054
threshold=-0.74336761236190785 -0.78555795550346363 0.49218034744262701 -1.6465092897415159 -0.69371965527534474
decision_type=2 2 2 2 2
left_child=3 -2 -3 -1 -5
right_child=1 2 -4 4 -6
leaf_value=0.1533526101226243 0.27023205460806571 0.01690180418199759 -0.032907216586903827 -0.0062515638959999304 -0.16941151021056225
leaf_weight=3.2692283838987342 4.9838330000638953 416.9844272211194 154.41929588839412 18.505206063389778 22.465162478387356
leaf_count=10 20 1332 560 65 87
internal_value=-0.000172412 0.00574822 0.00344112 -0.0773101 -0.0957176
internal_weight=620.627 576.388 571.404 44.2396 40.9704
internal_count=2074 1912 1892 162 152
is_linear=0
shrinkage=0.252688


Tree=46
num_leaves=6
num_cat=0
split_feature=16 16 16 0 7
split_gain=3.64272 4.21708 4.69825 2.85101 0.90424
threshold=-0.90339228510856617 -0.79165223240852345 -0.57660487294197071 1.0000000180025095e-35 1.0000000180025095e-35
decision_type=2 2 2 2 2
left_child=4 3 -3 -2 -1
right_child=1 2 -4 -5 -6
leaf_value=-0.25126296249603475 0.1815057479719292 -0.092210308540358249 0.0038837485197682001 0.015825960211518199 -0.070501949258857
leaf_weight=4.2967460900545111 13.668508559465408 34.557371482253075 542.166753154248 12.881570219993591 3.0020182877779007
leaf_count=16 25 124 1869 29 11
internal_value=0.000511805 0.0026587 -0.00187429 0.101123 -0.176926
internal_weight=610.573 603.274 576.724 26.5501 7.29876
internal_count=2074 2047 1993 54 27
is_linear=0
shrinkage=0.252688


Tree=47
num_leaves=8
num_cat=0
split_feature=7 7 20 21 24 17 24
split_gain=3.72504 5.17063 13.4361 10.8504 1.90766 3.6544 1.14355
threshold=1.0309869647026064 -0.048187170177698128 0.048077698796987541 1.9022138714790346 -0.30632366240024561 1.3292229175567629 -1.4892950654029844
decision_type=2 2 2 2 2 2 2
left_child=1 2 -1 -3 6 -6 -2
right_child=4 3 -4 -5 5 -7 -8
leaf_value=0.010693282059793158 -0.068085708495327954 0.019843235549422574 -0.11703279233853053 0.26716924897225375 -0.073054594036051093 0.14267397481100752 -0.21201014751380184
leaf_weight=241.04745104908943 6.5648205280303955 263.1310351639986 67.261009261012077 11.834811188280581 28.743371024727821 6.0726593732833853 7.6137501746416074
leaf_count=792 22 879 205 54 85 21 16
internal_value=-0.000325002 0.00529632 -0.0171718 0.0304889 -0.0672455 -0.0354253 -0.145377
internal_weight=632.269 583.274 308.308 274.966 48.9946 34.816 14.1786
internal_count=2074 1930 997 933 144 106 38
is_linear=0
shrinkage=0.252688


Tree=48
num_leaves=7
num_cat=0
split_feature=1 14 7 21 16 19
split_gain=4.1398 4.34226 8.63717 3.97565 1.28701 0.231346
threshold=1.1284313797950747 -0.92361101508140553 1.2970802783966067 0.33974254131317144 -1.0000000180025095e-35 0.11016586050391199
decision_type=2 2 2 2 2 2
left_child=1 3 -3 -1 -2 -6
right_child=4 2 -4 -5 5 -7
leaf_value=-0.00053408128493127567 0.020765599490565518 0.0088720365184593898 0.33131680750500103 -0.099130984668985109 -0.15028542458754052 -0.23645949180081305
leaf_weight=59.252599895000458 2.0551574528217325 495.18632803857327 5.3612249568104735 46.687555253505707 3.2896348051726783 5.0493320226669312
leaf_count=199 5 1644 15 160 33 18
internal_value=-0.000220448 0.00248953 0.012326 -0.0439858 -0.158338 -0.202477
internal_weight=616.882 606.488 500.548 105.94 10.3941 8.33897
internal_count=2074 2018 1659 359 56 51
is_linear=0
shrinkage=0.252688


Tree=49
num_leaves=5
num_cat=0
split_feature=16 4 7 4
split_gain=4.04297 3.49488 11.5952 5.90557
threshold=-0.92156407237052906 -0.72705176472663868 -0.40009754896163935 -0.45763254165649409
decision_type=2 2 2 2
left_child=-1 2 -2 -3
right_child=1 3 -4 -5
leaf_value=-0.24579618172742829 -0.046686872086819105 -0.062834800520460574 0.11167381401385121 0.006569822133399664
leaf_weight=4.2318115681409827 53.463727936148643 98.206580370664597 65.926373597234488 385.80058062821627
leaf_count=18 219 340 174 1323
internal_value=0.000312287 0.00203854 0.0407589 -0.00751265
internal_weight=607.629 603.397 119.39 484.007
internal_count=2074 2056 393 1663
is_linear=0
shrinkage=0.252688


Tree=50
num_leaves=8
num_cat=0
split_feature=16 1 12 12 6 19 21
split_gain=3.66195 8.62214 8.64148 7.11073 8.96579 6.22373 6.20293
threshold=0.32223655283451086 0.66972169280052196 -0.31671760976314539 -0.10817113891243933 1.218818247318268 0.64293718338012706 1.3521801829338076
decision_type=2 2 2 2 2 2 2
left_child=1 2 -1 6 -5 -3 -2
right_child=3 5 -4 4 -6 -7 -8
leaf_value=0.079351522369597444 -0.04699104737800084 0.24028468352249038 -0.014749163713734347 -0.0024402308005927512 0.26371058315997947 -0.077464332847780509 -0.21613469057139376
leaf_weight=79.733724996447563 93.258447006344795 17.210208266973499 285.17282335460186 122.93774385750294 8.6498070508241636 5.1026844233274451 16.256636068224907
leaf_count=276 305 69 915 407 40 14 48
internal_value=-8.55658e-05 0.0151364 0.00581234 -0.0245326 0.015056 0.167619 -0.0721
internal_weight=628.322 387.219 364.907 241.103 131.588 22.3129 109.515
internal_count=2074 1274 1191 800 447 83 353
is_linear=0
shrinkage=0.252688


Tree=51
num_leaves=8
num_cat=0
split_feature=10 21 4 15 4 20 17
split_gain=3.72362 8.53749 7.72252 7.72838 6.41275 5.48577 4.17455
threshold=1.0193829536437991 -0.057808214798569672 0.50740572810173046 1.8631288409233095 0.29058158397674566 -1.0059687495231626 0.12005371600389482
decision_type=2 2 2 2 2 2 2
left_child=2 6 4 -4 -1 -3 -2
right_child=1 5 3 -5 -6 -7 -8
leaf_value=-0.0087905781283081751 0.37361223286798656 0.15517340383401043 -0.13260222504986682 0.055174100138702491 0.079301252702297112 -0.020923154562219489 0.11727365452111738
leaf_weight=377.99700062349439 5.8751588314771679 13.553599298000334 55.019441708922386 18.76897320151329 61.324212543666363 67.78338710218668 13.104585066437719
leaf_count=1291 18 39 196 68 191 233 38
internal_value=-0.000493562 0.0440313 -0.00919854 -0.084839 0.00350611 0.00842152 0.196631
internal_weight=613.426 100.317 513.11 73.7884 439.321 81.337 18.9797
internal_count=2074 328 1746 264 1482 272 56
is_linear=0
shrinkage=0.252688


Tree=52
num_leaves=5
num_cat=0
split_feature=16 10 19 19
split_gain=3.17353 3.02816 6.71317 6.17064
threshold=-0.92156407237052906 -0.24402727186679837 -0.87550038099288929 0.47759969532489782
decision_type=2 2 2 2
left_child=-1 2 -2 -3
right_child=1 3 -4 -5
leaf_value=-0.22951766316423539 0.17021857461772263 -0.041584797452410498 0.011927284697434717 0.024921841235000929
leaf_weight=3.7990217804908744 18.539988376200199 203.33247391879559 221.31257462501526 158.52551484107971
leaf_count=18 59 843 705 449
internal_value=0.000691549 0.00214522 0.0241631 -0.0124491
internal_weight=605.51 601.711 239.853 361.858
internal_count=2074 2056 764 1292
is_linear=0
shrinkage=0.252688


Tree=53
num_leaves=6
num_cat=0
split_feature=10 20 9 14 9
split_gain=3.44117 6.76882 4.23548 3.87184 2.05924
threshold=-0.88360258936882008 -0.1795387268066406 -1.0215492248535154 -0.34027776122093195 -0.54356878995895375
decision_type=2 2 2 2 2
left_child=1 4 -2 -4 -1
right_child=2 -3 3 -5 -6
leaf_value=0.088925106811524351 0.2741105357021606 0.33765074751506041 0.027142794998032602 -0.017606042487594446 -0.14037172930553335
leaf_weight=6.0171052664518347 3.4954172968864432 5.6587454229593268 172.81765402853489 432.25623816251755 4.2785978913307181
leaf_count=22 16 23 597 1407 9
internal_value=-0.000185701 0.115657 -0.00322278 -0.00482513 -0.00636624
internal_weight=624.524 15.9544 608.569 605.074 10.2957
internal_count=2074 54 2020 2004 31
is_linear=0
shrinkage=0.252688


Tree=54
num_leaves=8
num_cat=0
split_feature=5 8 6 13 20 12 20
split_gain=3.91717 8.61107 7.69393 13.6061 11.4069 6.56836 4.80006
threshold=0.42841610312461859 0.094584163278341307 0.10722105577588083 0.084795232862234129 0.593804031610489 -0.013695226982235907 0.081685986369848265
decision_type=2 2 2 2 2 2 2
left_child=2 5 4 -4 -1 -2 -3
right_child=1 6 3 -5 -6 -7 -8
leaf_value=-0.066681546209350809 0.29667246599132341 -0.17506117951255229 0.28770130887533291 0.0046692443127391136 0.14249758610923474 0.064948624680759612 0.015919328108099089
leaf_weight=189.90535237640142 11.880275651812552 8.9919329434633237 11.413804560899733 217.45168583840132 18.244263686239719 22.800114966928959 128.20465363562107
leaf_count=708 37 31 33 694 63 87 421
internal_value=-0.000479278 0.0318383 -0.0131897 0.018785 -0.0483467 0.144332 0.00340173
internal_weight=608.892 171.877 437.015 228.865 208.15 34.6804 137.197
internal_count=2074 576 1498 727 771 124 452
is_linear=0
shrinkage=0.252688


Tree=55
num_leaves=8
num_cat=0
split_feature=4 16 7 19 1 20 7
split_gain=2.39776 11.3584 9.03399 5.95477 5.3589 8.45466 8.21061
threshold=-0.71620464324951161 0.57823514938354503 -1.2097107172012327 -1.0064441561698911 0.26758080720901495 2.0409830808639531 -0.5105057656764983
decision_type=2 2 2 2 2 2 2
left_child=1 3 -3 -1 6 -6 -2
right_child=4 2 -4 -5 5 -7 -8
leaf_value=-0.22711052959785191 0.11917019311481293 -0.069957971993345788 0.23033039702633706 0.0044732473887830401 -0.066720622358119083 0.1607954611456526 -0.0046034775246804466
leaf_weight=7.756890356540679 38.690180718898773 8.5175241231918317 25.690558359026909 82.34294118732214 131.80599541962147 11.324521496891974 296.19319795072079
leaf_count=43 104 54 67 249 561 26 970
internal_value=0.000335607 0.0315995 0.155561 -0.0154655 -0.00779461 -0.048719 0.00969666
internal_weight=602.322 124.308 34.2081 90.0998 478.014 143.131 334.883
internal_count=2074 413 121 292 1661 587 1074
is_linear=0
shrinkage=0.252688


Tree=56
num_leaves=8
num_cat=0
split_feature=3 5 2 3 8 10 10
split_gain=3.52681 5.86662 6.69192 4.79616 4.14291 4.26593 0.77099
threshold=1.1519201993942263 1.2865191102027895 -0.48417890071868891 0.6481609344482423 6.5151231288909921 2.0958386659622197 1.6903838515281679
decision_type=2 2 2 2 2 2 2
left_child=1 3 -3 -1 6 -6 -2
right_child=4 2 -4 -5 5 -7 -8
leaf_value=0.0063132922279326396 -0.1212825742358163 0.25608148338808467 0.016739771834166924 -0.071751438781221963 0.16528073596949489 -0.12290944598871917 -0.22981846256727315
leaf_weight=504.41129893809557 10.735225901007658 12.309085726737978 18.929503694176674 55.811699114739895 6.6930791735649091 6.429642990231514 6.8452695906162253
leaf_count=1688 32 52 60 178 30 18 16
internal_value=0.000144148 0.0044788 0.111051 -0.00146389 -0.0833565 0.024079 -0.163549
internal_weight=622.165 591.462 31.2386 560.223 30.7032 13.1227 17.5805
internal_count=2074 1978 112 1866 96 48 48
is_linear=0
shrinkage=0.252688


Tree=57
num_leaves=6
num_cat=0
split_feature=2 14 0 21 21
split_gain=3.78105 3.34871 3.10262 1.91681 1.23318
threshold=-1.9367952346801756 1.673611104488373 -1.0000000180025095e-35 -0.37297043204307551 0.094482321292161955
decision_type=2 2 2 2 2
left_child=3 2 -2 -1 -5
right_child=1 -3 -4 4 -6
leaf_value=0.012209741090191434 0.018086781229546597 -0.22436384945045224 -0.018819345347809976 0.30845050505462496 0.11097926620236974
leaf_weight=5.1096486747264853 269.66335640847683 4.348837971687316 315.74597984179854 4.0484107434749586 4.0299520045518875
leaf_count=17 907 20 1102 12 16
internal_value=-0.000467763 -0.00346011 -0.00181888 0.133343 0.209954
internal_weight=602.946 589.758 585.409 13.188 8.07836
internal_count=2074 2029 2009 45 28
is_linear=0
shrinkage=0.252688


Tree=58
num_leaves=6
num_cat=0
split_feature=6 12 6 6 16
split_gain=2.7974 4.98056 2.47484 2.615 1.92429
threshold=1.3544857501983645 0.11937572434544565 -0.78555795550346363 -0.75054696202278126 -0.13971260935068128
decision_type=2 2 2 2 2
left_child=2 -2 4 -4 -1
right_child=1 -3 3 -5 -6
leaf_value=-0.036432214291276771 0.25843404539629466 -0.086114106174379784 0.038166131461741672 -0.0077759324647647156 -0.26549030429579296
leaf_weight=5.8149182796478271 6.9009558558464033 4.3779466301202774 94.703228279948235 480.36554945260286 3.920466020703314
leaf_count=18 17 20 277 1725 17
internal_value=5.51133e-05 0.124699 -0.00234895 -0.000210091 -0.128684
internal_weight=596.083 11.2789 584.804 575.069 9.73538
internal_count=2074 37 2037 2002 35
is_linear=0
shrinkage=0.252688


Tree=59
num_leaves=6
num_cat=0
split_feature=13 5 7 16 10
split_gain=3.03639 9.22291 3.80447 3.48995 2.78854
threshold=-1.0263156890869138 0.78287175297737133 -2.1426863670349117 0.31662611663341528 0.16443598270416263
decision_type=2 2 2 2 2
left_child=1 4 -2 -4 -1
right_child=2 -3 3 -5 -6
leaf_value=0.25138963068616821 0.23904094520412467 -0.13464412118740407 0.010120522815209256 -0.030065267904291988 0.042534863168086051
leaf_weight=12.482899650931364 4.1040417701005927 8.5082511305809003 364.71090400964022 221.97018489986658 6.0653729736804953
leaf_count=63 18 22 1202 748 21
internal_value=0.000403311 0.0831783 -0.00338765 -0.00508374 0.183096
internal_weight=617.842 27.0565 590.785 586.681 18.5483
internal_count=2074 106 1968 1950 84
is_linear=0
shrinkage=0.252688


Tree=60
num_leaves=6
num_cat=0
split_feature=11 9 19 0 9
split_gain=3.7676 3.99348 4.73414 4.51667 0.00113544
threshold=-1.3154522180557249 -0.5278005301952361 1.0006890892982485 -1.0000000180025095e-35 -0.5278005301952361
decision_type=2 2 2 2 2
left_child=4 2 -2 -3 -1
right_child=1 3 -4 -5 -6
leaf_value=-0.20249063287159305 0.061071785311758144 0.013396724427476194 -0.09344372227353917 -0.036189883632086556 -0.21074677346840537
leaf_weight=2.8010749742388725 105.66106591373682 259.16643282771111 14.384068064391611 214.25083975121379 2.8093170002102843
leaf_count=12 366 868 43 770 15
internal_value=-0.000554886 0.00139359 0.0425571 -0.00904432 -0.206644
internal_weight=599.073 593.462 120.045 473.417 5.61039
internal_count=2074 2047 409 1638 27
is_linear=0
shrinkage=0.252688


Tree=61
num_leaves=8
num_cat=0
split_feature=2 17 2 15 2 21 16
split_gain=2.45893 7.46443 9.41845 6.88739 10.1423 5.19575 4.33383
threshold=-0.3753810822963714 -0.28219984471797938 0.6389577090740205 4.5103371143341073 -0.60558870434761036 -0.71916094422340382 0.22271052002906802
decision_type=2 2 2 2 2 2 2
left_child=3 2 -2 4 -1 -3 -5
right_child=1 5 -4 6 -6 -7 -8
leaf_value=-0.0045490176476849116 0.085419147904543177 -0.23087711173619077 -0.16399128947989866 0.345847287746056 -0.1509316807210935 -0.0060088304323852619 0.015871431031594978
leaf_weight=153.70873931795359 111.18702222406864 6.7276026606559745 10.587744906544684 5.0593697577714902 37.618458122014999 263.89145924150944 5.1061083674430847
leaf_count=465 311 29 54 10 156 1027 22
internal_value=0.00012794 0.0117792 0.0637335 -0.0225622 -0.0333309 -0.0115995 0.18011
internal_weight=593.887 392.394 121.775 201.493 191.327 270.619 10.1655
internal_count=2074 1421 365 653 621 1056 32
is_linear=0
shrinkage=0.252688


Tree=62
num_leaves=8
num_cat=0
split_feature=2 10 3 9 9 4 9
split_gain=3.33906 3.73033 5.31366 3.85027 3.34987 2.61756 2.24533
threshold=-1.436538517475128 -0.88360258936882008 0.22043083608150485 -1.0215492248535154 0.26419423520565039 0.012323777191340925 0.65514740347862255
decision_type=2 2 2 2 2 2 2
left_child=4 2 -2 -3 5 -1 -6
right_child=1 3 -4 -5 6 -7 -8
leaf_value=-0.18274104261906429 0.24490760053590097 0.27847762319850372 -0.084318488234442365 0.00079904834599128988 0.19519522642542173 -0.041495289744217775 -0.036790556661951607
leaf_weight=15.321143977344034 9.3184418827295286 3.2064059823751441 4.7131080180406562 552.2194012850523 4.3775496482849103 18.485090486705303 6.8036594986915588
leaf_count=62 35 14 10 1844 18 67 24
internal_value=0.000417342 0.00565301 0.134324 0.00240232 -0.0658557 -0.10551 0.0540389
internal_weight=614.445 569.457 14.0315 555.426 44.9874 33.8062 11.1812
internal_count=2074 1903 45 1858 171 129 42
is_linear=0
shrinkage=0.252688


Tree=63
num_leaves=7
num_cat=0
split_feature=9 12 21 12 21 3
split_gain=3.12505 3.24957 14.0545 7.92344 1.15963 0.0484985
threshold=2.6204532384872441 -0.30264861881732935 0.93788829445838939 -0.28061693906784052 2.2002860307693486 -1.0529165863990781
decision_type=2 2 2 2 2 2
left_child=1 2 -1 -3 5 -2
right_child=4 3 -4 -5 -6 -7
leaf_value=-0.069131500770815466 -0.24565604150343576 0.17143252274987791 0.10956946303903177 0.0055741463548005694 0.011523738033473665 -0.19802469808089881
leaf_weight=125.21511124446988 2.234250396490097 19.26050229370594 36.232716023921967 407.19598395004869 1.8891298249363897 3.5808289386332026
leaf_count=429 9 56 119 1422 13 26
internal_value=-0.000589234 0.00150612 -0.0290265 0.0130652 -0.160474 -0.216346
internal_weight=595.609 587.904 161.448 426.456 7.70421 5.81508
internal_count=2074 2026 548 1478 48 35
is_linear=0
shrinkage=0.252688


Tree=64
num_leaves=8
num_cat=0
split_feature=9 24 23 24 9 24 9
split_gain=2.56811 7.42607 6.22867 5.59071 5.93271 5.12731 4.16823
threshold=0.92555055022239696 2.3228778839111333 1.8838003873825075 -2.23669421672821 1.9455681443214419 6.46960473060608 1.7930300831794741
decision_type=2 2 2 2 2 2 2
left_child=1 2 -1 6 -5 -3 -2
right_child=3 5 -4 4 -6 -7 -8
leaf_value=-0.0079074323913854733 -0.21985893888867653 -0.2154845344208848 0.10985509735059498 0.089910815466429039 -0.068718272449469944 0.013384106115048505 0.11258991582692153
leaf_weight=428.16192143037915 8.5859060958027822 17.838803306221966 30.736271619796753 73.028394669294357 18.962774608284235 9.6206267103552801 3.3462636843323699
leaf_count=1486 43 105 95 209 78 44 14
internal_value=4.67115e-05 -0.00765773 -1.97649e-05 0.0361031 0.0572113 -0.1353 -0.126626
internal_weight=590.281 486.358 458.898 103.923 91.9912 27.4594 11.9322
internal_count=2074 1730 1581 344 287 149 57
is_linear=0
shrinkage=0.252688


Tree=65
num_leaves=5
num_cat=0
split_feature=15 15 1 16
split_gain=3.23845 3.40658 4.01889 3.03968
threshold=-0.60796841979026783 -0.55524483323097218 -0.91592836380004872 0.81282010674476635
decision_type=2 2 2 2
left_child=-1 3 -3 -2
right_child=1 2 -4 -5
leaf_value=-0.16698911963221025 0.047938975091881976 -0.062066713873159034 0.005915083871734359 0.26303753441494127
leaf_weight=7.2802615612745276 19.571588478982452 62.206890437752008 516.89225638657808 5.3389024287462226
leaf_count=18 67 202 1764 23
internal_value=0.000529011 0.00254829 -0.00138758 0.0940443
internal_weight=611.29 604.01 579.099 24.9105
internal_count=2074 2056 1966 90
is_linear=0
shrinkage=0.252688


Tree=66
num_leaves=8
num_cat=0
split_feature=14 6 15 15 11 15 18
split_gain=3.41835 11.4499 10.2601 4.32699 6.68757 6.43639 1.84525
threshold=-0.31249998509883875 0.40481397509574896 0.64803543686866771 0.20921941846609118 0.43393240869045263 0.11995322257280351 0.81942912936210643
decision_type=2 2 2 2 2 2 2
left_child=3 2 -2 5 -5 -1 -3
right_child=1 6 -4 4 -6 -7 -8
leaf_value=-0.023033356612816778 -0.0074415903668660554 0.30018276456224047 0.14424292973946978 0.13647269346850055 -0.030588660205977742 -0.23074399731512948 0.11850901833548087
leaf_weight=24.832567095756531 375.74517779052258 9.1099890768527967 30.80725884437561 17.690749540925026 113.18068223819137 15.453134983777998 5.8714667856693259
leaf_count=89 1339 25 84 46 420 58 13
internal_value=-0.000180784 0.0120473 0.00405275 -0.0302967 -0.00800541 -0.102711 0.228989
internal_weight=592.691 421.534 406.552 171.157 130.871 40.2857 14.9815
internal_count=2074 1461 1423 613 466 147 38
is_linear=0
shrinkage=0.252688


Tree=67
num_leaves=6
num_cat=0
split_feature=2 2 17 16 16
split_gain=2.36701 3.01629 2.35748 1.57197 0.640894
threshold=-1.9367952346801756 -1.8925660848617551 -0.34649430215358729 -0.34855157136917109 0.28035362064838415
decision_type=2 2 2 2 2
left_child=3 -2 -3 -1 -5
right_child=1 2 -4 4 -6
leaf_value=-0.010410884482323206 0.18539305555617241 -0.040267809310395343 0.0068678814354911659 -0.27175736895793146 -0.11639817590530216
leaf_weight=5.6141763925552368 5.6811489909887305 78.593741774559021 491.07681561633945 3.2664347589015943 3.5275643095374107
leaf_count=18 9 262 1758 13 14
internal_value=-0.000162915 0.00219202 0.000364843 -0.109354 -0.191108
internal_weight=587.76 575.352 569.671 12.4082 6.794
internal_count=2074 2029 2020 45 27
is_linear=0
shrinkage=0.252688


Tree=68
num_leaves=5
num_cat=0
split_feature=8 15 22 9
split_gain=3.11485 3.78564 9.90807 5.63286
threshold=-4.2435059547424308 4.5103371143341073 1.1015191078186037 1.0215395689010622
decision_type=2 2 2 2
left_child=-1 2 -2 -3
right_child=1 3 -4 -5
leaf_value=0.20911657814075724 -0.0039366461957491836 -0.16489092014248463 0.17042368857655257 0.1997859306883972
leaf_weight=4.5281493514776221 562.12430309131742 17.310136884450916 21.608980163931847 3.2047512233257285
leaf_count=18 1889 57 96 14
internal_value=0.0003333 -0.00123147 0.00251807 -0.107919
internal_weight=608.776 604.248 583.733 20.5149
internal_count=2074 2056 1985 71
is_linear=0
shrinkage=0.252688


Tree=69
num_leaves=8
num_cat=0
split_feature=5 7 3 8 6 15 6
split_gain=3.0074 9.3957 9.13565 5.73787 4.25002 8.10697 6.74702
threshold=0.36243793368339544 0.074072781950235381 -0.83383920788764943 0.094584163278341307 0.10722105577588083 0.64803543686866771 0.22538296878337863
decision_type=2 2 2 2 2 2 2
left_child=4 2 -2 -3 5 -1 -6
right_child=1 3 -4 -5 6 -7 -8
leaf_value=-0.060948855487836413 -0.083713890775865954 0.098586670730861095 0.18143114856347117 -0.031002950377451436 0.13092502413602469 0.099947836332454507 -0.0053510915116850967
leaf_weight=160.49981535971165 10.664224505424498 26.874976400285959 37.380407266318798 115.88895686343312 26.47905607521534 22.840658128261566 187.15563971549273
leaf_count=662 36 94 119 399 74 62 628
internal_value=-0.000149893 0.0259208 0.122578 -0.00660772 -0.012681 -0.040904 0.01154
internal_weight=587.784 190.809 48.0446 142.764 396.975 183.34 213.635
internal_count=2074 648 155 493 1426 724 702
is_linear=0
shrinkage=0.252688


Tree=70
num_leaves=8
num_cat=0
split_feature=24 12 1 12 19 8 3
split_gain=2.51026 6.11711 6.01867 3.83613 8.04061 3.84759 0.0449439
threshold=-1.8564782142639158 -0.37246672809123987 -0.048132911324501031 -0.38867013156414026 -0.014865371398627756 -1.4979361295700071 -0.35304495692253107
decision_type=2 2 2 2 2 2 2
left_child=1 6 -3 4 -2 -5 -1
right_child=3 2 -4 5 -6 -7 -8
leaf_value=-0.19275506660527852 0.1167436242542904 -0.10526722933787409 0.088961453621704933 0.19697582890787249 -0.025476621659777095 -0.0080849885778223694 -0.22408144950622552
leaf_weight=5.1406641826033592 53.498498529195786 19.900108277797699 20.869516022503376 5.9232493080198756 48.296541571617126 425.34182057902217 6.9143141284584981
leaf_count=35 176 97 74 29 184 1440 39
internal_value=-6.06919e-05 -0.0526025 -0.00584383 0.00514609 0.0492676 -0.00526832 -0.210732
internal_weight=585.885 52.8246 40.7696 533.06 101.795 431.265 12.055
internal_count=2074 245 171 1829 360 1469 74
is_linear=0
shrinkage=0.252688


Tree=71
num_leaves=7
num_cat=0
split_feature=7 23 15 17 16 14
split_gain=3.03345 3.60914 11.3389 6.69643 1.49796 2.66265
threshold=1.1844155192375185 1.950252413749695 4.5103371143341073 1.0582173466682436 -0.23218546062707898 -0.93749991059303273
decision_type=2 2 2 2 2 2
left_child=1 3 -3 -1 -2 -6
right_child=4 2 -4 -5 5 -7
leaf_value=0.0093934766769308703 -0.21473489799796497 0.21831861694277468 -0.045418078285705023 -0.072038168308986725 0.042466498798228822 -0.15834504664971852
leaf_weight=466.13976430892944 4.9375196658074882 19.162941478192806 22.783572629094124 74.830793038010597 8.5551383495330846 8.311631172895428
leaf_count=1577 16 93 83 249 27 29
internal_value=0.000204499 0.00366587 0.0750692 -0.00187077 -0.0923297 -0.0564915
internal_weight=604.721 582.917 41.9465 540.971 21.8043 16.8668
internal_count=2074 2002 176 1826 72 56
is_linear=0
shrinkage=0.252688


Tree=72
num_leaves=6
num_cat=0
split_feature=11 9 5 3 2
split_gain=3.0307 3.06529 6.60082 2.98856 0.00158809
threshold=-1.3154522180557249 -0.5278005301952361 -0.035713851451873772 1.5388656258583071 -0.13907709717750547
decision_type=2 2 2 2 2
left_child=4 2 -2 -3 -1
right_child=1 3 -4 -5 -6
leaf_value=-0.19418804004074405 -0.031434700981250494 -0.0097502781428554994 0.089132510710438276 0.21196549597749251 -0.20427699565961807
leaf_weight=2.3554931282997131 50.534248426556587 453.57207853533328 68.019832827150822 3.9148151576519004 2.4781646803021422
leaf_count=13 185 1624 224 14 14
internal_value=-0.000141362 0.00153068 0.0377402 -0.00785276 -0.199383
internal_weight=580.875 576.041 118.554 457.487 4.83366
internal_count=2074 2047 409 1638 27
is_linear=0
shrinkage=0.252688


Tree=73
num_leaves=4
num_cat=0
split_feature=4 23 8
split_gain=2.30859 2.23875 2.1328
threshold=-2.2395718097686763 -0.59690457582473744 13.693320751190187
decision_type=2 2 2
left_child=-1 -2 -3
right_child=1 2 -4
leaf_value=0.13270311242172542 0.12842465995305041 -0.0055220212310968398 0.1357605289821259
leaf_weight=8.2537366896867734 8.2956910878419858 559.13541422411799 6.9062241911888114
leaf_count=18 18 2014 24
internal_value=1.87284e-05 -0.00188818 -0.00379812
internal_weight=582.591 574.337 566.042
internal_count=2074 2056 2038
is_linear=0
shrinkage=0.252688


Tree=74
num_leaves=6
num_cat=0
split_feature=3 14 6 20 7
split_gain=3.1627 3.22818 7.93269 6.32537 0.565239
threshold=1.4310742616653445 -0.34027776122093195 0.39168487489223486 -0.19667431712150571 1.2251174449920657
decision_type=2 2 2 2 2
left_child=1 3 -3 -1 -2
right_child=4 2 -4 -5 -6
leaf_value=0.11977757099662663 -0.19711614863386115 -0.0022091316013842445 -0.19032003555157218 0.0036028645146489045 -0.079879010369749037
leaf_weight=40.426839664578438 5.1443515270948392 417.52228918299079 14.821623124182222 115.18945334851742 5.3656625896692276
leaf_count=161 17 1417 54 410 15
internal_value=0.000118973 0.00257498 -0.00865818 0.0337837 -0.13727
internal_weight=598.47 587.96 432.344 155.616 10.51
internal_count=2074 2042 1471 571 32
is_linear=0
shrinkage=0.252688


Tree=75
num_leaves=7
num_cat=0
split_feature=1 4 4 17 20 11
split_gain=2.67602 2.95655 6.79924 4.47306 1.13924 0.0360485
threshold=1.1476124525070193 -0.39667810499668116 -0.52558004856109608 1.0582173466682436 0.61299440264701854 -0.26523324847221369
decision_type=2 2 2 2 2 2
left_child=1 2 -1 -3 5 -2
right_child=4 3 -4 -5 -6 -7
leaf_value=0.0037204177454443501 -0.19542581339757006 -0.030920056397168574 0.11857620873099854 0.030860311139693099 -0.0084657548953488929 -0.23828156883090298
leaf_weight=176.11918708309531 2.4139356967061758 247.96457901597023 40.471783105283976 107.17037029191852 2.4606048539280891 2.6665084958076468
leaf_count=626 26 894 136 378 7 7
internal_value=-5.8117e-05 0.00191442 0.0251824 -0.0122763 -0.149596 -0.217942
internal_weight=579.267 571.726 216.591 355.135 7.54105 5.08044
internal_count=2074 2034 762 1272 40 33
is_linear=0
shrinkage=0.252688


Tree=76
num_leaves=8
num_cat=0
split_feature=18 2 2 18 6 6 21
split_gain=2.44268 6.79743 6.43927 5.2153 5.02322 4.00286 3.66644
threshold=0.8386388123035432 0.46541224420070654 0.53885754942893993 0.61690452694892894 0.41794312000274664 -0.19037196040153501 0.87629941105842601
decision_type=2 2 2 2 2 2 2
left_child=3 6 -3 5 -5 -1 -2
right_child=1 2 -4 4 -6 -7 -8
leaf_value=-0.052976614195124255 -0.15992041633452719 0.18934351711760336 -0.027887208160115307 0.13978585750546105 -0.089034641990727886 0.010031844867213093 0.043675448688324937
leaf_weight=77.556646935641766 29.816863223910332 11.334823675453661 37.660393316298723 31.576303064823151 7.5997826308012 378.8721872754395 6.9672128781676284
leaf_count=282 135 27 185 83 39 1296 27
internal_value=0.000105446 -0.0392641 0.0223696 0.00691957 0.0953963 -0.000674634 -0.121358
internal_weight=581.384 85.7793 48.9952 495.605 39.1761 456.429 36.7841
internal_count=2074 374 212 1700 122 1578 162
is_linear=0
shrinkage=0.252688


Tree=77
num_leaves=8
num_cat=0
split_feature=8 17 17 7 7 24 24
split_gain=2.83427 8.90357 4.92941 4.73571 7.32579 6.79664 1.4224
threshold=-0.32604986429214472 -0.32559823989868159 -0.30391132831573481 -0.90043389797210682 -0.037073919549584382 0.45287805795669561 0.34294925630092626
decision_type=2 2 2 2 2 2 2
left_child=1 6 -3 5 -5 -2 -1
right_child=3 2 -4 4 -6 -7 -8
leaf_value=0.26841789192069654 0.26198634379891245 -0.17587126542314008 0.023896688144531626 -0.058209824090923783 0.0097780098383165176 -0.083832128578477189 0.06709106408510411
leaf_weight=10.69309341907501 9.3974699079990369 8.4505350142717344 118.16762158274651 157.41253732889891 283.35288424044847 5.9110284596681586 2.8352535367012015
leaf_count=46 39 22 447 505 989 16 10
internal_value=-4.63557e-05 0.0313824 0.0105634 -0.00970408 -0.0145028 0.128458 0.226228
internal_weight=596.22 140.147 126.618 456.074 440.765 15.3085 13.5283
internal_count=2074 525 469 1549 1494 55 56
is_linear=0
shrinkage=0.252688


Tree=78
num_leaves=5
num_cat=0
split_feature=14 2 8 16
split_gain=2.89767 2.5227 5.2134 2.65814
threshold=1.673611104488373 -1.586406350135803 11.880712509155275 -0.49674522876739496
decision_type=2 2 2 2
left_child=1 3 -3 -1
right_child=-2 2 -4 -5
leaf_value=0.15419895919835927 -0.21694028851822053 -0.00058108810406682862 -0.27035908836137879 0.016015212678802435
leaf_weight=13.506466925144194 3.8979415297508231 527.50503467954695 4.6132728308439246 25.996009688824415
leaf_count=38 20 1910 18 88
internal_value=0.000172812 0.00165353 -0.00292023 0.0632637
internal_weight=575.519 571.621 532.118 39.5025
internal_count=2074 2054 1928 126
is_linear=0
shrinkage=0.252688


Tree=79
num_leaves=8
num_cat=0
split_feature=19 5 6 12 5 13 13
split_gain=2.06228 3.54288 6.09908 4.24126 3.47361 6.60407 4.18736
threshold=0.54376906156539928 0.26095236837863928 0.26039387285709387 -0.68154582381248463 0.4234477579593659 -0.65789467096328724 -1.0263156890869138
decision_type=2 2 2 2 2 2 2
left_child=4 2 -2 -3 6 -6 -1
right_child=1 3 -4 -5 5 -7 -8
leaf_value=-0.20499923554561178 0.016837120342521647 -0.22190591731874088 0.25756723134642312 0.015348110222337114 0.063437311989007691 -0.11997423689221524 0.0036219040328998699
leaf_weight=6.2535524889826766 18.616664916276935 4.9943964779376975 10.515559673309324 130.66320653632283 17.795536242425442 42.401951611042023 346.38552834838629
leaf_count=52 49 26 18 391 57 168 1313
internal_value=-0.000115427 0.0237823 0.103734 0.00661248 -0.00965459 -0.0657541 -7.79927e-05
internal_weight=577.626 164.79 29.1322 135.658 412.837 60.1975 352.639
internal_count=2074 484 67 417 1590 225 1365
is_linear=0
shrinkage=0.252688


Tree=80
num_leaves=8
num_cat=0
split_feature=2 20 21 4 17 20 19
split_gain=2.79636 3.67931 8.86685 6.45721 3.36186 3.42353 3.34266
threshold=-1.1777715682983396 0.088573046028614058 2.0181746482849126 1.6456030607223513 0.11320078000426294 -0.32447192072868342 -0.032874543219804757
decision_type=2 2 2 2 2 2 2
left_child=4 3 -3 -2 5 -1 -6
right_child=1 2 -4 -5 6 -7 -8
leaf_value=0.11895200742892248 0.019871023538614269 -0.026817474460840596 0.26228712103092366 0.30461704964171016 0.25784854567852089 -0.096203235729792586 -0.014608674048403216
leaf_weight=5.2137569934129706 290.44563978910446 220.02328990399837 6.9883691966533652 5.1751793026924124 3.9939289838075647 50.037132110446692 10.26058957725763
leaf_count=20 997 760 30 26 16 187 38
internal_value=-5.53608e-05 0.00627723 -0.017917 0.0248564 -0.0476718 -0.0758991 0.0617369
internal_weight=592.138 522.632 227.012 295.621 69.5054 55.2509 14.2545
internal_count=2074 1813 790 1023 261 207 54
is_linear=0
shrinkage=0.252688


Tree=81
num_leaves=7
num_cat=0
split_feature=9 10 4 9 17 17
split_gain=2.30059 2.63194 6.01906 4.17791 0.830181 0.0357777
threshold=2.6204532384872441 1.0193829536437991 0.69206836819648754 -0.11029434949159621 -0.094813816249370561 -0.012139216531068085
decision_type=2 2 2 2 2 2
left_child=1 2 -1 -3 -2 -6
right_child=4 3 -4 -5 5 -7
leaf_value=0.0030470638791428857 -0.018624591507560857 0.10942692745168096 -0.099546077540854774 -0.0015331009564959633 -0.24171609821775084 -0.19337263016516287
leaf_weight=434.99101591482759 2.1630275622010231 35.261302687227726 39.859542902559042 56.197644241154194 1.461541563272476 3.042742943391203
leaf_count=1545 14 123 168 190 5 29
internal_value=0.000257912 0.00199532 -0.00556483 0.0412471 -0.147302 -0.209086
internal_weight=572.977 566.31 474.851 91.4589 6.66731 4.50428
internal_count=2074 2026 1713 313 48 34
is_linear=0
shrinkage=0.252688


Tree=82
num_leaves=7
num_cat=0
split_feature=9 11 7 9 10 9
split_gain=2.00711 4.21357 3.20412 2.5609 3.50443 3.48942
threshold=-0.87094116210937489 -1.1992403864860532 -0.086870569735765443 -0.78947457671165455 -0.022403861396014687 -0.72513332962989796
decision_type=2 2 2 2 2 2
left_child=1 -1 -3 4 -2 -5
right_child=3 2 -4 5 -6 -7
leaf_value=0.12894870549951379 0.0055766940197984954 -0.042897449136458939 -0.2584926819898527 -0.11902970688801465 0.21539118006949134 0.0032012930234459444
leaf_weight=5.1809618696570423 12.751223586499693 11.007931977510456 7.3336962014436695 15.35759339481592 8.4517113417386991 514.2891250140965
leaf_count=13 39 35 33 54 15 1885
internal_value=1.74762e-05 -0.0722664 -0.129106 0.00310424 0.0892143 -0.00034302
internal_weight=574.372 23.5226 18.3416 550.85 21.2029 529.647
internal_count=2074 81 68 1993 54 1939
is_linear=0
shrinkage=0.252688


Tree=83
num_leaves=8
num_cat=0
split_feature=10 12 10 1 8 12 21
split_gain=2.3857 6.19346 7.68377 5.35616 3.12931 4.13591 3.4211
threshold=1.0193829536437991 0.5087246596813203 -0.55706703662872303 -0.59768804907798756 6.5151231288909921 -0.019434909336268898 1.9022138714790346
decision_type=2 2 2 2 2 2 2
left_child=1 3 -3 -1 6 -6 -2
right_child=4 2 -4 -5 5 -7 -8
leaf_value=-0.085762206632076982 -0.087445414327302934 -0.084903268448654867 0.090968568917540002 0.0029909276430336541 0.23561872114480181 -0.028681110437257806 0.054633033906641627
leaf_weight=49.77238292619586 58.888939417898655 19.274019673466682 89.583386965095997 339.96548233926296 5.6577447652816799 11.391145162284372 13.257004141807554
leaf_count=167 195 53 342 1184 31 48 54
internal_value=-0.000268491 0.00654042 0.0598289 -0.0083436 -0.0383298 0.0590324 -0.0613379
internal_weight=587.79 498.595 108.857 389.738 89.1948 17.0489 72.1459
internal_count=2074 1746 395 1351 328 79 249
is_linear=0
shrinkage=0.252688


Tree=84
num_leaves=7
num_cat=0
split_feature=10 0 2 4 2 12
split_gain=2.42231 3.83168 3.34555 2.96209 8.28522 5.3479
threshold=-0.74336761236190785 -1.0000000180025095e-35 -1.586406350135803 -0.39667810499668116 0.31523510813713079 -0.18155469745397565
decision_type=2 2 2 2 2 2
left_child=1 -1 -3 4 -2 -5
right_child=3 2 -4 5 -6 -7
leaf_value=0.12242781610180233 0.069738577662435561 0.087041189081140238 -0.13188761841500271 -0.044021787502122288 -0.039983445753341465 0.019445560589116163
leaf_weight=6.1057196184992781 120.69237426668406 5.3361143991351119 27.038112305104733 156.22386157885194 69.100930843502283 185.34463791362941
leaf_count=24 421 14 124 533 259 699
internal_value=4.7243e-05 -0.0611733 -0.0958016 0.00448075 0.0297904 -0.00958265
internal_weight=569.842 38.4799 32.3742 531.362 189.793 341.568
internal_count=2074 162 138 1912 680 1232
is_linear=0
shrinkage=0.252688


Tree=85
num_leaves=7
num_cat=0
split_feature=2 4 2 22 2 2
split_gain=1.72659 5.28968 5.16035 7.36849 6.31014 4.22637
threshold=-0.3753810822963714 -1.8424841761589048 -0.12609069794416425 1.0841760039329531 0.026595578528940681 -0.52283427119255055
decision_type=2 2 2 2 2 2
left_child=1 -1 3 -2 -4 -3
right_child=2 5 4 -5 -6 -7
leaf_value=0.2226461908653333 0.086736285431386173 -0.013421914719007159 -0.095676886258369009 -0.21339640818259206 0.0095187352194271973 -0.13570120050844159
leaf_weight=5.5950762070715419 76.219839036464691 166.26737094298005 42.459376104176044 5.6067402288317671 255.50174482539296 20.245169945061207
leaf_count=18 206 541 180 34 1001 94
internal_value=8.91172e-05 -0.0194326 0.00996378 0.06617 -0.00547175 -0.0266952
internal_weight=571.895 192.108 379.788 81.8266 297.961 186.513
internal_count=2074 653 1421 240 1181 635
is_linear=0
shrinkage=0.252688


Tree=86
num_leaves=5
num_cat=0
split_feature=7 5 8 2
split_gain=2.49721 2.85593 2.65751 0.997034
threshold=-2.1426863670349117 -1.9094588160514829 -3.1280809640884395 0.51625710725784313
decision_type=2 2 2 2
left_child=-1 3 -3 -2
right_child=1 2 -4 -5
leaf_value=0.19596175386354434 -0.19273165611484808 0.11857768488554427 -0.0017802051522631812 -0.010537751665428096
leaf_weight=4.1168262660503379 6.642290458083151 11.964000537991522 558.78774205222726 2.6963779926300049
leaf_count=18 24 46 1972 14
internal_value=-0.000133323 -0.00152516 0.000742821 -0.14013
internal_weight=584.207 580.09 570.752 9.33867
internal_count=2074 2056 2018 38
is_linear=0
shrinkage=0.252688


Tree=87
num_leaves=5
num_cat=0
split_feature=7 15 15 23
split_gain=2.32211 3.66998 5.28659 5.08417
threshold=1.4545366764068606 2.01805591583252 4.6590611934661874 1.7239641547203066
decision_type=2 2 2 2
left_child=1 3 -3 -1
right_child=-2 2 -4 -5
leaf_value=-0.0011643979176831902 0.13633707773316106 -0.15788871945648433 0.011845187579703074 0.1225774210746461
leaf_weight=490.27464648615569 7.8550893813371649 22.533058090135455 24.408076632767916 22.15869115293026
leaf_count=1773 24 128 77 72
internal_value=-9.22294e-05 -0.00200819 -0.0696327 0.00418658
internal_weight=567.23 559.374 46.9411 512.433
internal_count=2074 2050 205 1845
is_linear=0
shrinkage=0.252688


Tree=88
num_leaves=5
num_cat=0
split_feature=4 3 16 20
split_gain=1.78412 2.17213 7.05529 3.55536
threshold=-2.2395718097686763 -0.38418330252170557 0.77393123507499706 -0.45620724558830256
decision_type=2 2 2 2
left_child=-1 2 -2 -3
right_child=1 3 -4 -5
leaf_value=0.11661052075958034 -0.08449335598967514 -0.10999080538270117 0.040096564009636529 0.010908718843983414
leaf_weight=8.2630978971719724 68.831559594720602 16.118613082915545 50.176978588104248 425.74014493077993
leaf_count=18 373 95 206 1382
internal_value=5.45485e-05 -0.00166274 -0.0319632 0.00649828
internal_weight=569.13 560.867 119.009 441.859
internal_count=2074 2056 579 1477
is_linear=0
shrinkage=0.252688


Tree=89
num_leaves=8
num_cat=0
split_feature=21 16 16 20 6 20 4
split_gain=2.22661 8.36957 6.07235 8.54422 6.19335 5.13414 5.03788
threshold=0.1441668123006821 -0.31967553496360773 -0.30804131925106043 -0.35664084553718561 -0.10722100362181662 1.8662975430488589 0.40432758629322058
decision_type=2 2 2 2 2 2 2
left_child=2 5 4 -4 -1 -2 -3
right_child=1 6 3 -5 -6 -7 -8
leaf_value=0.063705725245382663 0.24714487420731832 -0.055271851800831537 0.16147581844667358 0.018877405348979116 -0.055094633544870472 -0.022272916410895401 0.033579401126299396
leaf_weight=37.337657622992992 11.572174847126009 162.45482155680656 32.04645424336195 164.79195762425661 112.26651317812502 7.406729742884635 54.387292958796024
leaf_count=133 52 574 136 583 365 33 198
internal_value=3.65278e-05 -0.018903 0.0129286 0.0420936 -0.0254447 0.142004 -0.0329866
internal_weight=582.264 235.821 346.443 196.838 149.604 18.9789 216.842
internal_count=2074 857 1217 719 498 85 772
is_linear=0
shrinkage=0.252688


Tree=90
num_leaves=8
num_cat=0
split_feature=19 3 6 8 14 5 3
split_gain=2.40562 7.78212 6.52461 5.25234 5.26105 4.41636 3.67392
threshold=-0.44178643822669977 -0.6862225830554961 0.076586410403251662 -0.33895295858383173 -0.14583331346511838 -0.23307740688323972 -0.83383920788764943
decision_type=2 2 2 2 2 2 2
left_child=1 2 -1 4 -2 -3 -5
right_child=3 5 -4 6 -6 -7 -8
leaf_value=-0.14213488832293997 -0.027416651563201437 -0.11363262508777734 0.061105429825777324 -0.082300912122489162 0.21316104633470762 0.038831348257891869 0.0099094036259871465
leaf_weight=11.928733848035334 9.2932752035558241 62.010941494256258 65.259875498712063 29.912462897598743 15.457458624616264 15.081084087491034 355.14772074855864
leaf_count=55 41 253 211 112 62 47 1293
internal_value=-0.00012588 -0.02702 0.0296959 0.00999893 0.122831 -0.0838069 0.00274616
internal_weight=564.092 154.281 77.1886 409.811 24.7507 77.092 385.06
internal_count=2074 566 266 1508 103 300 1405
is_linear=0
shrinkage=0.252688


Tree=91
num_leaves=7
num_cat=0
split_feature=13 20 24 3 16 5
split_gain=1.78312 4.79438 1.91451 6.28813 2.1941 1.83533
threshold=1.242689907550812 -0.15698746591806409 3.24232029914856 1.4310742616653445 -0.92156407237052906 -0.49836373329162592
decision_type=2 2 2 2 2 2
left_child=2 5 4 -4 -1 -2
right_child=1 -3 3 -5 -6 -7
leaf_value=-0.21208581569159954 0.11735509050401398 0.243968394445231 -0.15032534972171727 0.11741009951029828 0.0028621627286724368 -0.20442410386080057
leaf_weight=3.0492688715457907 1.7714228406548498 6.3890679255127889 18.255956299602989 8.0797388106584531 525.61264272406697 3.1325584352016449
leaf_count=18 9 13 121 22 1869 22
internal_value=0.000332325 0.0997318 -0.00169034 -0.0681839 0.00162215 -0.0881902
internal_weight=566.291 11.293 554.998 26.3357 528.662 4.90398
internal_count=2074 44 2030 143 1887 31
is_linear=0
shrinkage=0.252688


Tree=92
num_leaves=4
num_cat=0
split_feature=15 15 7
split_gain=2.13496 2.39308 2.08382
threshold=-0.60796841979026783 -0.60292181372642506 1.1844155192375185
decision_type=2 2 2
left_child=-1 -2 -3
right_child=1 2 -4
leaf_value=-0.14496146857428338 0.18487479768340523 0.0029048291050805743 -0.079897499808272668
leaf_weight=6.43243184685707 4.5041061341762534 547.38410104811192 20.119072653353214
leaf_count=18 18 1966 72
internal_value=-0.000202585 0.00142541 -3.0741e-05
internal_weight=578.44 572.007 567.503
internal_count=2074 2056 2038
is_linear=0
shrinkage=0.252688


Tree=93
num_leaves=5
num_cat=0
split_feature=19 5 14 19
split_gain=2.70666 2.48995 5.39878 2.74768
threshold=-1.7712110280990598 -1.6580471992492674 -0.090277761220931993 -0.44178643822669977
decision_type=2 2 2 2
left_child=-1 2 -2 -3
right_child=1 3 -4 -5
leaf_value=-0.27668986961369668 0.21393559750290195 -0.033878543989793848 -0.069395404177477971 0.0081644909021483612
leaf_weight=2.2490999624133101 10.18963396549225 130.92180905584246 7.4212434664368621 410.32533081248403
leaf_count=9 35 492 30 1508
internal_value=-7.62851e-05 0.00103719 0.094541 -0.00200528
internal_weight=561.107 558.858 17.6109 541.247
internal_count=2074 2065 65 2000
is_linear=0
shrinkage=0.252688


Tree=94
num_leaves=7
num_cat=0
split_feature=4 13 3 4 7 14
split_gain=1.59499 6.88666 6.65248 4.88832 3.67016 3.27358
threshold=0.1800438463687897 -0.66959059238433827 -1.3743321299552915 0.10102156922221185 0.44132898747920996 -1.062499940395355
decision_type=2 2 2 2 2 2
left_child=3 -2 -3 5 -5 -1
right_child=1 2 -4 4 -6 -7
leaf_value=0.097442210327461434 0.24798778789606479 0.31328859114160451 0.0018362028905404759 -0.1948969990744466 0.08801670985079893 -0.010148440026662372
leaf_weight=19.225476771593094 7.9166803285479537 4.4687920808792105 216.53857941180468 14.585375897586347 3.6627899855375281 296.93779096379876
leaf_count=53 16 18 766 81 12 1128
internal_value=0.000178967 0.0164297 0.00813454 -0.0109456 -0.138109 -0.00360584
internal_weight=563.335 228.924 221.007 334.411 18.2482 316.163
internal_count=2074 800 784 1274 93 1181
is_linear=0
shrinkage=0.252688


Tree=95
num_leaves=5
num_cat=0
split_feature=7 16 12 1
split_gain=2.10981 2.31714 4.96692 4.9371
threshold=-2.1426863670349117 1.0000000180025095e-35 -0.12236534059047698 0.72322168946266185
decision_type=2 2 2 2
left_child=-1 3 -3 -2
right_child=1 2 -4 -5
leaf_value=0.18072418325813908 0.007885272019109546 -0.058132949169409455 0.010354084173225003 0.18183295094713581
leaf_weight=4.0901793688535681 281.78191877342761 115.00115681439638 164.08889839053154 10.817929252982138
leaf_count=18 996 404 615 41
internal_value=-0.000100755 -0.00139464 -0.0178666 0.0143167
internal_weight=575.78 571.69 279.09 292.6
internal_count=2074 2056 1019 1037
is_linear=0
shrinkage=0.252688


Tree=96
num_leaves=8
num_cat=0
split_feature=1 3 3 11 3 15 0
split_gain=2.7546 6.54385 10.327 4.72197 5.19384 5.15956 4.57025
threshold=-0.98377662897109974 1.0000000180025095e-35 0.1587353199720383 -0.69636449217796315 0.51487869024276745 -0.50990599393844593 -1.0000000180025095e-35
decision_type=2 2 2 2 2 2 2
left_child=1 6 -3 4 -2 -5 -1
right_child=3 2 -4 5 -6 -7 -8
leaf_value=0.10107388335023332 -0.15374861637933374 0.3218158001503344 0.036748057655238614 0.31786167066282117 0.089295835844734245 -0.0025180314475743951 -0.17015400958029533
leaf_weight=5.8443607836961773 25.327418245375156 10.135444983839987 40.681651994585991 3.2319224625825873 7.2126049771904936 454.14280746784061 12.345155172049997
leaf_count=22 121 34 133 10 33 1657 64
internal_value=-0.000213088 0.0470532 0.0936075 -0.0068708 -0.0998764 -0.000253782 -0.083007
internal_weight=558.921 69.0066 50.8171 489.915 32.54 457.375 18.1895
internal_count=2074 253 167 1821 154 1667 86
is_linear=0
shrinkage=0.252688


Tree=97
num_leaves=8
num_cat=0
split_feature=18 1 3 13 9 4 7
split_gain=2.07938 7.59261 6.82255 3.85244 3.57128 2.26073 0.978829
threshold=0.8386388123035432 0.24914585053920749 0.5415475368499757 -0.89181277155876149 0.98175901174545299 -0.70673930644989003 -0.95567518472671498
decision_type=2 2 2 2 2 2 2
left_child=3 6 -3 5 -5 -1 -2
right_child=1 2 -4 4 -6 -7 -8
leaf_value=0.24663051465710742 -0.066280839802358243 -0.046725202649755819 0.13898665571821986 -0.0067622303276416744 0.05762161446698149 0.059845069402611327 -0.23729676483108961
leaf_weight=5.9511446505785015 2.6269356794655314 52.357979722321033 16.646305866539478 395.95104749128222 63.884632766246796 13.574775800108908 11.469726491719483
leaf_count=9 18 256 37 1454 202 35 63
internal_value=0.000453628 -0.0364468 -0.00192411 0.00685063 0.00218262 0.116779 -0.205431
internal_weight=562.463 83.1009 69.0043 479.362 459.836 19.5259 14.0967
internal_count=2074 374 293 1700 1656 44 81
is_linear=0
shrinkage=0.252688


Tree=98
num_leaves=7
num_cat=0
split_feature=14 8 14 7 1 19
split_gain=2.24835 5.95974 5.62569 5.37449 4.37098 3.25153
threshold=-0.96527773141860951 0.52743336558341991 1.6875000000000002 0.32035735249519354 1.0374404788017275 -0.47324876487255091
decision_type=2 2 2 2 2 2
left_child=1 5 4 -3 -2 -1
right_child=2 3 -4 -5 -6 -7
leaf_value=0.08387202872448607 -0.01540616259212944 -0.10535577406646139 0.31050196785315076 0.047542514830305554 0.087533859604590369 0.30835158497584775
leaf_weight=10.913091450929643 451.89991987869143 20.437404185533524 3.5352189242839804 52.095804303884506 27.967232130467892 6.6189664453268042
leaf_count=43 1613 65 16 183 124 30
internal_value=-0.000237238 0.036418 -0.00706671 0.00446048 -0.0094066 0.168628
internal_weight=573.468 90.0653 483.402 72.5332 479.867 17.5321
internal_count=2074 321 1753 248 1737 73
is_linear=0
shrinkage=0.252688


Tree=99
num_leaves=5
num_cat=0
split_feature=20 11 15 9
split_gain=2.37548 2.98384 3.86024 2.08542
threshold=13.386305809020998 1.0816789865493777 2.01805591583252 0.63420870900154125
decision_type=2 2 2 2
left_child=1 2 -1 -3
right_child=-2 3 -4 -5
leaf_value=0.0038842278624050988 -0.15536115489716396 0.21866599619566265 -0.089857530585428835 0.0096436825877008071
leaf_weight=506.49317281134427 6.2325292602181426 6.76534256339073 29.692800857126713 5.5460715554654598
leaf_count=1858 24 24 146 22
internal_value=-0.000245613 0.0015171 -0.00130707 0.12451
internal_weight=554.73 548.497 536.186 12.3114
internal_count=2074 2050 2004 46
is_linear=0
shrinkage=0.252688


Tree=100
num_leaves=5
num_cat=0
split_feature=9 6 23 1
split_gain=1.67706 1.70042 2.07367 1.55495
threshold=-1.0611557960510252 -0.78555795550346363 0.043720716610550887 0.71072274446487438
decision_type=2 2 2 2
left_child=-1 2 -2 -3
right_child=1 3 -4 -5
leaf_value=-0.23538137711104981 -0.26007122323417259 0.008332121158914095 -0.0038386914601067357 -0.030808244604598432
leaf_weight=1.9183254539966572 3.5027322471141797 473.14160242676735 4.7526120468974113 75.094514653086662
leaf_count=9 19 1670 16 360
internal_value=0.000443617 0.00125677 -0.112568 0.00297085
internal_weight=558.41 556.491 8.25534 548.236
internal_count=2074 2065 35 2030
is_linear=0
shrinkage=0.252688


Tree=101
num_leaves=4
num_cat=0
split_feature=20 15 8
split_gain=2.07769 3.33285 2.18427
threshold=13.386305809020998 6.1752963066101083 -3.1280809640884395
decision_type=2 2 2
left_child=1 2 -1
right_child=-2 -3 -4
leaf_value=0.10518510667079616 0.1607418879261677 -0.2175016685214157 -0.0022678426564204444
leaf_weight=12.351239174604414 5.0757301226258269 4.5299768149852744 547.33356610499322
leaf_count=52 24 19 1979
internal_value=-0.000195804 -0.00164377 0.000103546
internal_weight=569.291 564.215 559.685
internal_count=2074 2050 2031
is_linear=0
shrinkage=0.252688


Tree=102
num_leaves=4
num_cat=0
split_feature=11 23 11
split_gain=2.04164 2.82185 2.15666
threshold=-1.3154522180557249 -0.5838123857975005 -1.1992403864860532
decision_type=2 2 2
left_child=-1 -2 -3
right_child=1 2 -4
leaf_value=-0.18930195067918812 0.21463998790742422 -0.11251595646181567 0.0018402271853143186
leaf_weight=3.6181082390248767 3.9234782606363288 10.741037059575318 534.73941825516522
leaf_count=27 10 53 1984
internal_value=-0.00012173 0.0011243 -0.000411661
internal_weight=553.022 549.404 545.48
internal_count=2074 2047 2037
is_linear=0
shrinkage=0.252688


Tree=103
num_leaves=7
num_cat=0
split_feature=21 14 4 21 21 23
split_gain=1.54084 4.90072 4.75318 4.56756 4.74101 4.10999
threshold=0.1102806255221367 -1.7291666269302366 -2.2395718097686763 0.035274948924779899 -0.022723059169948098 -0.48037089407443995
decision_type=2 2 2 2 2 2
left_child=3 -2 -3 4 -1 -5
right_child=1 2 -4 5 -6 -7
leaf_value=-0.01240733352582523 0.33550350758831532 0.29573206753145709 0.0072268924391988981 0.038751072927187366 0.10160562011932896 -0.20351461170708052
leaf_weight=284.22765468806028 3.0297999978065482 3.7070035338401786 220.56743985787034 6.5721639171242741 25.365750379860401 13.985237009823321
leaf_count=1005 5 6 873 24 86 75
internal_value=0.000298462 0.0163091 0.0119962 -0.0107247 -0.00306581 -0.126064
internal_weight=557.455 227.304 224.274 330.151 309.593 20.5574
internal_count=2074 884 879 1190 1091 99
is_linear=0
shrinkage=0.252688


Tree=104
num_leaves=6
num_cat=0
split_feature=20 20 21 18 1
split_gain=1.66481 3.41116 3.61606 3.01297 1.50074
threshold=-3.5437908172607417 -2.212331891059875 0.81362318992614757 1.5905598402023318 0.53101459145545971
decision_type=2 2 2 2 2
left_child=4 2 -2 -3 -1
right_child=1 3 -4 -5 -6
leaf_value=0.01935628203164504 -0.24153924358890272 -0.0021626148592145092 0.0052710441451447321 0.094628921967656779 0.26221672169841165
leaf_weight=3.6988855600357047 7.6885257810354215 524.78289034217596 7.4752461314201355 21.37044171243906 2.8967932760715485
leaf_count=15 22 1893 32 100 12
internal_value=-0.000174425 -0.00165752 -0.119874 0.00162483 0.126032
internal_weight=567.913 561.317 15.1638 546.153 6.59568
internal_count=2074 2047 54 1993 27
is_linear=0
shrinkage=0.252688


Tree=105
num_leaves=6
num_cat=0
split_feature=3 21 20 5 5
split_gain=1.87556 5.33893 3.75075 2.79621 2.2957
threshold=1.3272922635078432 1.0311867594718935 12.578116893768312 1.9713184833526614 1.9713184833526614
decision_type=2 2 2 2 2
left_child=2 -2 4 -3 -1
right_child=1 3 -4 -5 -6
leaf_value=0.0014936631735526691 0.32439890406237815 -0.15288050669221556 -0.2575514347547338 0.14033684903444849 -0.13366927335740628
leaf_weight=526.97035659756511 4.312823098152875 4.6335232928395254 3.6505191624164572 3.7623341530561447 8.1470951288938505
leaf_count=1976 15 17 14 16 36
internal_value=-4.25085e-05 0.0959036 -0.00230582 -0.0214838 -0.000564303
internal_weight=551.477 12.7087 538.768 8.39586 535.117
internal_count=2074 48 2026 33 2012
is_linear=0
shrinkage=0.252688


Tree=106
num_leaves=6
num_cat=0
split_feature=6 20 6 9 14
split_gain=1.62325 2.74415 1.47459 3.81899 1.94314
threshold=1.3544857501983645 -0.15698746591806409 1.2494528889656069 0.1477371230721474 -1.5486110448837278
decision_type=2 2 2 2 2
left_child=2 -2 4 -4 -1
right_child=1 -3 3 -5 -6
leaf_value=0.10673034403843915 -0.064942545971990034 0.19905948656693234 -0.14643259234082762 0.058869669824816576 -0.0010509755453649466
leaf_weight=10.907899975776671 4.0720159895718098 6.5689942538738233 14.21704237163067 9.7542928867042047 510.83151538297534
leaf_count=24 25 12 71 44 1898
internal_value=0.000292942 0.098035 -0.00161306 -0.0628925 0.00120249
internal_weight=556.352 10.641 545.711 23.9713 521.739
internal_count=2074 37 2037 115 1922
is_linear=0
shrinkage=0.252688


Tree=107
num_leaves=8
num_cat=0
split_feature=12 2 1 23 3 16 23
split_gain=1.7819 6.53383 5.28059 4.18037 5.49566 4.01476 3.9945
threshold=0.5087246596813203 0.52292096614837658 -0.07131528481841086 1.950252413749695 0.0065974122844636449 0.54925495386123668 0.65029674768447887
decision_type=2 2 2 2 2 2 2
left_child=3 2 -2 6 -5 -3 -1
right_child=1 5 -4 4 -6 -7 -8
leaf_value=-0.0057766544189046731 0.039080173997521568 0.38545701345202482 -0.068152312204841956 0.27503885672695316 0.020004426335562247 0.078272369818897181 -0.081658490353281335
leaf_weight=331.42601270787418 102.59814491122961 4.7466041147708875 41.055422335863113 7.2067096307873753 21.456058546900749 6.3520543873310089 51.127808056771755
leaf_count=1173 382 22 140 36 104 32 185
internal_value=-0.000246541 0.0228659 0.00843355 -0.00894443 0.0841319 0.209659 -0.0159183
internal_weight=565.969 154.752 143.654 411.217 28.6628 11.0987 382.554
internal_count=2074 576 522 1498 140 54 1358
is_linear=0
shrinkage=0.252688


Tree=108
num_leaves=7
num_cat=0
split_feature=1 5 4 23 6 23
split_gain=2.17701 4.34732 4.53636 2.83524 7.08408 3.45192
threshold=-0.98377662897109974 -1.0952846407890318 -1.8424841761589048 -0.4661372303962707 0.29540477693080908 -0.4502748548984527
decision_type=2 2 2 2 2 2
left_child=1 -1 -3 4 -2 -5
right_child=3 2 -4 5 -6 -7
leaf_value=-0.21103592722580672 -0.11018929004155165 -0.21487501717902996 0.075153745347699294 0.089461521389237852 0.22853683781651329 -0.0059367119577912499
leaf_weight=4.0653206408023825 34.509244797751307 3.6529710441827765 59.898612812161446 25.713698532432318 4.4502998590469351 416.38834983948618
leaf_count=23 171 17 213 96 15 1539
internal_value=-0.000179371 0.0422754 0.0584811 -0.00614676 -0.0714944 -0.000388022
internal_weight=548.678 67.6169 63.5516 481.062 38.9595 442.102
internal_count=2074 253 230 1821 186 1635
is_linear=0
shrinkage=0.252688


Tree=109
num_leaves=8
num_cat=0
split_feature=0 16 18 18 2 16 6
split_gain=1.44057 5.37912 4.05493 6.6566 5.02626 2.46582 0.0129216
threshold=-1.0000000180025095e-35 -0.42455215752124781 0.01207460602745414 0.16520308703184131 -0.3753810822963714 0.45047184824943548 0.39168487489223486
decision_type=2 2 2 2 2 2 2
left_child=1 6 4 -4 -2 -3 -1
right_child=2 5 3 -5 -6 -7 -8
leaf_value=-0.20920101157533227 -0.014934097296726749 -0.050051692505246582 -0.16970372237724596 -0.0016824599104307339 0.058564659215087779 0.010792353203835699 -0.23075326980897842
leaf_weight=5.4863980673253518 101.70596355944872 61.522692363709211 18.374517224729061 83.335705600678921 142.85257792472839 137.76120969280601 2.7469836324453354
leaf_count=31 344 286 92 285 425 601 10
internal_value=0.000386941 -0.016261 0.010364 -0.0320372 0.0279983 -0.00799143 -0.216406
internal_weight=553.786 207.517 346.269 101.71 244.559 199.284 8.23338
internal_count=2074 928 1146 377 769 887 41
is_linear=0
shrinkage=0.252688


Tree=110
num_leaves=8
num_cat=0
split_feature=2 8 14 5 21 15 15
split_gain=1.97721 4.26476 4.47161 2.70919 5.69038 1.78811 0.709263
threshold=-1.1777715682983396 -0.3454314917325973 1.0486110448837282 -1.0766156911849973 2.0181746482849126 1.8701227307319643 0.10342530161142351
decision_type=2 2 2 2 2 2 2
left_child=1 6 -3 5 -5 -2 -1
right_child=3 2 -4 4 -6 -7 -8
leaf_value=0.25192138905217548 -0.065639940079089881 -0.091680289343153629 0.099107430632363797 0.0073906793702547277 0.22217613498026703 0.14011883299180691 0.076483517467595949
leaf_weight=2.9233517348766318 43.547489769756794 50.156500734388828 9.2975220382213575 442.70549960434437 8.0180236697196943 2.8743132352828971 2.9633407145738602
leaf_count=15 166 199 36 1585 45 17 11
internal_value=-0.000205985 -0.0415301 -0.0618439 0.00522535 0.0112118 -0.0528984 0.163622
internal_weight=562.486 65.3407 59.454 497.145 450.724 46.4218 5.88669
internal_count=2074 261 235 1813 1630 183 26
is_linear=0
shrinkage=0.252688


Tree=111
num_leaves=8
num_cat=0
split_feature=4 4 6 19 16 21 10
split_gain=1.81886 4.23018 5.40653 4.93208 3.65487 7.45157 5.75995
threshold=-0.39667810499668116 -0.52558004856109608 1.2144418954849245 -0.042127564549446099 0.32469230890274053 -0.099598132073879228 0.31953288614749914
decision_type=2 2 2 2 2 2 2
left_child=1 3 -3 -1 6 -6 -2
right_child=4 2 -4 -5 5 -7 -8
leaf_value=-0.038765752103695025 -0.069947922204955673 0.130360870055751 -0.15758732313185472 0.047419839561669209 0.1637325877048359 -0.0043982853609435364 0.01676449867671434
leaf_weight=91.752548050135374 116.69691784307361 33.235918272286654 4.7592923194169989 78.813655951991677 19.711408033967018 115.18184707313776 84.208223141729832
leaf_count=375 491 118 18 286 69 423 294
internal_value=-0.000490521 0.0180432 0.0942907 0.00105811 -0.0120017 0.0201705 -0.033603
internal_weight=544.36 208.561 37.9952 170.566 335.798 134.893 200.905
internal_count=2074 797 136 661 1277 492 785
is_linear=0
shrinkage=0.252688


Tree=112
num_leaves=6
num_cat=0
split_feature=17 3 21 23 21
split_gain=1.43472 3.31454 3.58267 2.26707 1.86869
threshold=-0.36382216215133661 -0.21097694337368009 -0.87871292233467091 -0.53675776720046986 2.0181746482849126
decision_type=2 2 2 2 2
left_child=1 -1 -3 -2 -5
right_child=3 2 -4 4 -6
leaf_value=0.13553783398423086 0.17313871242776774 0.12310268030126639 -0.089251792734900082 0.0051773640178483403 -0.10509948425631517
leaf_weight=6.1086537539958945 5.0475132018327704 5.8025811314582816 40.314903423190117 482.41460174135864 10.014688914641736
leaf_count=21 9 11 157 1796 80
internal_value=0.00047887 -0.0393634 -0.0625319 0.00466163 0.00293452
internal_weight=549.703 52.2261 46.1175 497.477 492.429
internal_count=2074 189 168 1885 1876
is_linear=0
shrinkage=0.252688


Tree=113
num_leaves=8
num_cat=0
split_feature=17 13 15 17 3 24 16
split_gain=1.67608 8.66124 5.67077 3.26994 4.48149 4.03548 1.76915
threshold=1.0582173466682436 0.80409342050552379 0.4781330823898316 1.3471857309341433 0.056301094591617591 -3.6409100294113155 0.88714885711669933
decision_type=2 2 2 2 2 2 2
left_child=1 2 -1 5 -5 -2 -3
right_child=3 6 -4 4 -6 -7 -8
leaf_value=-0.0070503773946207632 0.1072714795108914 0.26067166759481797 0.10762893803174441 0.17960311119866795 -0.015932126744826029 -0.095355084238241059 0.044312178572058922
leaf_weight=404.48324589803815 7.1776853054761878 10.017405062913893 29.542583048343658 9.0095682330429536 44.189530044794083 49.925067730247974 3.1792041510343543
leaf_count=1452 34 47 116 42 198 174 11
internal_value=6.78352e-06 0.00688745 0.000755551 -0.027891 0.0171843 -0.0698846 0.208552
internal_weight=557.524 447.222 434.026 110.302 53.1991 57.1028 13.1966
internal_count=2074 1626 1568 448 240 208 58
is_linear=0
shrinkage=0.252688


Tree=114
num_leaves=8
num_cat=0
split_feature=13 7 9 6 7 6 23
split_gain=2.26294 2.23342 4.95682 2.18413 6.73291 3.7745 0.686957
threshold=-1.0263156890869138 0.46896512806415563 -0.12320292368531226 -0.76367613673210133 -0.52000975608825672 -0.75054696202278126 -0.12871377915143964
decision_type=2 2 2 2 2 2 2
left_child=1 6 -3 4 -2 -5 -1
right_child=3 2 -4 5 -6 -7 -8
leaf_value=-0.059183736495795405 -0.054427259297237865 0.31188057070927705 -0.10724925303767036 -0.15820766717354987 0.12811296995106211 0.00047628857586992787 -0.23117557427521176
leaf_weight=1.9723900146782405 22.272201992571354 2.3503378368914127 7.711548997089265 9.7746817693114263 30.665176428854465 458.37408491969109 5.9788895919919032
leaf_count=23 87 11 41 30 100 1751 31
internal_value=-0.0003798 -0.088432 -0.00933411 0.00266412 0.0513135 -0.00283711 -0.188518
internal_weight=539.099 18.0132 10.0619 521.086 52.9374 468.149 7.95128
internal_count=2074 106 52 1968 187 1781 54
is_linear=0
shrinkage=0.252688


Tree=115
num_leaves=8
num_cat=0
split_feature=19 4 19 16 10 1 16
split_gain=1.37828 5.38174 5.15396 3.2885 5.6326 1.73801 0.0750522
threshold=1.0006890892982485 3.9179333448410039 0.94520583748817455 -0.48901444673538202 0.62874972820281994 -0.26406931877136225 1.805086672306061
decision_type=2 2 2 2 2 2 2
left_child=1 2 -1 5 -5 -2 -3
right_child=3 6 -4 4 -6 -7 -8
leaf_value=0.0021377919953751647 0.061939350158745736 -0.28253005284071314 -0.21803028046470826 -0.19852614409309949 0.049737081277774188 0.24302401241446639 -0.22308712617480295
leaf_weight=483.89654071442783 7.2654379978775978 2.758269526064395 6.8849986344575873 7.2607180140912524 29.710569106042385 6.335390627384184 2.7051860019564629
leaf_count=1837 22 11 31 36 107 13 17
internal_value=0.000322208 -0.00372766 -0.000951096 0.0400617 0.00097898 0.146297 -0.253122
internal_weight=546.817 496.245 490.782 50.5721 36.9713 13.6008 5.46346
internal_count=2074 1896 1868 178 143 35 28
is_linear=0
shrinkage=0.252688


Tree=116
num_leaves=7
num_cat=0
split_feature=13 24 13 21 24 20
split_gain=1.60418 5.16491 2.75899 5.24626 2.53158 2.16127
threshold=-1.0263156890869138 0.67628499865531932 -0.61111110448837269 -0.19765916466712949 0.47469753026962286 0.80841243267059337
decision_type=2 2 2 2 2 2
left_child=1 5 3 -2 -4 -1
right_child=2 -3 4 -5 -6 -7
leaf_value=0.19499026104003495 0.0084056335832023814 -0.11382629665404929 -0.0065478490416649117 -0.1426890029651838 0.037171454904310862 -0.027991790919391284
leaf_weight=12.390584759414198 35.815705254673958 7.1129478625953189 358.37981265969574 24.855527434498072 110.6889858096838 3.5764357149600974
leaf_count=72 125 24 1306 91 446 10
internal_value=5.16616e-05 0.0652636 -0.00278959 -0.0534948 0.00376889 0.145045
internal_weight=552.82 23.08 529.74 60.6712 469.069 15.967
internal_count=2074 106 1968 216 1752 82
is_linear=0
shrinkage=0.252688


Tree=117
num_leaves=8
num_cat=0
split_feature=10 18 3 18 4 24 17
split_gain=1.73857 3.59362 3.83991 2.44607 1.93258 4.16018 3.57592
threshold=-0.76233309507369984 -0.1015367992222309 -0.07249171286821364 -0.55323827266693104 -0.23869271576404569 0.16308384388685229 0.88852483034133922
decision_type=2 2 2 2 2 2 2
left_child=1 3 -3 -1 5 -2 -6
right_child=4 2 -4 -5 6 -7 -8
leaf_value=-0.00075332831391749231 -0.0075103312617833705 -0.06855400995646467 0.19467718506037737 -0.21475436131505968 -0.029626595189920443 0.066049294102402012 0.02807313575379752
leaf_weight=5.078285075724124 121.18183780834079 9.5911526754498464 5.6063880473375312 10.383441857993605 197.14045655913651 82.519473409280181 105.16709744185209
leaf_count=31 465 45 16 52 754 311 400
internal_value=-0.000275408 -0.0587036 0.0285555 -0.14447 0.00326483 0.0222888 -0.00955393
internal_weight=536.668 30.6593 15.1975 15.4617 506.009 203.701 302.308
internal_count=2074 144 61 83 1930 776 1154
is_linear=0
shrinkage=0.252688


Tree=118
num_leaves=7
num_cat=0
split_feature=15 23 3 23 15 2
split_gain=1.42438 2.82367 4.25228 2.90897 2.15772 2.0474
threshold=4.5103371143341073 1.9660103321075442 1.5388656258583071 1.8838003873825075 4.6590611934661874 -0.098888970911502824
decision_type=2 2 2 2 2 2
left_child=1 3 -3 -1 -2 -6
right_child=4 2 -4 -5 5 -7
leaf_value=-0.0022125932117554831 0.23056177236346276 -0.17702491193737666 0.18662694704458738 0.13070940278817647 -0.052964873748565261 0.11843536703453712
leaf_weight=497.63964456878603 4.0177861899137524 11.751321651041506 2.4873215705156317 10.739038921892641 9.6972437649965322 8.2225853931158746
leaf_count=1858 8 99 5 24 41 39
internal_value=0.000134702 -0.00251308 -0.113495 0.000595394 0.0632112 0.0256839
internal_weight=544.555 522.617 14.2386 508.379 21.9376 17.9198
internal_count=2074 1986 104 1882 88 80
is_linear=0
shrinkage=0.252688


Tree=119
num_leaves=7
num_cat=0
split_feature=10 2 13 4 2 17
split_gain=1.94169 3.47987 4.62753 2.47382 8.53023 4.70701
threshold=-0.84899231791496266 0.13655611872673037 0.21345020830631259 -0.34149339795112604 0.66568392515182506 0.6956462860107423
decision_type=2 2 2 2 2 2
left_child=1 2 -1 4 -2 -5
right_child=3 -3 -4 5 -6 -7
leaf_value=0.045012393759300572 -0.036662313395474322 -0.13354660766234927 0.34296642445897513 0.032021576889577769 0.20050652932069088 -0.032723912477282464
leaf_weight=12.083226092159753 192.67072535771877 4.0685934275388709 4.5931311398744574 218.83282951265574 10.194967061281202 106.63103808835149
leaf_count=42 724 9 21 783 61 434
internal_value=0.00013559 0.075967 0.127086 -0.00284201 -0.024743 0.0108091
internal_weight=549.075 20.745 16.6764 528.33 202.866 325.464
internal_count=2074 72 63 2002 785 1217
is_linear=0
shrinkage=0.252688


Tree=120
num_leaves=5
num_cat=0
split_feature=21 10 13 17
split_gain=2.14141 2.91347 1.76888 0.0199499
threshold=-1.0132324695587156 -0.94769051671028126 -1.0263156890869138 -0.32923988997936243
decision_type=2 2 2 2
left_child=-1 3 -3 -2
right_child=1 2 -4 -5
leaf_value=0.15684636005127017 -0.18902831058155031 -0.080838294327476051 0.0024887029191390441 -0.22315686655350395
leaf_weight=5.4792399257421485 2.5042124465107918 16.806332543492317 505.96060520038009 2.0026748627424231
leaf_count=18 19 106 1920 11
internal_value=-0.000301199 -0.00193438 -0.000190237 -0.204218
internal_weight=532.753 527.274 522.767 4.50689
internal_count=2074 2056 2026 30
is_linear=0
shrinkage=0.252688


Tree=121
num_leaves=5
num_cat=0
split_feature=16 7 9 13
split_gain=1.65103 1.46004 3.36213 2.48181
threshold=-0.92156407237052906 1.0134183764457705 1.9455681443214419 0.55263155698776256
decision_type=2 2 2 2
left_child=-1 2 -2 -3
right_child=1 3 -4 -5
leaf_value=-0.20321836280107922 0.00028498723061768028 0.085994646355198323 -0.12370926738262213 -0.017934005082646146
leaf_weight=2.5345683172345153 465.70065940916538 32.199203908443451 14.3941129501909 26.950546756386757
leaf_count=18 1827 74 77 78
internal_value=0.000226017 0.00118245 -0.00343271 0.0386416
internal_weight=541.779 539.245 480.095 59.1498
internal_count=2074 2056 1904 152
is_linear=0
shrinkage=0.252688


Tree=122
num_leaves=5
num_cat=0
split_feature=14 2 8 23
split_gain=4.2203 1.80342 3.54861 2.50673
threshold=1.6875000000000002 -1.1777715682983396 -0.31032371520996088 -0.35955525934696192
decision_type=2 2 2 2
left_child=1 2 -1 -3
right_child=-2 3 -4 -5
leaf_value=0.10902931473234269 0.28113193540121156 0.028243932194842246 -0.065597744177381276 -0.0099618130415862222
leaf_weight=8.6010411828756315 3.3894697278738013 170.03639338165522 54.565753691829741 308.77198589220643
leaf_count=39 16 604 222 1193
internal_value=6.97003e-05 -0.00168831 -0.0418191 0.00360598
internal_weight=545.365 541.975 63.1668 478.808
internal_count=2074 2058 261 1797
is_linear=0
shrinkage=0.252688


Tree=123
num_leaves=8
num_cat=0
split_feature=9 5 19 21 0 17 13
split_gain=1.67522 3.66845 5.36224 2.55676 1.84069 4.2974 3.54588
threshold=-0.5278005301952361 -0.035713851451873772 1.0006890892982485 -0.34637247025966639 -1.0000000180025095e-35 -0.34385664761066431 0.59941512346267711
decision_type=2 2 2 2 2 2 2
left_child=1 3 -3 -1 6 -6 -2
right_child=4 2 -4 -5 5 -7 -8
leaf_value=0.016583545658082247 0.02671013541403669 0.10008894114693188 -0.08505355895879152 -0.10789457511277999 0.067806567154327549 -0.04141875594368815 -0.044046162924211478
leaf_weight=29.787562977522612 167.74632980581373 53.50030504539609 12.281049601733683 16.301328025758266 26.780027352273464 162.92737005278468 61.914560649544001
leaf_count=114 599 195 41 71 113 659 282
internal_value=-0.000251474 0.0272221 0.0655233 -0.0274442 -0.00758033 -0.0259998 0.00763479
internal_weight=531.239 111.87 65.7814 46.0889 419.368 189.707 229.661
internal_count=2074 421 236 185 1653 772 881
is_linear=0
shrinkage=0.252688


Tree=124
num_leaves=8
num_cat=0
split_feature=17 17 9 1 17 1 2
split_gain=1.33716 4.4493 4.75502 4.07063 4.28873 3.1091 1.73819
threshold=-0.34649430215358729 -0.33901354670524592 -0.59322282671928395 -0.06598255410790442 -0.44845800101757044 -1.5034211874008176 -0.7050817310810088
decision_type=2 2 2 2 2 2 2
left_child=3 2 -2 4 -1 -3 -5
right_child=1 5 -4 6 -6 -7 -8
leaf_value=0.19684138867457701 -0.051080914479228065 -0.24722688360476403 0.18855662738501866 0.0042475938342335946 -0.026479572006999279 0.0016756691949122166 -0.2389159388302477
leaf_weight=5.9754125922918311 7.807376146316531 3.2279762402176848 16.375930830836296 2.4880718141794205 67.639489121735096 428.93864420428872 7.6419073790311796
leaf_count=10 27 16 37 9 239 1693 43
internal_value=0.000332433 0.0057185 0.111192 -0.0290176 -0.00835103 -0.000183752 -0.179194
internal_weight=540.095 456.35 24.1833 83.7449 73.6149 432.167 10.13
internal_count=2074 1773 64 301 249 1709 52
is_linear=0
shrinkage=0.252688


Tree=125
num_leaves=8
num_cat=0
split_feature=12 2 10 12 18 18 20
split_gain=1.57391 5.47686 3.82544 3.24177 4.03096 3.60086 1.77113
threshold=0.52186670899391185 0.52292096614837658 0.90055882930755626 0.054200289770960815 -0.3891328871250152 0.6745334565639497 -0.93085792660713185
decision_type=2 2 2 2 2 2 2
left_child=3 2 -2 4 -1 -5 -3
right_child=1 6 -4 5 -6 -7 -8
leaf_value=-0.049806015121336839 0.041154368058693221 -0.04700253902820823 -0.047458858232024809 -0.072255943949173285 0.02129784696608953 0.038099441822980827 0.25717232404044088
leaf_weight=65.605926315300167 87.322928875684738 1.4469681084156034 48.318474642932415 80.454590849578381 227.23909517750144 24.667518086731434 7.8654399514198285
leaf_count=214 327 6 190 281 904 107 45
internal_value=-8.46374e-05 0.0224584 0.0095883 -0.00829565 0.00536842 -0.0463603 0.209909
internal_weight=542.921 144.954 135.641 397.967 292.845 105.122 9.31241
internal_count=2074 568 517 1506 1118 388 51
is_linear=0
shrinkage=0.252688


Tree=126
num_leaves=5
num_cat=0
split_feature=2 1 4 1
split_gain=1.93107 2.66758 9.01607 1.75375
threshold=0.87709650397300731 1.0563540458679201 0.21535338461399081 0.47804914414882665
decision_type=2 2 2 2
left_child=1 3 -3 -1
right_child=-2 2 -4 -5
leaf_value=-0.006683633789586388 0.16276423221807812 -0.19012928912386823 0.20859171996636178 0.027711507848938048
leaf_weight=377.07018928602338 4.602910879533737 14.858186123892667 4.7875487655401221 126.37888252735138
leaf_count=1506 24 75 17 452
internal_value=-0.000180187 -0.00161416 -0.0929603 0.00195046
internal_weight=527.698 523.095 19.6457 503.449
internal_count=2074 2050 92 1958
is_linear=0
shrinkage=0.252688


Tree=127
num_leaves=7
num_cat=0
split_feature=5 1 5 19 23 7
split_gain=1.5106 4.1284 4.10448 2.19487 3.5736 3.04994
threshold=-1.3552751541137693 -0.23405906558036801 -1.6580471992492674 -0.95711722970008839 0.23513868451118472 -1.1840999126434324
decision_type=2 2 2 2 2 2
left_child=1 -1 -3 4 -2 -5
right_child=3 2 -4 5 -6 -7
leaf_value=0.25218115429160726 -0.17941588231223338 -0.12651043205331108 0.12431828588062088 -0.14363467451338788 0.035214122546319712 0.0034096128542111695
leaf_weight=5.6042178384959724 11.204143030568959 8.162349652498964 8.5058562383055651 9.176362354308365 8.8777368795126659 485.51178666111082
leaf_count=20 81 60 37 61 44 1771
internal_value=0.00014497 0.0645725 0.00148833 -0.00264266 -0.0845344 0.000681819
internal_weight=537.042 22.2724 16.6682 514.77 20.0819 494.688
internal_count=2074 117 97 1957 125 1832
is_linear=0
shrinkage=0.252688


Tree=128
num_leaves=5
num_cat=0
split_feature=7 4 3 11
split_gain=1.77961 1.74678 4.64098 4.08105
threshold=-2.1426863670349117 -1.4228082895278928 -0.22660372406244275 -0.63151198625564564
decision_type=2 2 2 2
left_child=-1 2 -2 -3
right_child=1 3 -4 -5
leaf_value=0.17723026870379888 -0.0055763904892077764 0.050623498964886007 -0.21390936968799762 -0.0081045996857342859
leaf_weight=3.5942326933145514 30.244582356885076 92.954898216761649 8.8176327496767026 403.55461909249425
leaf_count=18 114 359 22 1561
internal_value=3.19528e-05 -0.0011574 -0.0526063 0.00289032
internal_weight=539.166 535.572 39.0622 496.51
internal_count=2074 2056 136 1920
is_linear=0
shrinkage=0.252688


Tree=129
num_leaves=6
num_cat=0
split_feature=9 3 8 21 3
split_gain=1.53278 1.99879 1.72312 1.02947 0.00720135
threshold=2.6204532384872441 1.5388656258583071 11.880712509155275 2.246133685112 -0.34684590995311732
decision_type=2 2 2 2 2
left_child=1 2 -1 4 -2
right_child=3 -3 -4 -5 -6
leaf_value=0.0012497533120284898 -0.20841677334503658 0.19629882663984502 -0.16215797770550103 0.051889122752783325 -0.18672016314314824
leaf_weight=512.370545046404 1.927370154764503 3.3307332769036284 4.1532694660127154 1.4322320194914935 2.1720058759674421
leaf_count=1990 14 14 22 11 23
internal_value=-0.00021399 0.00119396 -6.43389e-05 -0.13252 -0.196947
internal_weight=525.386 519.855 516.524 5.53161 4.09938
internal_count=2074 2026 2012 48 37
is_linear=0
shrinkage=0.252688


Tree=130
num_leaves=8
num_cat=0
split_feature=2 2 11 18 4 4 1
split_gain=1.15983 3.47632 4.93803 3.40352 7.56902 4.69817 3.37511
threshold=-0.3753810822963714 -1.1949508786201475 0.64750030636787426 -0.39242599904537195 -0.87317728996276844 -2.2395718097686763 -0.11476610228419303
decision_type=2 2 2 2 2 2 2
left_child=1 6 -3 4 -2 -5 -1
right_child=3 2 -4 5 -6 -7 -8
leaf_value=0.001310569606028329 -0.27058114803332467 -0.085758435883383236 0.044111075204283041 0.21642537485981009 0.072881218264624223 -0.0097963425494510138 0.15267292036707494
leaf_weight=74.906129412353039 4.3306775465607634 68.058070909231901 25.773371644318104 5.9913781583309165 75.719214018434286 269.90236713457853 10.756645277142523
leaf_count=231 19 310 90 11 200 1191 22
internal_value=7.50041e-05 -0.0164862 -0.0500862 0.00842644 0.0542983 -0.00488324 0.0203179
internal_weight=535.438 179.494 93.8314 355.944 80.0499 275.894 85.6628
internal_count=2074 653 400 1421 219 1202 253
is_linear=0
shrinkage=0.252688


Tree=131
num_leaves=4
num_cat=0
split_feature=15 14 17
split_gain=1.71445 3.13078 1.84934
threshold=-0.60796841979026783 1.6875000000000002 -0.36382216215133661
decision_type=2 2 2
left_child=-1 2 -2
right_child=1 -3 -4
leaf_value=-0.13537788490094305 0.051489493152926002 0.25451635958801233 -0.0041977536194553345
leaf_weight=5.8953855484724036 41.302317697554827 3.1072236299514762 487.68717011995614
leaf_count=18 171 16 1869
internal_value=0.000134325 0.00163587 0.000150227
internal_weight=537.992 532.097 528.989
internal_count=2074 2056 2040
is_linear=0
shrinkage=0.252688


Tree=132
num_leaves=7
num_cat=0
split_feature=7 3 13 13 3 16
split_gain=1.62192 3.34075 3.09514 6.13414 1.87497 0.318431
threshold=-0.98875123262405384 -1.5399346947669981 0.60526308417320263 0.4064327478408814 -0.48508395254611963 0.7395688295364381
decision_type=2 2 2 2 2 2
left_child=2 -2 3 -1 -3 -4
right_child=1 4 5 -5 -6 -7
leaf_value=-0.064041281998998736 0.27476074529511613 0.035247158546281375 -0.16063691331024613 0.17682087445461678 -0.005087706855690698 -0.27903627722893393
leaf_weight=37.470368053764105 2.9008261859416953 91.406000727321953 3.0989390686154357 8.2344651818275434 377.46761356666684 2.7318904399871826
leaf_count=151 8 340 20 27 1521 7
internal_value=-0.000201308 0.0044482 -0.0427641 -0.0206445 0.00277552 -0.21613
internal_weight=523.31 471.774 51.5357 45.7048 468.874 5.83083
internal_count=2074 1869 205 178 1861 27
is_linear=0
shrinkage=0.252688


Tree=133
num_leaves=8
num_cat=0
split_feature=9 24 18 21 17 9 9
split_gain=1.51036 5.54179 3.93663 3.80176 3.67757 2.84945 2.5903
threshold=1.2128003835678103 2.3228778839111333 0.91108667850494396 0.38366565108299261 -0.21510434150695798 -0.54356878995895375 1.8883299827575686
decision_type=2 2 2 2 2 2 2
left_child=1 3 4 -1 -2 -3 -4
right_child=2 5 6 -5 -6 -7 -8
leaf_value=-0.011413000673024367 -0.04097908202996 0.064259214973863651 -0.0092867117220908259 0.045378996678943101 0.11140867766981204 -0.16061886180253271 -0.21638874547594653
leaf_weight=334.71935591287911 13.713224351406096 4.3614121973514584 17.217603180557493 97.093807730823755 38.500162146985531 20.54132067784667 4.9684930723160496
leaf_count=1275 44 17 63 366 119 152 38
internal_value=0.000111014 -0.00532765 0.0334972 0.0013568 0.0713858 -0.121234 -0.0556705
internal_weight=531.115 456.716 74.3995 431.813 52.2134 24.9027 22.1861
internal_count=2074 1810 264 1641 163 169 101
is_linear=0
shrinkage=0.252688


Tree=134
num_leaves=8
num_cat=0
split_feature=14 22 6 6 7 6 20
split_gain=1.67992 6.49656 4.13187 3.5445 3.14109 1.33634 1.26006
threshold=-0.38194441795349116 0.78391396999359142 0.40481397509574896 0.76586437225341808 -0.90043389797210682 0.52735230326652538 -0.29463438689708704
decision_type=2 2 2 2 2 2 2
left_child=1 6 4 -3 -2 -4 -1
right_child=2 3 5 -5 -6 -7 -8
leaf_value=0.34517185521981592 0.061840489229166885 -0.16278013612296316 -0.21154478142882979 0.020889382395425388 -0.011891521905839756 -0.020746519170461941 0.12841719402489749
leaf_weight=4.2863280028104782 41.372315518558025 7.0812943503260604 8.2611185722053033 127.39156604558229 340.66676006000489 3.2724598795175543 2.8532003611326209
leaf_count=19 170 31 35 518 1277 12 12
internal_value=8.66684e-05 0.023688 -0.00840542 0.0112168 -0.00390675 -0.157413 0.258565
internal_weight=535.185 141.612 393.573 134.473 382.039 11.5336 7.13953
internal_count=2074 580 1494 549 1447 47 31
is_linear=0
shrinkage=0.252688


Tree=135
num_leaves=8
num_cat=0
split_feature=12 16 24 4 24 13 18
split_gain=1.4929 6.42272 4.85058 5.15635 4.84591 4.09712 2.82245
threshold=-0.18155469745397565 -0.058204565197229378 -0.17013187706470487 -0.73710441589355458 -0.1218033730983734 -0.57017540931701649 0.55049392580986034
decision_type=2 2 2 2 2 2 2
left_child=1 5 3 -2 -4 -1 -3
right_child=2 6 4 -5 -6 -7 -8
leaf_value=0.0062301066722478121 -0.12336418926253935 0.069780336296704382 0.19819072529981724 0.00040599931295881683 0.026212777665709331 -0.10186758970171257 -0.010897471288612693
leaf_weight=34.622953090816736 28.102320783305913 49.75243753939867 11.110210884362457 91.364770643413067 179.07202740479261 63.353340234607458 62.429935932159424
leaf_count=131 116 169 48 371 742 282 215
internal_value=3.78824e-05 -0.0163997 0.0111941 -0.0287089 0.03626 -0.0636681 0.024883
internal_weight=519.808 210.159 309.649 119.467 190.182 97.9763 112.182
internal_count=2074 797 1277 487 790 413 384
is_linear=0
shrinkage=0.252688


Tree=136
num_leaves=8
num_cat=0
split_feature=9 1 9 9 14 9 21
split_gain=1.37936 4.31772 2.00952 1.58539 3.11597 1.92813 1.22503
threshold=-0.87094116210937489 -0.37359261512756342 -0.99418321251869191 -0.78947457671165455 0.034722229465842254 -0.72513332962989796 -0.082028340548276887
decision_type=2 2 2 2 2 2 2
left_child=1 6 -3 4 -2 -5 -1
right_child=3 2 -4 5 -6 -7 -8
leaf_value=-0.024749428858195966 0.16603003801909053 -0.050391989399967391 -0.27283375752066918 -0.095110573604629184 -0.037418007132911067 0.0024390053219246533 0.14883096514395477
leaf_weight=5.9408227950334549 10.564440689980986 4.5449032336473465 6.0388758480548841 13.299509599804876 8.8190394192934018 474.7645578943193 4.6102639213204402
leaf_count=22 23 17 29 54 31 1885 13
internal_value=-3.88823e-05 -0.0632884 -0.17732 0.00259548 0.0734673 -0.000219271 0.0510995
internal_weight=528.582 21.1349 10.5838 507.448 19.3835 488.064 10.5511
internal_count=2074 81 46 1993 54 1939 35
is_linear=0
shrinkage=0.252688


Tree=137
num_leaves=4
num_cat=0
split_feature=15 4 22
split_gain=1.53727 1.82017 1.31785
threshold=-0.61191478371620167 4.709947109222413 0.84076648950576793
decision_type=2 2 2
left_child=-1 2 -2
right_child=1 -3 -4
leaf_value=-0.19468745480526228 -0.0073558757349790954 0.15836796302791598 0.022789735386819776
leaf_weight=2.5765352100133887 403.94844527170062 4.648258462548255 120.13083933293819
leaf_count=9 1553 24 488
internal_value=1.61715e-06 0.00095055 -0.0004458
internal_weight=531.304 528.728 524.079
internal_count=2074 2065 2041
is_linear=0
shrinkage=0.252688


Tree=138
num_leaves=8
num_cat=0
split_feature=19 13 14 13 8 19 3
split_gain=1.44177 5.08629 4.99745 4.82608 3.37402 3.95198 2.50778
threshold=-0.44178643822669977 -0.34795320034027094 0.72916659712791454 -0.28362570703029627 -0.24629069119691846 0.10342597588896753 -0.83383920788764943
decision_type=2 2 2 2 2 2 2
left_child=1 2 -1 -3 5 -2 -6
right_child=4 3 -4 -5 6 -7 -8
leaf_value=-0.1887847427065425 0.10699454548146922 0.24853714906907606 0.011219274189709924 -0.0069677611069709818 -0.077872715065669382 -0.14200728046371225 0.0058517192320383313
leaf_weight=19.85127838421613 34.818150970153511 4.9590914696454993 13.335514318197964 97.798063237220049 24.614536255598068 4.6080647334456435 317.30493481270969
leaf_count=74 143 13 67 412 104 14 1247
internal_value=-6.95702e-05 -0.0224127 -0.108418 0.00536418 0.00789543 0.0778901 -0.000175649
internal_weight=517.29 135.944 33.1868 102.757 381.346 39.4262 341.919
internal_count=2074 566 141 425 1508 157 1351
is_linear=0
shrinkage=0.252688


Tree=139
num_leaves=7
num_cat=0
split_feature=9 18 1 18 5 1
split_gain=1.13174 2.83365 3.52714 2.92454 2.26282 2.40285
threshold=0.98175901174545299 0.91108667850494396 0.20901288092136386 1.0021952986717226 2.0953937768936162 0.28507675230503088
decision_type=2 2 2 2 2 2
left_child=4 2 -2 -3 5 -1
right_child=1 3 -4 -5 -6 -7
leaf_value=0.0075737216876937356 0.00062451232405980744 -0.27373449740083772 0.11820343188652011 -0.014007269042497626 -0.17810204342681468 -0.035631338948033761
leaf_weight=320.92840726859868 36.635141607373953 3.1799317598342922 29.333957716822624 21.354139252565801 4.7909974455833426 110.48735720105469
leaf_count=1187 135 13 76 104 21 538
internal_value=-7.40278e-05 0.0256409 0.0529079 -0.0476765 -0.00540932 -0.0034913
internal_weight=526.71 90.5032 65.9691 24.5341 436.207 431.416
internal_count=2074 328 211 117 1746 1725
is_linear=0
shrinkage=0.252688


Tree=140
num_leaves=8
num_cat=0
split_feature=4 14 23 8 5 3 19
split_gain=1.34088 6.70331 3.55602 6.70159 3.55193 2.18122 0.98689
threshold=-0.34149339795112604 1.3125000000000002 1.950252413749695 0.65513849258422863 -0.25234036147594446 1.2000581026077273 0.24070517718791964
decision_type=2 2 2 2 2 2 2
left_child=2 4 3 -1 -2 -4 -3
right_child=1 6 5 -5 -6 -7 -8
leaf_value=-0.0093688792052561108 0.046795442455165676 0.1111472977170114 0.18867450087433205 -0.1759782285891219 -0.012441323719208272 -0.059066475849382086 0.30575791877393088
leaf_weight=178.78952915780246 90.831107150763273 2.4424682110548011 8.3270546942949277 16.86913188174367 224.07661876454949 3.1188281662762156 5.2243945896625519
leaf_count=718 378 13 42 61 823 16 23
internal_value=0.000141558 0.0103287 -0.0157254 -0.0237339 0.00464481 0.121169 0.243772
internal_weight=529.679 322.575 207.105 195.659 314.908 11.4459 7.66686
internal_count=2074 1237 837 779 1201 58 36
is_linear=0
shrinkage=0.252688


Tree=141
num_leaves=7
num_cat=0
split_feature=10 8 22 12 12 10
split_gain=1.44944 2.73395 1.91295 1.6246 5.55234 4.33295
threshold=-0.76233309507369984 -0.28882873058319086 -0.21958793699741361 0.47399897873401647 0.062224866822361953 1.0193829536437991
decision_type=2 2 2 2 2 2
left_child=1 -1 -3 4 -2 -5
right_child=3 2 -4 5 -6 -7
leaf_value=0.13029854134686572 -0.0060205467191545006 0.034174727880794377 -0.13077777385816561 -0.057063858790827572 0.066973858751873311 0.037639996295479428
leaf_weight=4.2733243852853802 268.4798087310046 6.0018865093588891 17.806615129113194 80.701844231924042 88.460044488310814 49.933304227888584
leaf_count=18 1026 34 92 390 332 182
internal_value=3.04409e-05 -0.0557919 -0.089195 0.00324558 0.0120697 -0.0208647
internal_weight=515.657 28.0818 23.8085 487.575 356.94 130.635
internal_count=2074 144 126 1930 1358 572
is_linear=0
shrinkage=0.252688


Tree=142
num_leaves=7
num_cat=0
split_feature=24 1 5 17 22 20
split_gain=1.37231 3.21996 5.72908 2.7796 2.45252 0.0407552
threshold=-1.8564782142639158 0.30179311335086828 -1.1663169860839842 4.9902498722076425 1.1015191078186037 1.2732819914817812
decision_type=2 2 2 2 2 2
left_child=1 2 -1 4 -2 -3
right_child=3 5 -4 -5 -6 -7
leaf_value=0.24768760181062907 0.0044948996073762518 -0.18955636008143753 -0.049890114538955699 0.18704832928207579 -0.12297984583881146 -0.23733586928640035
leaf_weight=4.7097153645008794 463.50011591706425 5.5752504914998999 33.589837834239006 5.230945147573947 9.8408780936151725 1.447253882884979
leaf_count=19 1722 54 165 19 88 7
internal_value=-0.000110825 -0.0421356 -0.0132939 0.00386907 0.00184453 -0.19942
internal_weight=523.894 45.3221 38.2996 478.572 473.341 7.0225
internal_count=2074 245 184 1829 1810 61
is_linear=0
shrinkage=0.252688


Tree=143
num_leaves=4
num_cat=0
split_feature=11 15 10
split_gain=1.90091 1.59473 1.42585
threshold=-1.3355544209480283 -0.60796841979026783 -0.77422457933425892
decision_type=2 2 2
left_child=-1 -2 -3
right_child=1 2 -4
leaf_value=0.25511994197371091 -0.14997006066336138 0.048361642042043108 -0.0031803845318546906
leaf_weight=1.8588899374008168 4.5373867750167838 36.888387195765972 482.79270102269948
leaf_count=9 16 135 1914
internal_value=8.05247e-05 -0.000824104 0.000478252
internal_weight=526.077 524.218 519.681
internal_count=2074 2065 2049
is_linear=0
shrinkage=0.252688


Tree=144
num_leaves=8
num_cat=0
split_feature=13 18 3 22 13 11 7
split_gain=1.18155 2.45708 5.79327 1.38132 3.55392 3.17874 0.161647
threshold=-1.0087718963623045 1.0279912352561953 0.70221230387687694 0.84076648950576793 0.55263155698776256 0.36538949608802801 0.4251160621643067
decision_type=2 2 2 2 2 2 2
left_child=1 6 -3 5 -5 -2 -1
right_child=3 2 -4 4 -6 -7 -8
leaf_value=-0.23169933286730557 0.0011938153921671312 -0.14158834408065754 0.18971779238209538 -0.22959456401540837 -0.012528964752231371 0.072579233475396007 -0.14486528807166252
leaf_weight=3.5965673029422787 337.15158487483859 8.0474135195836407 5.7973094880580893 5.0452143922448149 105.81704126670957 45.164501387625933 2.2166343182325363
leaf_count=25 1307 75 18 15 473 154 7
internal_value=4.09584e-06 -0.0607463 -0.00285588 0.00242565 -0.0224084 0.00962695 -0.198605
internal_weight=512.836 19.6579 13.8447 493.178 110.862 382.316 5.8132
internal_count=2074 125 93 1949 488 1461 32
is_linear=0
shrinkage=0.252688


Tree=145
num_leaves=8
num_cat=0
split_feature=16 16 7 24 16 24 10
split_gain=1.41903 5.93638 5.69912 3.58198 2.97009 3.39486 2.88499
threshold=1.0000000180025095e-35 -0.082468383014202104 1.1448020935058596 2.3228778839111333 0.083371270447969451 -0.21835286915302274 -0.60073313117027272
decision_type=2 2 2 2 2 2 2
left_child=1 3 -3 -1 5 -2 -6
right_child=4 2 -4 -5 6 -7 -8
leaf_value=0.0022151959095333723 0.1782715634571459 -0.20538001176539111 0.16651262169281089 -0.20619959614546474 0.094635085543482669 0.004547782679304101 -0.0055776774154671404
leaf_weight=254.7421906106174 14.212514646351339 16.516932673752311 3.1292390674352637 5.3760413322597733 20.267763666808605 14.520040128380058 193.08537076413631
leaf_count=889 38 90 6 52 66 52 881
internal_value=4.86496e-05 -0.0122086 -0.146142 -0.00209266 0.0142137 0.0904817 0.00394237
internal_weight=521.85 279.764 19.6462 260.118 242.086 28.7326 213.353
internal_count=2074 1037 96 941 1037 90 947
is_linear=0
shrinkage=0.252688


Tree=146
num_leaves=7
num_cat=0
split_feature=2 1 16 6 6 2
split_gain=1.463 2.32361 2.09197 5.41611 3.51774 1.30711
threshold=-1.1777715682983396 -0.11476610228419303 -0.0062560401856899253 -0.10722100362181662 1.2625820040702822 -1.2400144338607786
decision_type=2 2 2 2 2 2
left_child=1 5 3 -2 -4 -1
right_child=2 -3 4 -5 -6 -7
leaf_value=-0.0045422416773781742 0.077892491150027651 -0.1768679638675526 -0.019286481844424143 -0.0052184364117836817 0.11555800740712699 -0.12449712786791575
leaf_weight=46.576777145266533 74.563802219927311 6.7488520964980117 224.03854732401669 152.37957844138145 13.07313150167465 6.6247515380382529
leaf_count=218 299 25 898 549 67 18
internal_value=-5.24604e-05 -0.0371995 0.00474653 0.0220883 -0.0118516 -0.0194804
internal_weight=524.005 59.9504 464.055 226.943 237.112 53.2015
internal_count=2074 261 1813 848 965 236
is_linear=0
shrinkage=0.252688


Tree=147
num_leaves=5
num_cat=0
split_feature=11 15 15 2
split_gain=1.48311 2.62973 2.15445 1.49071
threshold=-1.3154522180557249 -0.57107892632484425 -0.55524483323097218 -1.7039696574211118
decision_type=2 2 2 2
left_child=-1 3 -3 -2
right_child=1 2 -4 -5
leaf_value=-0.18467379271558257 0.02845152857852944 -0.115284002151336 0.0007296659370971038 0.22811363181874275
leaf_weight=2.7667736969888201 4.6015330031514168 10.439654557034372 486.54173226724379 4.9625870138406736
leaf_count=27 14 54 1966 13
internal_value=-0.000189526 0.000818324 -0.00170745 0.132058
internal_weight=509.312 506.546 496.981 9.56412
internal_count=2074 2047 2020 27
is_linear=0
shrinkage=0.252688


Tree=148
num_leaves=5
num_cat=0
split_feature=6 21 1 21
split_gain=1.25823 1.36046 4.16358 4.07995
threshold=1.3807439208030703 0.1102806255221367 0.66972169280052196 0.19166566431522372
decision_type=2 2 2 2
left_child=1 2 -1 -3
right_child=-2 3 -4 -5
leaf_value=-0.0038684018550307173 0.13777307753654447 0.11171747476661678 -0.12071373108476219 0.0017998114966221539
leaf_weight=281.13825393468142 4.2006333395838729 24.368941660970449 20.920634409412742 187.15948690846562
leaf_count=1047 15 75 132 805
internal_value=4.85255e-05 -0.00107806 -0.0119613 0.014463
internal_weight=517.788 513.587 302.059 211.528
internal_count=2074 2059 1179 880
is_linear=0
shrinkage=0.252688


Tree=149
num_leaves=8
num_cat=0
split_feature=15 15 24 15 24 6 14
split_gain=1.43837 6.39613 7.58585 4.32593 7.53963 4.08661 2.54747
threshold=-0.36278901994228357 -0.3843159675598144 0.34294925630092626 -0.32819473743438715 -0.10041921585798262 -0.1728665009140968 1.6875000000000002
decision_type=2 2 2 2 2 2 2
left_child=1 5 -3 4 -2 -1 -5
right_child=3 2 -4 6 -6 -7 -8
leaf_value=0.22657730487700925 0.052831462527168409 0.23596639801939934 -0.15722818700048458 -0.0020108525970372829 -0.18196400041706168 -0.0047620681629280065 0.23801385726469046
leaf_weight=5.0234737209975711 14.205347687005995 15.337683975696565 3.9367884099483481 291.26860532164574 22.664837837219238 165.11289784312248 2.850466512143611
leaf_count=35 51 68 12 1213 61 618 16
internal_value=0.000137204 0.0176984 0.155655 -0.00991235 -0.0915025 0.00206917 0.000315775
internal_weight=520.4 189.411 19.2745 330.989 36.8702 170.136 294.119
internal_count=2074 733 80 1341 112 653 1229
is_linear=0
shrinkage=0.252688


Tree=150
num_leaves=5
num_cat=0
split_feature=7 17 23 17
split_gain=1.35226 1.36143 6.83145 4.18848
threshold=1.4545366764068606 0.26143082976341253 0.50900891423225414 0.34621840715408331
decision_type=2 2 2 2
left_child=1 2 -1 -3
right_child=-2 3 -4 -5
leaf_value=0.0042643117099511567 0.10961394311049022 -0.12546849432559676 0.32204908771426716 -0.0051313853931218992
leaf_weight=310.03470458043739 7.0989672169089308 20.791265971958637 4.3798156082630149 165.26253923773766
leaf_count=1274 24 88 14 674
internal_value=0.000106848 -0.00144658 0.00869161 -0.0185792
internal_weight=507.567 500.468 314.415 186.054
internal_count=2074 2050 1288 762
is_linear=0
shrinkage=0.252688


Tree=151
num_leaves=8
num_cat=0
split_feature=12 12 9 8 9 12 1
split_gain=1.42191 4.46376 3.02376 4.00575 2.86779 2.19426 0.0229837
threshold=-0.61673131585121144 -0.55541670322418202 0.65514740347862255 1.8987082839012148 0.7637118697166444 -0.49143186211585993 -1.0000000180025095e-35
decision_type=2 2 2 2 2 2 2
left_child=2 6 3 -1 -4 -3 -2
right_child=1 5 4 -5 -6 -7 -8
leaf_value=-0.10307682265749978 -0.21500230291168054 0.10312531327561424 0.28306367993913784 0.10766150176266945 0.061388214860133426 -0.0047595885297512727 -0.24972003072610321
leaf_weight=15.446590524166824 2.0230661556124687 12.37079614587128 4.4561810493469265 9.1824749186635 22.741024229675531 446.06725213676691 3.2188733518123618
leaf_count=102 14 48 16 29 82 1765 18
internal_value=-6.26872e-05 -0.0044995 0.0396323 -0.0245064 0.0977139 -0.00184823 -0.236344
internal_weight=515.506 463.68 51.8263 24.6291 27.1972 458.438 5.24194
internal_count=2074 1845 229 131 98 1813 32
is_linear=0
shrinkage=0.252688


Tree=152
num_leaves=8
num_cat=0
split_feature=14 8 10 11 23 23 19
split_gain=1.3907 3.78841 4.14852 2.15206 6.48907 2.81031 2.04987
threshold=-0.96527773141860951 0.52743336558341991 -0.045107722282409661 -0.63151198625564564 -0.45446357131004328 -0.46765498816967005 -0.47324876487255091
decision_type=2 2 2 2 2 2 2
left_child=1 6 -3 4 -2 -5 -1
right_child=3 2 -4 5 -6 -7 -8
leaf_value=0.07116000010426983 -0.018389444728103044 -0.12011237696193169 0.035710439418173034 0.078871998549391462 0.10858233365853384 -0.022395777000422785 0.25925611601729037
leaf_weight=9.9476825296878797 77.494814327917993 13.734351098537443 53.030242752283812 18.581259071826935 38.451918691396713 299.90957519691437 5.8898612111806861
leaf_count=43 304 53 195 69 151 1229 30
internal_value=-4.23866e-05 0.0300118 0.00365493 -0.00575681 0.023719 -0.0164875 0.141118
internal_weight=517.04 82.6021 66.7646 434.438 115.947 318.491 15.8375
internal_count=2074 321 248 1753 455 1298 73
is_linear=0
shrinkage=0.252688


Tree=153
num_leaves=8
num_cat=0
split_feature=4 2 20 10 2 7 12
split_gain=1.50373 4.08247 5.68263 3.79906 2.36966 10.5254 5.55686
threshold=-0.23869271576404569 0.42272341251373297 -0.41433502733707422 -0.63939556479454029 0.3809619545936585 0.042187189683318145 -0.66053506731986988
decision_type=2 2 2 2 2 2 2
left_child=1 3 -3 -1 6 -6 -2
right_child=4 2 -4 -5 5 -7 -8
leaf_value=-0.030474047346683329 -0.21053800007627016 0.079170258332244781 -0.096486465844478203 0.059269854438227736 -0.03336625931113802 0.16086906816941335 -0.017107387390116396
leaf_weight=40.272706408053637 9.9680878743529302 16.918258104706183 38.56251313816756 119.45149276778102 60.908569034188986 25.176233479753137 194.68702949211001
leaf_count=168 43 85 156 476 233 86 827
internal_value=0.000118096 0.01613 -0.0429216 0.0366419 -0.0117339 0.0234401 -0.0265293
internal_weight=505.945 215.205 55.4808 159.724 290.74 86.0848 204.655
internal_count=2074 885 241 644 1189 319 870
is_linear=0
shrinkage=0.252688


Tree=154
num_leaves=7
num_cat=0
split_feature=19 19 5 3 13 7
split_gain=1.11235 2.75966 2.48283 5.17831 2.76908 2.01243
threshold=0.54376906156539928 0.56560364365577709 0.4234477579593659 0.23313147574663165 -1.0263156890869138 -0.16487241536378858
decision_type=2 2 2 2 2 2
left_child=2 -2 4 -4 -1 -3
right_child=1 5 3 -5 -6 -7
leaf_value=-0.19806710355999316 0.17063038239426123 -0.080679086576668738 -0.14391153879108193 0.014017113048027777 0.004021039478970684 0.02076239396807571
leaf_weight=4.390290915966033 7.2479116320610038 13.856345161795614 24.288602938875556 29.185826908797026 309.20387803204358 126.30989435501397
leaf_count=52 16 53 126 99 1313 415
internal_value=5.56275e-05 0.0185962 -0.00739024 -0.0577163 0.00119149 0.010734
internal_weight=514.483 147.414 367.069 53.4744 313.594 140.166
internal_count=2074 484 1590 225 1365 468
is_linear=0
shrinkage=0.252688


Tree=155
num_leaves=6
num_cat=0
split_feature=20 10 20 21 15
split_gain=1.38226 3.31739 3.10117 1.76633 1.75041
threshold=-3.4520778656005855 0.48300915956497198 -2.212331891059875 0.88911902904510509 4.5103371143341073
decision_type=2 2 2 2 2
left_child=1 -1 3 -2 -4
right_child=2 -3 4 -5 -6
leaf_value=-0.016649065821501795 -0.22310062875452838 0.31789040828550968 0.0039651210881873761 -0.022802159512863133 -0.079124968816205885
leaf_weight=5.319286108016966 6.2114185988903028 2.9374534673988819 477.93458099197596 5.1351795196533203 16.755645133554935
leaf_count=19 21 17 1923 24 70
internal_value=-0.000171829 0.102381 -0.00184523 -0.132456 0.00115069
internal_weight=514.294 8.25674 506.037 11.3466 494.69
internal_count=2074 36 2038 45 1993
is_linear=0
shrinkage=0.252688


Tree=156
num_leaves=5
num_cat=0
split_feature=21 10 20 2
split_gain=1.38424 2.52832 1.33526 0.0198629
threshold=-1.0132324695587156 -0.94769051671028126 13.386305809020998 -0.32847115397453303
decision_type=2 2 2 2
left_child=-1 3 -3 -2
right_child=1 2 -4 -5
leaf_value=0.12612168223486087 -0.21982711703724075 0.0016061740561396924 -0.12684444388394961 -0.18392319136436844
leaf_weight=5.4961340129375449 1.9329737983644006 486.91621374920942 5.2221679762005797 2.0744682550430289
leaf_count=18 8 2002 24 22
internal_value=1.23044e-05 -0.00138482 0.000243024 -0.201268
internal_weight=501.642 496.146 492.138 4.00744
internal_count=2074 2056 2026 30
is_linear=0
shrinkage=0.252688


Tree=157
num_leaves=5
num_cat=0
split_feature=10 10 18 10
split_gain=1.09367 1.19154 3.28853 1.9729
threshold=2.2861287593841557 1.623984217643738 0.24533476680517199 1.5680126547813418
decision_type=2 2 2 2
left_child=1 3 -3 -1
right_child=-2 2 -4 -5
leaf_value=4.1294907311712593e-05 0.12220805335268341 -0.0099000579513028007 -0.2301524954583872 0.14859015006022808
leaf_weight=472.95744679123163 4.6312727369368067 22.848318267613653 5.3395399488508692 5.7778982184827319
leaf_count=1898 24 93 35 24
internal_value=-2.15828e-05 -0.00113841 -0.0516254 0.00183431
internal_weight=511.554 506.923 28.1879 478.735
internal_count=2074 2050 128 1922
is_linear=0
shrinkage=0.252688


Tree=158
num_leaves=5
num_cat=0
split_feature=7 7 3 12
split_gain=1.2313 1.30815 5.97916 5.92519
threshold=-2.1426863670349117 -0.037073919549584382 -0.025383396074175831 -0.68154582381248463
decision_type=2 2 2 2
left_child=-1 2 -2 -3
right_child=1 3 -4 -5
leaf_value=0.14993272830123142 0.0065060199900042123 0.27982809505181117 -0.088639291047112448 0.0060988493053082352
leaf_weight=3.4734942317008963 194.51100635156035 5.1510970443487158 53.8474479354918 254.14178123231977
leaf_count=18 791 24 196 1045
internal_value=9.52224e-06 -0.00101645 -0.0141229 0.0115373
internal_weight=511.125 507.651 248.358 259.293
internal_count=2074 2056 987 1069
is_linear=0
shrinkage=0.252688


Tree=159
num_leaves=4
num_cat=0
split_feature=14 11 15
split_gain=1.99995 1.30642 1.76186
threshold=1.673611104488373 -1.3154522180557249 -0.57107892632484425
decision_type=2 2 2
left_child=1 -1 -3
right_child=-2 2 -4
leaf_value=-0.18281075629918553 -0.21279509904213581 0.10949475134985405 -1.1154222602373983e-05
leaf_weight=2.4510852582752696 2.8039295412600032 9.5655832067131978 485.63315759738907
leaf_count=27 20 27 2000
internal_value=-5.86554e-06 0.00119328 0.00210425
internal_weight=500.454 497.65 495.199
internal_count=2074 2054 2027
is_linear=0
shrinkage=0.252688


Tree=160
num_leaves=7
num_cat=0
split_feature=24 12 23 24 7 20
split_gain=1.15036 3.70546 2.53725 2.1349 1.80244 0.0134581
threshold=-1.8564782142639158 -0.37246672809123987 5.7657024860382089 -3.4840668439865108 -0.52000975608825672 1.3797528743743899
decision_type=2 2 2 2 2 2
left_child=1 5 4 -3 -2 -1
right_child=2 3 -4 -5 -6 -7
leaf_value=-0.18862252726516979 0.031110463440695835 0.033259248296572341 0.2245332078964718 -0.10628383911731581 -0.0064868336749118911 -0.2111346611192616
leaf_weight=5.3133359886705867 105.32542209140956 25.837602686136961 3.2955911234021178 9.601557180285452 358.67102062609047 2.5793144553899765
leaf_count=55 455 107 7 64 1367 19
internal_value=-3.52778e-05 -0.0394209 0.00361697 -0.00454824 0.00204763 -0.195993
internal_weight=510.624 43.3318 467.292 35.4392 463.996 7.89265
internal_count=2074 245 1829 171 1822 74
is_linear=0
shrinkage=0.252688


Tree=161
num_leaves=8
num_cat=0
split_feature=3 17 15 15 11 7 24
split_gain=1.11549 3.55766 5.26616 5.09369 3.18674 6.82099 3.77528
threshold=0.27273608744144445 -0.36382216215133661 -0.59412834048271168 -0.28416968882083887 -0.62852609157562245 -0.58269402384757985 -2.9527744054794307
decision_type=2 2 2 2 2 2 2
left_child=4 2 -2 -3 5 -1 -6
right_child=1 3 -4 -5 6 -7 -8
leaf_value=-0.033777376043671273 -0.12690402896862438 -0.11323990090894286 0.16016314094964551 -0.0036384560381166491 0.11092707617582873 0.1288823718918416 -0.01130332905614705
leaf_weight=29.258725091814995 5.6211935579776791 36.09212538599968 14.881658384576438 108.36682283505797 17.201951432973146 37.632715202867985 259.92000552546233
leaf_count=120 22 116 81 477 90 146 1022
internal_value=4.11619e-05 -0.0170418 0.0814577 -0.031022 0.00823284 0.0577343 -0.00371585
internal_weight=508.975 164.962 20.5029 144.459 344.013 66.8914 277.122
internal_count=2074 696 103 593 1378 266 1112
is_linear=0
shrinkage=0.252688


Tree=162
num_leaves=6
num_cat=0
split_feature=1 2 16 14 20
split_gain=1.26205 1.44102 1.37222 1.1979 0.0336723
threshold=1.1476124525070193 0.87709650397300731 -1.0000000180025095e-35 1.6458333730697634 -0.93085792660713185
decision_type=2 2 2 2 2
left_child=1 3 -2 -1 -4
right_child=2 -3 4 -5 -6
leaf_value=0.0015394557828643921 0.07232889779847855 0.15316235052477029 -0.24212429995216658 -0.11391217106109157 -0.18992839517705379
leaf_weight=483.91761587467045 1.6202810704708097 3.9622716754674903 1.1527056694030764 5.8066922631114712 2.5859461775980881
leaf_count=1991 4 11 5 32 31
internal_value=7.44788e-05 0.00139848 -0.121885 0.000170414 -0.206054
internal_weight=499.046 493.687 5.35893 489.724 3.73865
internal_count=2074 2034 40 2023 36
is_linear=0
shrinkage=0.252688


Tree=163
num_leaves=7
num_cat=0
split_feature=12 16 7 12 12 1
split_gain=0.972008 3.94271 3.27667 3.09313 3.95954 3.3578
threshold=-0.18624205887317655 -0.84244790673255909 0.74491500854492199 -0.092089302837848649 -0.068741362541913972 -0.40361498296260828
decision_type=2 2 2 2 2 2
left_child=1 -1 -3 5 -5 -2
right_child=3 2 -4 4 -6 -7
leaf_value=-0.26644635634532998 -0.37325883699833085 0.013573198037605093 0.21450217479982558 0.16621370693079518 -0.0054344619815263982 -0.060201617592431922
leaf_weight=3.1324831321835509 2.3671378418803242 177.58302540332079 5.3374825045466414 8.8490858227014524 282.63661903981119 28.778131376951933
leaf_count=17 10 759 13 24 1125 126
internal_value=7.7222e-05 0.0146227 0.0194368 -0.00831081 -0.000223175 -0.0840009
internal_weight=508.684 186.053 182.921 322.631 291.486 31.1453
internal_count=2074 789 772 1285 1149 136
is_linear=0
shrinkage=0.252688


Tree=164
num_leaves=7
num_cat=0
split_feature=12 15 1 19 23 10
split_gain=1.18098 4.13564 3.37737 4.34842 3.6288 3.36915
threshold=0.5087246596813203 4.4094982147216806 -0.64773583412170399 -0.051027938723564141 1.9660103321075442 0.90055882930755626
decision_type=2 2 2 2 2 2
left_child=2 5 3 -1 -4 -2
right_child=1 -3 4 -5 -6 -7
leaf_value=0.01849351274238948 0.057706576616218988 -0.19422590972637174 -0.0055835794162536149 -0.1483829274943482 0.11052264456433418 -0.02678125638452318
leaf_weight=17.541783280670643 87.404373032972217 5.5399659201502791 308.23213448747993 23.09877320472151 18.202342171221972 45.996060818433762
leaf_count=80 367 17 1224 88 106 192
internal_value=-0.000151085 0.019691 -0.00766146 -0.0763543 0.000890794 0.0285754
internal_weight=506.015 138.94 367.075 40.6406 326.434 133.4
internal_count=2074 576 1498 168 1330 559
is_linear=0
shrinkage=0.252688


Tree=165
num_leaves=8
num_cat=0
split_feature=4 17 11 11 17 13 17
split_gain=1.14968 2.45818 5.59883 2.71581 2.35591 5.4834 3.72007
threshold=-0.23869271576404569 -0.34385664761066431 -1.1992403864860532 -0.71955183148384083 -0.32519787549972529 1.0000000180025095e-35 0.10165600851178171
decision_type=2 2 2 2 2 2 2
left_child=1 2 -1 -3 5 -2 -6
right_child=4 3 -4 -5 6 -7 -8
leaf_value=-0.12869640267829435 -0.062715757089101543 -0.14561872268776924 0.18597658714169177 0.011732688505784558 0.086192277027903191 0.21291141720264672 -0.0099901805062836465
leaf_weight=4.918768651783469 77.622734429314733 7.2775560505688182 13.568364992737768 185.76631424133666 30.146053249016404 4.8990406244993201 173.14185186009854
leaf_count=35 347 39 47 764 125 16 701
internal_value=0.000108114 0.0142301 0.102252 0.00580031 -0.0103437 -0.0463514 0.00427313
internal_weight=497.341 211.531 18.4871 193.044 285.81 82.5218 203.288
internal_count=2074 885 82 803 1189 363 826
is_linear=0
shrinkage=0.252688


Tree=166
num_leaves=8
num_cat=0
split_feature=2 2 12 9 2 9 9
split_gain=0.973648 4.69663 3.93066 3.79837 3.14126 2.96659 2.75686
threshold=0.11418353021144868 0.17414457350969317 -0.25139765441417689 -0.11029434949159621 0.060302814468741424 -0.1799042075872421 -0.13722991198301313
decision_type=2 2 2 2 2 2 2
left_child=3 2 -2 6 -5 -3 -1
right_child=1 5 -4 4 -6 -7 -8
leaf_value=-0.02956964888717465 -0.011791390922752616 0.048044192280348619 0.19091589882784443 0.029039282802197999 -0.16110910093491929 -0.023151670831591923 -0.22978703358918381
leaf_weight=159.33419447392225 9.8348799869418162 54.13684020191431 16.117223016917706 136.71179743669927 5.7814589999616137 120.65170599706471 4.5151040628552428
leaf_count=602 39 200 38 523 30 616 26
internal_value=0.000114842 0.0137931 0.114099 -0.00884828 0.0213237 -0.00110026 -0.0350877
internal_weight=507.083 200.741 25.9521 306.343 142.493 174.789 163.849
internal_count=2074 893 77 1181 553 816 628
is_linear=0
shrinkage=0.252688


Tree=167
num_leaves=5
num_cat=0
split_feature=14 6 11 3
split_gain=1.24935 1.26976 3.70194 3.19299
threshold=-1.7569443583488462 0.10722105577588083 -0.72190982103347767 -0.83383920788764943
decision_type=2 2 2 2
left_child=-1 3 -3 -2
right_child=1 2 -4 -5
leaf_value=0.17690845013824272 0.11670141824874794 0.24989174160606273 -0.019040859870779286 0.0034543672971108818
leaf_weight=2.5291766673326483 16.947408982552588 3.31623601168394 223.29286663606763 256.33600965235382
leaf_count=10 69 18 948 1029
internal_value=-0.000222931 -0.00111931 -0.0151047 0.0104775
internal_weight=502.422 499.893 226.609 273.283
internal_count=2074 2064 966 1098
is_linear=0
shrinkage=0.252688


Tree=168
num_leaves=7
num_cat=0
split_feature=19 4 18 10 24 12
split_gain=1.10642 2.64958 2.37394 1.84774 4.35097 2.3846
threshold=1.0006890892982485 -0.44213131070137018 -0.11855109408497809 1.2703672051429751 -0.54126161336898793 0.428179681301117
decision_type=2 2 2 2 2 2
left_child=3 -2 -3 5 -5 -1
right_child=1 2 -4 4 -6 -7
leaf_value=0.0080917110649801876 0.11893607442279575 -0.018079399663852525 -0.15257784912367997 -0.046208145610243119 0.11618571099191456 -0.039873121827136357
leaf_weight=321.93115782737732 5.8861685618758193 24.861116480082273 12.638755999505518 17.308754798024893 26.915273029357195 83.307578185107559
leaf_count=1299 21 107 50 62 118 417
internal_value=-0.000136334 -0.0386714 -0.0634116 0.00358344 0.0526269 -0.00176877
internal_weight=492.849 43.386 37.4999 449.463 44.224 405.239
internal_count=2074 178 157 1896 180 1716
is_linear=0
shrinkage=0.252688


Tree=169
num_leaves=5
num_cat=0
split_feature=13 13 13 10
split_gain=1.19398 1.1115 2.89075 2.50347
threshold=-1.0906432271003721 -0.89181277155876149 -0.87426894903182972 -0.66993919014930714
decision_type=2 2 2 2
left_child=-1 3 -3 -2
right_child=1 2 -4 -5
leaf_value=-0.21105860952973787 0.15621066445210616 -0.20649212515687987 -0.00099834079964193309 0.0092810342010252924
leaf_weight=1.7029085531830777 9.1709797978401166 4.4133512601256362 450.05848371703178 38.431109182536602
leaf_count=14 17 14 1861 168
internal_value=0.000137166 0.000853713 -0.00299412 0.0375898
internal_weight=503.777 502.074 454.472 47.6021
internal_count=2074 2060 1875 185
is_linear=0
shrinkage=0.252688


Tree=170
num_leaves=7
num_cat=0
split_feature=8 9 20 17 11 9
split_gain=1.36456 2.72653 2.48572 1.93978 1.65081 0.362947
threshold=6.5151231288909921 0.77507686614990245 6.2816896438598642 3.1756377220153813 1.0816789865493777 1.3219918608665469
decision_type=2 2 2 2 2 2
left_child=2 3 4 -2 -1 -3
right_child=1 5 -4 -5 -6 -7
leaf_value=0.00076861237359184768 0.14459675574017597 0.27072672705050649 -0.20424984253401374 -0.087372439180083222 -0.14371719806675579 0.14318615442455385
leaf_weight=474.35131880640984 3.5443149358034116 3.0976256132125846 3.8636900931596747 6.5633601360023022 5.1029102355241767 2.6421263813972473
leaf_count=1945 26 17 13 41 20 12
internal_value=-3.8222e-06 0.0729568 -0.00239619 -0.00602765 -0.000769328 0.212036
internal_weight=499.165 15.8474 483.318 10.1077 479.454 5.73975
internal_count=2074 96 1978 67 1965 29
is_linear=0
shrinkage=0.252688


Tree=171
num_leaves=8
num_cat=0
split_feature=1 21 23 13 1 10 1
split_gain=1.11885 5.67086 2.56693 1.93952 1.41877 4.04025 1.51587
threshold=1.0522961616516116 0.93788829445838939 0.23513868451118472 0.62280690670013439 1.0073912143707278 0.29123841226100927 0.99371370673179638
decision_type=2 2 2 2 2 2 2
left_child=4 3 -3 -2 6 -6 -1
right_child=1 2 -4 -5 5 -7 -8
leaf_value=0.0015677729190191232 -0.19394429497661078 -0.062339577553518898 0.23060375684265821 0.044049379740772152 0.17254877667606278 -0.12992433815097007 -0.14157096486660722
leaf_weight=449.38762288819999 11.771335165947677 3.1480095527367649 4.8549784421920776 2.6848980337381354 9.5320625752210599 4.0036423876881591 4.7737411111593238
leaf_count=1890 61 32 19 8 34 14 16
internal_value=-0.00017981 -0.055271 0.115377 -0.149743 0.00246577 0.0830804 6.30596e-05
internal_weight=490.156 22.4592 8.00299 14.4562 467.697 13.5357 454.161
internal_count=2074 120 51 69 1954 48 1906
is_linear=0
shrinkage=0.252688


Tree=172
num_leaves=5
num_cat=0
split_feature=18 18 13 17
split_gain=1.10687 1.61775 1.61258 0.495454
threshold=2.9527992010116582 2.1218442916870122 -1.06725138425827 0.011877438984811308
decision_type=2 2 2 2
left_child=1 2 -1 -3
right_child=-2 3 -4 -5
leaf_value=-0.19945057361646323 0.15321661223436098 -0.22699812298201252 0.001664650444254332 -0.058730286501627059
leaf_weight=2.5583783835172644 2.9986815657466641 2.4837703369557849 491.82419409230351 2.0314451716840267
leaf_count=25 24 15 1997 13
internal_value=0.000168555 -0.000751516 0.000623685 -0.151309
internal_weight=501.896 498.898 494.383 4.51522
internal_count=2074 2050 2022 28
is_linear=0
shrinkage=0.252688


Tree=173
num_leaves=5
num_cat=0
split_feature=14 3 21 7
split_gain=1.75061 1.01958 3.27991 2.89333
threshold=-1.8263887166976926 0.27273608744144445 1.9022138714790346 -0.10937428101897238
decision_type=2 2 2 2
left_child=-1 3 -3 -2
right_child=1 2 -4 -5
leaf_value=0.32535424845036104 -0.0094296292780101324 -0.026802951942341162 0.12414339547287269 0.040149738316411505
leaf_weight=1.0532323867082585 224.66941426321864 148.17650914937258 9.7988239228725416 112.93425885401666
leaf_count=5 918 641 51 459
internal_value=7.12036e-06 -0.000684669 -0.0174397 0.00715556
internal_weight=496.632 495.579 157.975 337.604
internal_count=2074 2069 692 1377
is_linear=0
shrinkage=0.252688


Tree=174
num_leaves=5
num_cat=0
split_feature=19 16 1 16
split_gain=1.71342 1.00564 2.87527 1.64142
threshold=-1.7712110280990598 -0.86477848887443531 -1.0000000180025095e-35 -0.42455215752124781
decision_type=2 2 2 2
left_child=-1 2 -2 -3
right_child=1 3 -4 -5
leaf_value=-0.24184506036890421 -0.13494265319927007 0.032371386168677227 0.14907989619009285 -0.0047556177277402164
leaf_weight=1.8643519654870022 9.8182262331247312 95.201447090134025 2.9620196521282187 377.644430330256
leaf_count=9 39 375 15 1636
internal_value=-9.93652e-05 0.000828972 -0.0691125 0.00271945
internal_weight=487.49 485.626 12.7802 472.846
internal_count=2074 2065 54 2011
is_linear=0
shrinkage=0.252688


Tree=175
num_leaves=7
num_cat=0
split_feature=10 20 8 10 4 21
split_gain=1.00642 3.63402 3.37957 2.14784 3.29615 1.88333
threshold=-0.24402727186679837 -1.9117841124534605 0.61491388082504284 -0.18891716003417966 -0.046258177608251565 -0.022723059169948098
decision_type=2 2 2 2 2 2
left_child=1 -1 -3 4 -2 -5
right_child=3 2 -4 5 -6 -7
leaf_value=0.24608120590631005 -0.0055824071363161799 -0.0030225080555298179 0.099592046763278375 -0.033285131756170414 -0.25063355567078244 0.010338517886541164
leaf_weight=4.2128768414258948 8.7502155564725381 175.81982090510428 23.196633592247963 95.228171657770872 5.8460837192833415 187.82278237584978
leaf_count=8 41 681 84 425 39 796
internal_value=0.0001469 0.0138546 0.0089381 -0.00921255 -0.103735 -0.00433802
internal_weight=500.877 203.229 199.016 297.647 14.5963 283.051
internal_count=2074 773 765 1301 80 1221
is_linear=0
shrinkage=0.252688


Tree=176
num_leaves=7
num_cat=0
split_feature=5 14 7 5 7 1
split_gain=1.27373 1.77437 1.40433 3.39136 1.7652 0.0725208
threshold=-1.9094588160514829 -0.076388876885175691 -0.90043389797210682 -0.15675833821296689 -0.49952119588851923 0.35018265247344976
decision_type=2 2 2 2 2 2
left_child=1 5 3 -2 -4 -1
right_child=2 -3 4 -5 -6 -7
leaf_value=-0.21786448096975336 0.085972379330818721 0.059926837915597372 -0.039657105663139167 -0.054544321896594111 0.004000627097864775 -0.15543458578155359
leaf_weight=2.940468929708004 34.57157926261425 2.7729861587285987 70.541894778609276 16.061800561845303 365.65736243501306 2.0073717385530472
leaf_count=14 160 15 269 60 1540 16
internal_value=-5.08295e-05 -0.101877 0.00156417 0.0413979 -0.00305971 -0.192556
internal_weight=494.553 7.72083 486.833 50.6334 436.199 4.94784
internal_count=2074 45 2029 220 1809 30
is_linear=0
shrinkage=0.252688


Tree=177
num_leaves=5
num_cat=0
split_feature=19 14 0 15
split_gain=1.41252 0.986984 3.20781 2.46484
threshold=-1.7712110280990598 -0.34027776122093195 -1.0000000180025095e-35 0.20158231258392337
decision_type=2 2 2 2
left_child=-1 3 -3 -2
right_child=1 2 -4 -5
leaf_value=-0.22962150970191009 -0.084095661156888088 0.037600727771780196 -0.011750388938676849 0.00013511980467735343
leaf_weight=1.7023125886917103 28.073033876717091 140.07645240100101 210.43553486280143 105.71460422966629
leaf_count=9 132 548 916 469
internal_value=0.000116663 0.000924445 0.00797201 -0.0175395
internal_weight=486.002 484.3 350.512 133.788
internal_count=2074 2065 1464 601
is_linear=0
shrinkage=0.252688


Tree=178
num_leaves=7
num_cat=0
split_feature=6 24 6 17 6 7
split_gain=0.894612 1.41062 1.0829 3.78845 3.02936 0.344202
threshold=-0.78555795550346363 0.76323735713958751 -0.75054696202278126 0.14714707434177401 -0.19037196040153501 -0.73561677336692799
decision_type=2 2 2 2 2 2
left_child=1 5 3 -2 -4 -1
right_child=2 -3 4 -5 -6 -7
leaf_value=-0.25639560697220387 -0.0089571267332285431 0.060124632904150863 -0.064904643345216936 0.11076419420196819 0.003816670721746076 -0.1125938747813771
leaf_weight=1.9796837046742437 53.864174736663699 2.487123966217041 46.080575985834002 24.576603703200817 368.39320644550025 2.2974644266068927
leaf_count=11 214 8 235 63 1527 16
internal_value=7.6173e-05 -0.0911909 0.00132873 0.0285537 -0.00382373 -0.179176
internal_weight=499.679 6.76427 492.915 78.4408 414.474 4.27715
internal_count=2074 35 2039 277 1762 27
is_linear=0
shrinkage=0.252688


Tree=179
num_leaves=8
num_cat=0
split_feature=2 8 7 13 21 14 14
split_gain=1.18561 2.2897 3.92357 3.46797 1.50398 5.5761 2.59843
threshold=-1.1777715682983396 -0.31032371520996088 -0.0075039195362478486 -0.89181277155876149 -0.46076773107051844 -1.0000000180025095e-35 0.28472222387790685
decision_type=2 2 2 2 2 2 2
left_child=1 3 -3 -1 5 -2 -6
right_child=4 2 -4 -5 6 -7 -8
leaf_value=-0.1392244037275788 0.10748392014786121 -0.16657828196521973 -0.0087899895491381497 0.21054979154195538 -0.01947203055585052 -0.018603491879952735 0.026637716968303148
leaf_weight=2.7575673088431358 37.818164255470037 14.286830965429543 34.027702459134161 5.2648491561412794 224.43952844664454 54.913357447832823 119.62959305848926
leaf_count=10 169 73 149 29 944 192 508
internal_value=-0.000192161 -0.0346917 -0.0554501 0.0903195 0.0042575 0.0328183 -0.00344009
internal_weight=493.138 56.3369 48.3145 8.02242 436.801 92.7315 344.069
internal_count=2074 261 222 39 1813 361 1452
is_linear=0
shrinkage=0.252688


Tree=180
num_leaves=8
num_cat=0
split_feature=10 1 0 21 4 14 17
split_gain=1.09405 2.28225 2.1261 2.05153 1.24614 2.0131 1.71197
threshold=-0.76233309507369984 0.24008692800998691 -1.0000000180025095e-35 -0.98132100701332081 -0.26097935438156122 0.24305555969476703 1.0582173466682436
decision_type=2 2 2 2 2 2 2
left_child=1 3 -3 -1 5 -2 -6
right_child=4 2 -4 -5 6 -7 -8
leaf_value=0.014640011848601803 0.045221701657005391 0.22155231188779187 -0.059435173234853582 -0.1586008005724146 -0.021902043950974805 -0.0077815234681421347 0.020626476232811396
leaf_weight=6.8330512978136584 92.385076399543323 3.269289419054985 3.6258549541234961 12.080978974699974 184.25392411276698 90.646717543946579 89.937098363414407
leaf_count=23 381 12 28 81 789 387 373
internal_value=-3.14325e-05 -0.0506473 0.0737998 -0.0960155 0.00282577 0.0189718 -0.00795229
internal_weight=483.032 25.8092 6.89514 18.914 457.223 183.032 274.191
internal_count=2074 144 40 104 1930 768 1162
is_linear=0
shrinkage=0.252688


Tree=181
num_leaves=4
num_cat=0
split_feature=16 16 16
split_gain=0.983978 1.03287 0.884946
threshold=-0.92156407237052906 -0.89194950461387623 1.0929128527641299
decision_type=2 2 2
left_child=-1 -2 -3
right_child=1 2 -4
leaf_value=-0.19167827876903157 0.10375080083183577 -0.0042973911831743284 0.028735835526924835
leaf_weight=1.6980515345931042 6.1653692573308936 430.11390081979334 58.869545012712479
leaf_count=18 18 1775 263
internal_value=0.000316889 0.000975519 -0.000320436
internal_weight=496.847 495.149 488.983
internal_count=2074 2056 2038
is_linear=0
shrinkage=0.252688


Tree=182
num_leaves=6
num_cat=0
split_feature=8 18 7 9 23
split_gain=1.17266 2.84962 2.75316 2.39735 1.39235
threshold=6.5151231288909921 -0.7733260691165923 1.4545366764068606 0.77507686614990245 5.930701971054078
decision_type=2 2 2 2 2
left_child=1 -1 3 -2 -3
right_child=2 4 -4 -5 -6
leaf_value=0.4535205592774611 0.030987467517516375 -0.0021886070644520192 -0.19726264314963582 0.25813962621592429 -0.16841705084036718
leaf_weight=0.87287700176238914 8.1675753071904165 470.65731255244464 2.1208895333111277 4.6584995761513701 3.2390292212367049
leaf_count=4 58 1961 11 27 13
internal_value=-0.000290497 -0.00248452 0.0693971 0.113498 -0.00332495
internal_weight=489.716 474.769 14.947 12.8261 473.896
internal_count=2074 1978 96 85 1974
is_linear=0
shrinkage=0.252688


Tree=183
num_leaves=8
num_cat=0
split_feature=19 13 10 22 9 9 13
split_gain=1.15665 3.93934 4.28874 3.5596 1.84534 2.69892 2.22127
threshold=-0.44178643822669977 -0.34795320034027094 -0.20026976615190503 -0.16603654623031613 1.4659714102745058 1.0215395689010622 0.13157894462347033
decision_type=2 2 2 2 2 2 2
left_child=1 2 -1 -3 5 -2 -6
right_child=4 3 -4 -5 6 -7 -8
leaf_value=-0.0074238817155332839 0.008830313201593212 -0.091868665602458988 -0.19636435779538572 0.029461201986891099 0.14893737467414231 -0.086282719087135862 -0.041393057581757972
leaf_weight=15.724376454949381 316.51602635718882 19.425033244304359 14.977121203555724 75.243028641678393 11.959526521619411 20.268646508455276 5.8203035686165085
leaf_count=70 1342 112 71 313 57 78 31
internal_value=-8.17498e-05 -0.0209432 -0.0995966 0.00456502 0.00729462 0.00310601 0.0866324
internal_weight=479.934 125.37 30.7015 94.6681 354.565 336.785 17.7798
internal_count=2074 566 141 425 1508 1420 88
is_linear=0
shrinkage=0.252688


Tree=184
num_leaves=8
num_cat=0
split_feature=3 3 3 18 24 20 0
split_gain=0.836035 3.00125 3.08522 2.78324 2.91934 2.28653 0.325814
threshold=-0.69191482663154591 -0.59914404153823841 -0.43428139388561243 -0.29912190139293665 -1.4892950654029844 -0.6186997890472411 1.0000000180025095e-35
decision_type=2 2 2 2 2 2 2
left_child=3 5 -3 6 -5 -2 -1
right_child=1 2 -4 4 -6 -7 -8
leaf_value=-0.24379824211180356 0.25959463416894513 -0.12207779242595793 0.00479322917684585 -0.18849306244138161 0.0052183910396863889 0.041331286280845078 -0.12995937130133126
leaf_weight=2.991448499262332 4.9360097721219054 12.632282059639691 392.1402275627479 5.37416305579245 65.577896871604025 8.0829090103507024 3.4696930721402168
leaf_count=17 10 72 1509 64 350 30 22
internal_value=0.000205423 0.00467466 0.000833636 -0.0239144 -0.00945528 0.124091 -0.182682
internal_weight=495.205 417.791 404.773 77.4132 70.9521 13.0189 6.46114
internal_count=2074 1621 1581 453 414 40 39
is_linear=0
shrinkage=0.252688


Tree=185
num_leaves=6
num_cat=0
split_feature=1 17 2 2 2
split_gain=1.13752 1.85524 1.88396 1.79073 1.36018
threshold=-2.0647237300872798 -0.39635908603668207 -1.4987600445747373 -2.0309357643127437 -1.3444033861160276
decision_type=2 2 2 2 2
left_child=1 -1 -3 -2 -5
right_child=3 2 -4 4 -6
leaf_value=-0.19085363792333199 0.21741254997062506 -0.064944905091567376 0.19615479286746743 -0.051844112080333044 0.0044284530950367525
leaf_weight=5.1862804740667334 2.4519508052617303 7.5917012998834243 2.2982624620199195 29.245244145393372 440.92289251275361
leaf_count=17 15 37 18 142 1845
internal_value=-0.000128134 -0.0684549 -0.00426232 0.00205151 0.000928148
internal_weight=487.696 15.0762 9.88996 472.62 470.168
internal_count=2074 72 55 2002 1987
is_linear=0
shrinkage=0.252688


Tree=186
num_leaves=5
num_cat=0
split_feature=20 11 22 9
split_gain=0.996 1.53633 2.36415 1.58539
threshold=13.386305809020998 1.0816789865493777 1.1883360147476199 0.63420870900154125
decision_type=2 2 2 2
left_child=1 2 -1 -3
right_child=-2 3 -4 -5
leaf_value=0.00084387290595468135 -0.11475779679216064 0.19318964173428094 -0.18098587632322555 -0.0040532881010174717
leaf_weight=457.45141288579907 4.7775712721049777 5.3442175835371 4.6112616956233969 5.0702827945351601
leaf_count=1971 24 24 33 22
internal_value=3.14959e-05 0.00119235 -0.000970941 0.0971668
internal_weight=477.255 472.477 462.063 10.4145
internal_count=2074 2050 2004 46
is_linear=0
shrinkage=0.252688


Tree=187
num_leaves=8
num_cat=0
split_feature=4 4 12 10 24 15 18
split_gain=0.847282 3.66599 3.6245 2.90029 2.76408 2.72667 2.15254
threshold=0.2292798534035683 0.27412620186805731 -0.3411372303962707 0.073079608380794539 -2.23669421672821 6.79522728919983 1.5439078211784365
decision_type=2 2 2 2 2 2 2
left_child=4 3 -3 -2 5 -1 -6
right_child=1 2 -4 -5 6 -7 -8
leaf_value=-0.20394067050508763 -0.003827832191782999 -0.16055486451473769 0.008983032952533122 0.17623969417095608 0.00090768483875066437 0.15890521116496178 -0.10370332763086242
leaf_weight=7.8292632168158871 9.3747336305677909 8.5076626148074848 150.03851746954024 14.614924222230909 287.55881630815566 1.5906922519206999 13.13233881536871
leaf_count=74 40 55 577 40 1175 8 105
internal_value=0.000155974 0.0138148 -0.000114946 0.105874 -0.00788383 -0.142663 -0.00366125
internal_weight=492.647 182.536 158.546 23.9897 310.111 9.41996 300.691
internal_count=2074 712 632 80 1362 82 1280
is_linear=0
shrinkage=0.252688


Tree=188
num_leaves=7
num_cat=0
split_feature=13 3 13 14 5 12
split_gain=1.21073 5.44385 4.43998 2.39832 2.36756 2.16713
threshold=0.68713447451591503 -0.025383396074175831 0.75146189332008373 -1.4236110448837278 1.3106144666671755 -0.28644870221614832
decision_type=2 2 2 2 2 2
left_child=3 5 -3 -1 -5 -2
right_child=1 2 -4 4 -6 -7
leaf_value=-0.19147339806415861 0.21100467977707732 0.19801042732821178 -0.032899046192131375 -0.0083808298938237106 0.087155621457486523 0.061206970100180988
leaf_weight=4.4123056977987281 10.89019573479891 5.8384373337030402 59.476952094584703 372.9012015638873 17.331998836249113 14.217552108690141
leaf_count=12 63 26 281 1545 86 61
internal_value=-0.000189402 0.0261841 -0.012257 -0.00623227 -0.00413751 0.126183
internal_weight=485.069 90.4231 65.3154 394.646 390.233 25.1077
internal_count=2074 431 307 1643 1631 124
is_linear=0
shrinkage=0.252688


Tree=189
num_leaves=8
num_cat=0
split_feature=4 4 2 19 13 4 14
split_gain=1.15911 4.1138 4.62825 3.4388 2.76862 1.48859 0.0210809
threshold=-1.8424841761589048 -1.4228082895278928 0.30683638155460363 -0.1377754211425781 0.032163708470761783 -0.81985852122306813 -0.062499990686774247
decision_type=2 2 2 2 2 2 2
left_child=3 2 -2 6 -5 -3 -1
right_child=1 5 -4 4 -6 -7 -8
leaf_value=-0.22780614485944817 0.20762561438163882 -0.053590427754518499 -0.11165751514654737 -0.12670469438909127 0.13275032692280311 0.0021251966306883845 -0.19807360244137467
leaf_weight=3.3436513468623161 11.860011473298071 33.097346038091928 3.8362559190718448 4.5838369429111463 6.1471750438213348 408.81625860184431 2.8908512108027962
leaf_count=15 53 140 28 15 24 1781 18
internal_value=6.3103e-05 0.00246767 0.12959 -0.0647931 0.0219211 -0.00204771 -0.214038
internal_weight=474.575 457.61 15.6963 16.9655 10.731 441.914 6.2345
internal_count=2074 2002 81 72 39 1921 33
is_linear=0
shrinkage=0.252688


Tree=190
num_leaves=7
num_cat=0
split_feature=9 9 6 1 5 10
split_gain=0.97283 5.65696 2.41622 1.72291 1.42542 0.439341
threshold=1.8883299827575686 1.6908938288688662 0.38730850815773016 -0.20617949217557904 -0.28617243468761439 -0.42472364008426661
decision_type=2 2 2 2 2 2
left_child=1 4 5 -4 -1 -2
right_child=2 -3 3 -5 -6 -7
leaf_value=-0.023670338231740119 -0.052043008208116824 0.18543970173081831 0.15312053219848862 -0.064533281334374179 0.0071400448509658671 -0.18932589378572703
leaf_weight=135.9351538894698 1.9421475790441034 10.521634753793476 4.0833754129707813 5.3827286539599282 325.35456438362598 6.3787452466785926
leaf_count=671 10 24 11 26 1283 49
internal_value=5.24844e-05 0.00223952 -0.0579583 0.0293588 -0.00193933 -0.157289
internal_weight=489.598 471.811 17.787 9.4661 461.29 8.32089
internal_count=2074 1978 96 37 1954 59
is_linear=0
shrinkage=0.252688


Tree=191
num_leaves=7
num_cat=0
split_feature=5 17 20 24 20 20
split_gain=1.07475 3.11302 2.76971 2.75694 2.14423 0.673148
threshold=-1.0766156911849973 -0.32559823989868159 -3.4520778656005855 -0.92335134744644154 -2.212331891059875 -0.41433502733707422
decision_type=2 2 2 2 2 2
left_child=1 5 -2 -3 -4 -1
right_child=2 3 4 -5 -6 -7
leaf_value=0.23638499925663434 0.22282239453781452 0.014717756352233352 -0.17039820535989858 -0.12711638609723422 0.0034797158041229822 0.041281527326358813
leaf_weight=2.7038149833679199 3.6452317908406249 15.553749652579425 4.5758025199174872 20.004851903766394 432.94995615910739 1.9390288442373265
leaf_count=15 17 83 20 87 1840 12
internal_value=-0.000115596 -0.0396684 0.00348867 -0.0650771 0.00166103 0.154917
internal_weight=481.372 40.2014 441.171 35.5586 437.526 4.64284
internal_count=2074 197 1877 170 1860 27
is_linear=0
shrinkage=0.252688


Tree=192
num_leaves=8
num_cat=0
split_feature=2 22 24 4 4 19 3
split_gain=0.984072 4.62732 3.82376 4.44257 3.76403 3.19382 2.65355
threshold=-0.32847115397453303 -0.23371988534927365 -0.17013187706470487 1.8649486899375918 3.5567975044250493 0.82647481560707103 0.27273608744144445
decision_type=2 2 2 2 2 2 2
left_child=2 6 3 -1 -3 -4 -2
right_child=1 4 5 -5 -6 -7 -8
leaf_value=-0.0057437077289468497 -0.20882848635347181 -0.0039104578758983035 0.08104317307417043 -0.20062514726107264 0.21406371799665966 -0.013038132443072696 -0.026675994982695208
leaf_weight=50.604528401046991 10.988207800313832 288.02769050991628 62.869527405127883 8.7617375813424569 5.1482733935117713 36.366035655140877 9.5400374047458154
leaf_count=238 69 1251 268 44 17 151 36
internal_value=-2.06378e-06 -0.00820331 0.0162194 -0.0345074 -8.23709e-05 0.0465661 -0.12418
internal_weight=472.306 313.704 158.602 59.3663 293.176 99.2356 20.5282
internal_count=2074 1373 701 282 1268 419 105
is_linear=0
shrinkage=0.252688


Tree=193
num_leaves=8
num_cat=0
split_feature=2 2 3 4 2 4 2
split_gain=0.957801 4.41511 4.20817 3.04305 1.78842 5.56242 2.07821
threshold=0.46541224420070654 0.54596856236457836 -0.62747031450271595 0.52894392609596264 0.26409205794334417 0.23419670760631564 0.11418353021144868
decision_type=2 2 2 2 2 2 2
left_child=4 2 -2 -3 6 -6 -1
right_child=1 3 -4 -5 5 -7 -8
leaf_value=-0.0083433241830391906 -0.097092982637989919 -0.024553598418207208 0.15121302744157036 0.23031091176333215 -0.12537890783506636 0.075529209743523285 0.044494509575884612
leaf_weight=295.15139415115118 5.3473907615989473 64.529178672470152 23.545625682920218 3.1361660286784163 25.769614189863205 13.360761824995278 56.652601167559624
leaf_count=1181 44 366 60 10 167 57 189
internal_value=3.19127e-05 0.0225688 0.105257 -0.0127394 -0.00553457 -0.0567803 0.000165443
internal_weight=487.493 96.5584 28.893 67.6653 390.934 39.1304 351.804
internal_count=2074 480 104 376 1594 224 1370
is_linear=0
shrinkage=0.252688


Tree=194
num_leaves=8
num_cat=0
split_feature=10 20 12 10 10 15 12
split_gain=0.953295 3.30295 2.05136 1.78472 3.03479 1.73616 1.01718
threshold=-0.77422457933425892 -0.027372750453650948 -0.017691556364297863 -0.55706703662872303 -0.52014422416687001 -0.36278901994228357 -0.1150824762880802
decision_type=2 2 2 2 2 2 2
left_child=1 2 -1 5 -5 -2 -3
right_child=3 6 -4 4 -6 -7 -8
leaf_value=-0.05936808219919059 0.01831747966283381 0.10663623019666978 0.077672485648705561 0.14500346487148058 -0.00079994197217294206 -0.079732870760959557 0.31257597477931276
leaf_weight=15.100226745009424 17.267020806670189 3.0910804569721222 12.959962293505667 9.3367580100893957 383.05106514832005 34.708342619240284 3.0361311584711066
leaf_count=53 59 16 49 48 1685 147 17
internal_value=-3.04692e-05 0.0406294 0.0039261 -0.00315872 0.0026696 -0.0471591 0.208701
internal_weight=478.551 34.1874 28.0602 444.363 392.388 51.9754 6.12721
internal_count=2074 135 102 1939 1733 206 33
is_linear=0
shrinkage=0.252688


Tree=195
num_leaves=8
num_cat=0
split_feature=5 12 18 8 8 12 16
split_gain=0.984837 2.49486 2.37829 2.02089 2.63233 2.21655 0.275415
threshold=0.36243793368339544 7.5828120708465585 1.8413830995559695 0.094584163278341307 0.17220652103424075 0.40589228272438055 -0.26044738292694086
decision_type=2 2 2 2 2 2 2
left_child=1 2 -1 5 -5 -2 -3
right_child=3 6 -4 4 -6 -7 -8
leaf_value=-0.002613030465861756 0.12398855029417827 -0.098812410436425274 -0.19553467524076815 -0.093455257314651485 0.015151887082852427 0.00083357785243234721 -0.21276971712272116
leaf_weight=302.30493211001158 20.275620548054576 2.1236672103404999 4.1353980562416828 16.538677625358105 102.91411976329982 17.287046059500426 3.7444688752293578
leaf_count=1350 77 8 41 57 438 76 27
internal_value=-0.00013482 -0.00834229 -0.00521684 0.0161901 0.000114472 0.0673112 -0.171542
internal_weight=469.324 312.308 306.44 157.015 119.453 37.5627 5.86814
internal_count=2074 1426 1391 648 495 153 35
is_linear=0
shrinkage=0.252688


Tree=196
num_leaves=8
num_cat=0
split_feature=24 17 17 10 20 20 15
split_gain=1.0178 2.55367 2.27037 1.07067 2.95866 2.37109 0.0762097
threshold=3.24232029914856 1.1983782052993777 1.286896347999573 0.16443598270416263 2.3359223604202275 -2.5909008979797359 0.12376227229833604
decision_type=2 2 2 2 2 2 2
left_child=3 6 -3 4 -1 -5 -2
right_child=1 2 -4 5 -6 -7 -8
leaf_value=0.0084419106494534567 -0.25491097997978629 0.13000887540153669 -0.069357435869113387 0.11332430792822529 0.17411825445591717 -0.018535081310399874 -0.1859262238931336
leaf_weight=267.8291161460802 1.3758382871747041 5.4415101930499103 11.058113884180782 9.1550746448338014 7.0634369663894168 177.92500220285729 4.0490852035582066
leaf_count=1118 6 18 84 48 14 742 44
internal_value=0.000139244 -0.0530565 -0.00360508 0.0026639 0.0126993 -0.012082 -0.203445
internal_weight=483.897 21.9245 16.4996 461.973 274.893 187.08 5.42492
internal_count=2074 152 102 1922 1132 790 50
is_linear=0
shrinkage=0.252688


Tree=197
num_leaves=7
num_cat=0
split_feature=8 3 12 13 23 19
split_gain=1.11512 2.21345 1.7159 1.55643 1.72587 0.715433
threshold=6.5151231288909921 1.1519201993942263 1.1428157091140749 1.114034950733185 3.5680348873138432 0.92543181777000438
decision_type=2 2 2 2 2 2
left_child=1 2 -1 4 -2 -3
right_child=3 5 -4 -5 -6 -7
leaf_value=-0.0058275527604948222 0.15760986321027221 -0.021268553494706528 0.03823814584897043 0.27502359530855147 -0.040902678881656072 -0.1567063200783996
leaf_weight=383.99248474370688 4.5465100184082967 3.6985236778855306 66.141569742001593 2.0300129130482665 7.2629141770303249 7.6242624185979366
leaf_count=1618 35 16 312 13 48 32
internal_value=-8.63497e-06 -0.00212829 0.000647385 0.0706657 0.0355262 -0.11247
internal_weight=475.296 461.457 450.134 13.8394 11.8094 11.3228
internal_count=2074 1978 1930 96 83 48
is_linear=0
shrinkage=0.252688


Tree=198
num_leaves=8
num_cat=0
split_feature=1 3 4 4 12 22 12
split_gain=0.956568 2.54512 4.75293 3.37034 1.25695 4.65512 3.28444
threshold=-0.98377662897109974 -0.065278876572847352 -0.0088537475094199163 -0.3862116932868957 0.428179681301117 -0.23371988534927365 0.062224866822361953
decision_type=2 2 2 2 2 2 2
left_child=1 3 -3 -1 6 -6 -2
right_child=4 2 -4 -5 5 -7 -8
leaf_value=-0.14984926404584706 -0.011054700993527039 0.20090929993866463 0.011719248952179949 0.17620741965840833 -0.14635758156314191 -0.0020352638745060382 0.049826515267187635
leaf_weight=8.9575662566348893 245.4367640838027 11.072188647463916 36.193576828576624 2.6146546453237525 17.849953795783222 71.150483326870017 73.530395731329918
leaf_count=66 1069 41 133 13 99 344 309
internal_value=-8.47867e-05 0.0300353 0.0560395 -0.0761745 -0.00442881 -0.0309813 0.00298009
internal_weight=466.806 58.838 47.2658 11.5722 407.968 89.0004 318.967
internal_count=2074 253 174 79 1821 443 1378
is_linear=0
shrinkage=0.252688


Tree=199
num_leaves=5
num_cat=0
split_feature=4 5 4 5
split_gain=0.87832 0.876978 2.29945 2.22036
threshold=-2.2395718097686763 0.56825745105743419 0.23419670760631564 0.64151963591575634
decision_type=2 2 2 2
left_child=-1 2 -2 -3
right_child=1 3 -4 -5
leaf_value=0.085388906918914764 -0.0099379839174153339 -0.1360729086401887 0.032182331232507667 -0.0098662114553517873
leaf_weight=7.5823400914669028 239.71217705169693 9.7890364769846183 126.39293557964265 98.035831667482853
leaf_count=18 1103 48 497 408
internal_value=6.96209e-05 -0.00129548 0.00460352 -0.0213247
internal_weight=481.512 473.93 366.105 107.825
internal_count=2074 2056 1600 456
is_linear=0
shrinkage=0.252688


Tree=200
num_leaves=8
num_cat=0
split_feature=14 22 23 14 24 7 20
split_gain=0.913398 3.92471 2.22479 2.16075 3.5522 2.50563 0.738918
threshold=-0.38194441795349116 0.78391396999359142 0.029108423739671711 -0.17361108958721158 0.14636498689651492 -1.0939416289329527 -0.29463438689708704
decision_type=2 2 2 2 2 2 2
left_child=1 6 -3 4 -2 -5 -1
right_child=3 2 -4 5 -6 -7 -8
leaf_value=0.28147382601939597 0.0037981088250689586 0.19763767417835557 0.001696094739193229 0.092421566082607723 -0.15837850904032116 -0.0053949452972602068 0.10551346519600988
leaf_weight=3.8530758172273636 20.059370413422585 3.8266790881752959 111.34059630706906 17.714367866516113 15.126022174954413 298.01279796939343 2.5221229270100585
leaf_count=19 82 25 524 87 58 1267 12
internal_value=1.28138e-05 0.0188914 0.00820756 -0.00652599 -0.0659221 9.33446e-05 0.211876
internal_weight=472.455 121.542 115.167 350.913 35.1854 315.727 6.3752
internal_count=2074 580 549 1494 140 1354 31
is_linear=0
shrinkage=0.252688


Tree=201
num_leaves=7
num_cat=0
split_feature=16 23 16 8 8 23
split_gain=0.976029 1.33697 1.1526 2.2877 1.03941 0.170267
threshold=2.4524606466293339 -0.4344614297151565 1.3078675866127016 -2.4038131237030025 4.177692413330079 -0.43134358525276179
decision_type=2 2 2 2 2 2
left_child=2 -2 4 -4 -1 -3
right_child=1 5 3 -5 -6 -7
leaf_value=0.0010462941159367076 0.067352845659376381 -0.32440305183671192 -0.12495709539331415 0.084775698937123709 -0.052368030188877895 -0.18586163896089758
leaf_weight=409.33923892583698 1.376466400921345 1.0217591524124148 3.9138385867700007 21.897994846105576 24.662656020373106 1.2783656360115845
leaf_count=1789 11 2 24 96 126 26
internal_value=5.9275e-05 -0.129609 0.00109623 0.052972 -0.00198909 -0.247465
internal_weight=463.49 3.67659 459.814 25.8118 434.002 2.30012
internal_count=2074 39 2035 120 1915 28
is_linear=0
shrinkage=0.252688


Tree=202
num_leaves=4
num_cat=0
split_feature=9 21 3
split_gain=0.94546 1.01589 2.07902
threshold=-1.0215492248535154 3.0088628530502324 -1.7130728960037229
decision_type=2 2 2
left_child=-1 2 -2
right_child=1 -3 -4
leaf_value=-0.12499549250870484 -0.18950237497276315 0.14861655217679423 0.0015339917138554385
leaf_weight=3.8343629315495482 3.6653271121904245 2.9567907191812983 469.06979675916955
leaf_count=18 50 14 1992
internal_value=-3.12276e-05 0.000976194 5.25882e-05
internal_weight=479.526 475.692 472.735
internal_count=2074 2056 2042
is_linear=0
shrinkage=0.252688


Tree=203
num_leaves=8
num_cat=0
split_feature=11 3 11 6 24 12 24
split_gain=0.893855 4.33323 3.53011 3.06039 2.25647 2.04603 1.54726
threshold=0.41354462504386907 -0.025383396074175831 0.37590582668781286 -0.61925598978996266 1.0392299890518191 -0.18155469745397565 -0.71059590578079213
decision_type=2 2 2 2 2 2 2
left_child=2 6 4 -3 -1 -4 -2
right_child=1 3 5 -5 -6 -7 -8
leaf_value=-0.0045862625711818412 0.24170899167939824 0.23999670923612235 -0.13770031926879123 -0.0082449825685621293 0.081934339977437348 0.086867368483788079 0.055985783642794856
leaf_weight=332.41947688627988 6.9375214651226997 3.3008523583412162 18.188817054033283 80.294503897428513 20.42911302857101 3.0203475728631011 4.8785573244094831
leaf_count=1411 47 16 74 381 106 15 24
internal_value=-2.66204e-05 0.0218048 -0.00559522 0.00155855 0.00042319 -0.105719 0.165035
internal_weight=469.469 95.4114 374.058 83.5954 352.849 21.2092 11.8161
internal_count=2074 468 1606 397 1517 89 71
is_linear=0
shrinkage=0.252688


Tree=204
num_leaves=8
num_cat=0
split_feature=13 18 3 3 3 21 9
split_gain=0.890801 2.03967 3.6378 1.03949 3.9725 2.29417 0.29452
threshold=-1.0204677581787107 1.0757409334182741 0.70221230387687694 -0.101211279630661 -0.43428139388561243 -0.73515686392784108 -0.11580481380224227
decision_type=2 2 2 2 2 2 2
left_child=1 6 -3 4 -2 -5 -1
right_child=3 2 -4 5 -6 -7 -8
leaf_value=-0.10063377924029128 0.015499048395968728 -0.1148338631166089 0.20626366711871186 0.087780689004494622 -0.05861497635640131 0.0052216986709276289 -0.21698663580551714
leaf_weight=2.1859185807406902 127.54553385952022 5.6147832348942739 3.7617508620023727 23.784590480849147 72.383485991042107 222.861561675556 3.8177308142185202
leaf_count=15 565 62 12 107 354 935 24
internal_value=0.000147847 -0.0596428 0.0139908 0.00220713 -0.0113337 0.0131832 -0.174636
internal_weight=461.955 15.3802 9.37653 446.575 199.929 246.646 6.00365
internal_count=2074 113 74 1961 919 1042 39
is_linear=0
shrinkage=0.252688


Tree=205
num_leaves=7
num_cat=0
split_feature=4 4 16 4 7 10
split_gain=0.957526 4.10751 3.73375 2.52987 2.18447 2.0237
threshold=-0.61156034469604481 -0.47596079111099238 -0.50678333640098561 -0.61858841776847828 -0.40009754896163935 -0.50313338637351979
decision_type=2 2 2 2 2 2
left_child=3 2 -2 4 -1 -3
right_child=1 5 -4 -5 -6 -7
leaf_value=-0.024137918345100963 0.033144840342299337 -0.048824043936165407 -0.1517412164835894 0.2312562433417053 0.042051179785878891 0.0098769275148763176
leaf_weight=57.582360044121742 10.21767659857869 43.541157644242048 21.970301754772663 3.4645323399454346 71.209154630079865 270.22618860658258
leaf_count=280 37 192 131 8 269 1157
internal_value=-9.66756e-05 -0.00708781 -0.0930518 0.0181907 0.0124582 0.00173098
internal_weight=478.211 345.955 32.188 132.256 128.792 313.767
internal_count=2074 1517 168 557 549 1349
is_linear=0
shrinkage=0.252688


Tree=206
num_leaves=8
num_cat=0
split_feature=16 12 7 15 12 16 10
split_gain=0.910251 3.47882 4.4412 3.18067 2.81559 4.35576 4.176
threshold=1.0000000180025095e-35 -0.10817113891243933 -0.36839337646961207 0.094492163509130492 -0.15872440487146375 -0.20062614232301709 0.51374194025993358
decision_type=2 2 2 2 2 2 2
left_child=4 2 -2 -3 5 -1 -6
right_child=1 3 -4 -5 6 -7 -8
leaf_value=0.016242758669314652 -0.0012303913010578069 -0.014445339578817775 -0.11539996362521222 0.06794091023542112 0.012352200708066077 0.14676555877926858 -0.08717085994248179
leaf_weight=77.994905551895499 50.370839025825262 86.127378854900599 38.294981298036873 45.848841859027743 111.85456755524501 20.6464012414217 35.452456168830395
leaf_count=334 246 387 162 242 460 105 138
internal_value=-4.72916e-05 -0.0118308 -0.0505409 0.014176 0.0105238 0.0435629 -0.0116003
internal_weight=466.59 220.642 88.6658 131.976 245.948 98.6413 147.307
internal_count=2074 1037 408 629 1037 439 598
is_linear=0
shrinkage=0.252688


Tree=207
num_leaves=8
num_cat=0
split_feature=7 9 22 23 7 6 17
split_gain=0.917271 3.31515 3.85358 2.47904 1.14287 3.97292 1.28897
threshold=-0.97743287682533253 0.7637118697166444 -0.15556342154741284 0.65029674768447887 -0.66390544176101673 0.12472651153802873 -0.40498991310596461
decision_type=2 2 2 2 2 2 2
left_child=1 2 -1 -3 5 -2 -6
right_child=4 3 -4 -5 6 -7 -8
leaf_value=0.046436169414725822 -0.013861881830086192 0.0073272993779484831 -0.16280242485272256 0.2641513424814656 0.10685761611943495 0.14988507574935361 -0.0028293039587749796
leaf_weight=8.3863513879477996 27.068374002352357 15.309434298425915 17.03717290610075 2.8454326391220084 6.9704276714473954 14.543848484754561 366.10690254438668
leaf_count=40 127 80 84 9 37 65 1632
internal_value=-1.42835e-05 -0.0348879 -0.0937822 0.0475862 0.00365051 0.0433703 -0.000779805
internal_weight=458.268 43.5784 25.4235 18.1549 414.69 41.6122 373.077
internal_count=2074 213 124 89 1861 192 1669
is_linear=0
shrinkage=0.252688


Tree=208
num_leaves=8
num_cat=0
split_feature=10 3 3 10 1 6 21
split_gain=0.94867 2.68682 3.65375 2.362 3.77906 3.57378 1.08929
threshold=0.16443598270416263 0.73760932683944713 0.6661185920238496 0.54513120651245128 -0.42965376377105707 1.280087471008301 0.1058940961956978
decision_type=2 2 2 2 2 2 2
left_child=1 2 -1 4 -2 -5 -3
right_child=3 6 -4 5 -6 -7 -8
leaf_value=0.00729061510969443 -0.1469705966941528 -0.27986381049791337 0.16724668378245316 0.015033117298352282 -0.014458794103498169 -0.21772951112393626 -0.04522680579396169
leaf_weight=266.47622096538544 19.044323833659291 2.7606007345020762 9.4406698346137983 121.61320582032204 49.351357339415699 4.3623978532850733 2.3293706905096769
leaf_count=1153 91 16 26 509 239 27 13
internal_value=1.96982e-05 0.00940784 0.0127639 -0.0135529 -0.0513567 0.00697191 -0.172501
internal_weight=475.378 281.007 275.917 194.371 68.3957 125.976 5.08997
internal_count=2074 1208 1179 866 330 536 29
is_linear=0
shrinkage=0.252688


Tree=209
num_leaves=8
num_cat=0
split_feature=4 14 5 13 10 5 18
split_gain=1.07496 2.95455 2.3901 4.2456 2.32065 2.20086 0.592491
threshold=-0.34149339795112604 1.3125000000000002 0.4839599877595902 -1.0146198272705076 -0.41603393852710718 -0.34819495677947992 0.22777166217565539
decision_type=2 2 2 2 2 2 2
left_child=2 5 3 -1 -4 -2 -3
right_child=1 6 4 -5 -6 -7 -8
leaf_value=0.17236359714013949 0.045921935007590245 0.2384031170494858 0.10975528986744686 -0.012111581340969218 -0.099859796899850306 -0.0067903939974972476 0.0749179890163294
leaf_weight=8.4619980156421644 66.383067850023508 4.0703339427709571 3.8024514093995085 135.7209981912747 29.787086185533553 212.3755740635097 2.170988567173481
leaf_count=63 324 23 22 617 135 877 13
internal_value=-6.08726e-06 0.0096124 -0.0154262 -0.00128426 -0.0761293 0.00576248 0.181548
internal_weight=462.772 285 177.773 144.183 33.5895 278.759 6.24132
internal_count=2074 1237 837 680 157 1201 36
is_linear=0
shrinkage=0.252688


Tree=210
num_leaves=7
num_cat=0
split_feature=10 0 20 19 13 17
split_gain=0.983503 1.54596 1.84918 0.972516 2.55686 2.14536
threshold=-0.76233309507369984 -1.0000000180025095e-35 -0.25136908888816828 -0.44178643822669977 -0.34795320034027094 1.1220045089721682
decision_type=2 2 2 2 2 2
left_child=1 -1 -3 4 -2 -5
right_child=3 2 -4 5 -6 -7
leaf_value=0.10070638703973167 -0.08553684974281614 0.013781456428527848 -0.14475598495728118 -0.00026420282154515228 0.00393402270646173 0.052081727972800571
leaf_weight=3.6199401989579227 26.815390108327847 8.0107946135103738 11.357771658338603 258.34363495837897 85.167401291895658 61.986927211284637
leaf_count=23 128 31 90 1114 412 276
internal_value=7.09244e-05 -0.0508576 -0.0791866 0.00277914 -0.017491 0.00986528
internal_weight=455.302 22.9885 19.3686 432.313 111.983 320.331
internal_count=2074 144 121 1930 540 1390
is_linear=0
shrinkage=0.252688


Tree=211
num_leaves=7
num_cat=0
split_feature=6 20 6 6 9 8
split_gain=0.810085 1.85773 1.41989 1.28374 2.82324 1.03263
threshold=1.3544857501983645 0.19727240502834323 1.3960611224174502 1.2494528889656069 0.1477371230721474 13.693320751190187
decision_type=2 2 2 2 2 2
left_child=3 2 -2 5 -5 -1
right_child=1 -3 -4 4 -6 -7
leaf_value=-0.00010152571452211533 -0.12097643897442707 0.21857206310289026 0.12652860296141066 -0.14470466140652888 0.0493653922390681 0.1164357409166021
leaf_weight=438.22604066738859 3.3783615846186859 3.5199296548962593 2.6329044178128242 11.602896045893432 8.1463463176041824 4.9088020734488955
leaf_count=1904 24 6 7 71 44 18
internal_value=-0.000118224 0.0728003 -0.0125686 -0.00161976 -0.0646536 0.00118954
internal_weight=472.415 9.5312 6.01127 462.884 19.7492 443.135
internal_count=2074 37 31 2037 115 1922
is_linear=0
shrinkage=0.252688


Tree=212
num_leaves=7
num_cat=0
split_feature=15 12 15 1 1 16
split_gain=1.04645 4.87557 4.80854 4.0654 4.04122 1.50706
threshold=-0.35236366093158716 -0.32666842639446253 -0.33576653897762293 0.83746376633644115 -1.5034211874008176 -0.42455215752124781
decision_type=2 2 2 2 2 2
left_child=1 -1 5 -3 -4 -2
right_child=2 3 4 -5 -6 -7
leaf_value=0.31365909393766467 -0.025737065475662523 0.0026206501239556383 0.27402479319950296 0.23072361644561767 -0.0042355828795008722 -0.18054248168426765
leaf_weight=3.4291923493146887 5.8043319433927563 167.7007080395706 3.375300481915473 5.1414075382053843 260.01685090176761 13.029057577252386
leaf_count=17 20 702 16 38 1245 36
internal_value=5.13789e-05 0.0153264 -0.00948906 0.00940655 -0.000669202 -0.132835
internal_weight=458.497 176.271 282.226 172.842 263.392 18.8334
internal_count=2074 757 1317 740 1261 56
is_linear=0
shrinkage=0.252688


Tree=213
num_leaves=8
num_cat=0
split_feature=14 20 20 11 6 6 11
split_gain=1.05459 2.25132 2.96065 2.51438 1.61143 2.83658 2.39487
threshold=-0.92361101508140553 0.63171032071113598 0.89100772142410289 0.25946184992790228 0.15536104887723926 0.22538296878337863 0.36538949608802801
decision_type=2 2 2 2 2 2 2
left_child=1 3 -3 -1 6 -6 -2
right_child=4 2 -4 -5 5 -7 -8
leaf_value=0.11737447143622107 -0.01695525447664889 0.19038436191719332 -0.019635327753131288 -0.14886217156703505 0.12576252167810148 0.013966162866267765 0.052101152875172634
leaf_weight=2.6827775239944485 208.39038260292728 4.6222523674368849 58.799963171593845 14.531089214608071 16.713553719222546 108.96919465437531 37.896616846323013
leaf_count=15 1000 17 259 68 63 512 140
internal_value=-0.000127387 -0.0263245 -0.00432748 -0.107367 0.00555168 0.0288336 -0.00632933
internal_weight=452.606 80.6361 63.4222 17.2139 371.97 125.683 246.287
internal_count=2074 359 276 83 1715 575 1140
is_linear=0
shrinkage=0.252688


Tree=214
num_leaves=7
num_cat=0
split_feature=9 8 16 19 10 24
split_gain=0.779238 3.41544 2.01568 1.09481 3.21644 1.98299
threshold=-0.87094116210937489 -0.25512865185737604 -0.81522762775421131 0.54376906156539928 -0.73573341965675343 1.1530272960662844
decision_type=2 2 2 2 2 2
left_child=1 -1 -3 5 -5 -2
right_child=3 2 -4 4 -6 -7
leaf_value=0.16439338517061294 -4.2911413876851644e-05 0.064684617914033987 -0.15831809013328349 0.22216749205940087 0.013812553796162193 -0.074129680378008642
leaf_weight=3.7331330925226238 297.76415693201125 3.3696227334439763 11.153492674231526 4.9176251888275138 124.20619088970125 25.00452433526516
leaf_count=13 1380 11 57 7 445 161
internal_value=1.65365e-05 -0.0511643 -0.106577 0.00208428 0.0217485 -0.00578245
internal_weight=470.149 18.2562 14.5231 451.892 129.124 322.769
internal_count=2074 81 68 1993 452 1541
is_linear=0
shrinkage=0.252688


Tree=215
num_leaves=8
num_cat=0
split_feature=22 22 3 22 6 2 16
split_gain=0.991944 3.57746 3.55007 2.73264 2.61178 2.49603 0.929604
threshold=0.84076648950576793 0.7818552851676942 -0.91226875782012928 0.71028929948806774 1.026258170604706 0.4820783138275147 0.61120247840881359
decision_type=2 2 2 2 2 2 2
left_child=1 3 6 -1 -3 -4 -2
right_child=2 4 5 -5 -6 -7 -8
leaf_value=-0.0030504116249816934 0.11596671396206797 -0.16103496133293224 0.026902572391670827 0.19694887482186288 0.11020100871878323 -0.096374946411579038 0.33343004811159221
leaf_weight=334.16653843270615 2.4121285155415526 14.496449381113054 83.280549682676792 4.4192590937018386 2.6865291893482199 11.997238729149101 2.6182477697730064
leaf_count=1477 13 69 413 21 19 48 14
internal_value=0.000109368 -0.00614802 0.0223027 -0.000439692 -0.118626 0.0113792 0.229177
internal_weight=456.077 355.769 100.308 338.586 17.183 95.2778 5.03038
internal_count=2074 1586 488 1498 88 461 27
is_linear=0
shrinkage=0.252688


Tree=216
num_leaves=8
num_cat=0
split_feature=12 10 4 20 12 19 10
split_gain=0.984944 3.26794 3.93612 3.5192 3.25129 4.11022 1.76721
threshold=-0.30264861881732935 1.5025941729545595 0.2630134522914887 2.8119891881942753 -0.28061693906784052 0.4854282289743424 -0.76233309507369984
decision_type=2 2 2 2 2 2 2
left_child=1 2 -1 -3 5 -2 -6
right_child=4 3 -4 -5 6 -7 -8
leaf_value=-0.048398659434135655 0.18926231125108076 0.31382676971666618 0.093777050175615217 -0.080360831728613538 -0.082301273037906894 -0.12863604116723681 0.0054248805107388592
leaf_weight=96.920086215250194 11.987950429320334 3.70784968137741 14.262500971555708 2.3702525682747364 15.414822882041333 3.3145892545580855 300.0888888023328
leaf_count=447 42 12 67 23 115 14 1354
internal_value=-0.000397801 -0.0202967 -0.03016 0.160113 0.00665575 0.120402 0.00113864
internal_weight=448.067 117.261 111.183 6.0781 330.806 15.3025 315.504
internal_count=2074 549 514 35 1525 56 1469
is_linear=0
shrinkage=0.252688


Tree=217
num_leaves=8
num_cat=0
split_feature=12 12 4 4 12 17 6
split_gain=1.39861 3.09756 1.88466 2.04466 1.72288 1.42116 0.0361236
threshold=-0.61673131585121144 -0.55541670322418202 0.2630134522914887 0.36289970576763159 -0.49143186211585993 0.48271359503269201 -0.15317284315824506
decision_type=2 2 2 2 2 2 2
left_child=2 6 5 -4 -3 -1 -2
right_child=1 4 3 -5 -6 -7 -8
leaf_value=-0.04786831255533288 -0.20333249865915826 0.09280552836128779 -0.20227649304441045 0.15149953717335343 -0.0050936772643516998 0.079923603709118746 -0.25206852492891146
leaf_weight=6.6097488403320304 2.5060733705759048 11.812063939869402 3.6980352476239196 1.4524251688271759 405.1922271209769 34.860664363950491 1.6149327903985966
leaf_count=46 22 48 32 8 1765 143 10
internal_value=0.000122431 -0.00447498 0.0416503 -0.102506 -0.00232047 0.0595551 -0.222461
internal_weight=467.746 421.125 46.6209 5.15046 417.004 41.4704 4.12101
internal_count=2074 1845 229 40 1813 189 32
is_linear=0
shrinkage=0.252688


Tree=218
num_leaves=7
num_cat=0
split_feature=12 10 5 5 4 12
split_gain=1.03457 2.35588 3.09976 1.77089 1.67839 1.70162
threshold=0.5087246596813203 0.62874972820281994 -0.076671306043863283 1.8135564327239992 -1.0449818968772886 0.054200289770960815
decision_type=2 2 2 2 2 2
left_child=4 2 -2 -3 -1 -6
right_child=1 3 -4 -5 5 -7
leaf_value=0.24338465328086575 -0.010558567231416769 -0.048582448463952099 0.09248922534916558 0.067299135470162974 0.0021824491501532869 -0.039718421562082128
leaf_weight=1.6972448788583268 32.941448526456952 38.475587202701718 42.927642475813627 10.7788765206933 242.48806308349594 83.089669557288289
leaf_count=13 141 190 188 57 1112 373
internal_value=0.000267404 0.0198104 0.0477473 -0.0232224 -0.00720426 -0.00851098
internal_weight=452.399 125.124 75.8691 49.2545 327.275 325.578
internal_count=2074 576 329 247 1498 1485
is_linear=0
shrinkage=0.252688


Tree=219
num_leaves=4
num_cat=0
split_feature=3 20 15
split_gain=0.821945 1.49288 1.10474
threshold=1.5388656258583071 13.386305809020998 6.1752963066101083
decision_type=2 2 2
left_child=1 2 -1
right_child=-2 -3 -4
leaf_value=-0.0012862453155322911 0.1266682022853575 -0.16217363843840718 0.11843891033885584
leaf_weight=432.83455467253225 3.2294336408376685 3.6506855562329283 4.9771235883235923
leaf_count=2022 16 17 19
internal_value=-0.000337717 -0.00126696 7.49503e-05
internal_weight=444.692 441.462 437.812
internal_count=2074 2058 2041
is_linear=0
shrinkage=0.252688


Tree=220
num_leaves=7
num_cat=0
split_feature=12 12 12 6 11 19
split_gain=0.915972 2.71191 1.85345 2.56669 2.48152 1.46525
threshold=-0.18155469745397565 -0.16714523732662198 -0.19711478799581525 -0.76367613673210133 0.11143367737531663 -1.0064441561698911
decision_type=2 2 2 2 2 2
left_child=2 -2 3 -1 -4 -3
right_child=1 5 4 -5 -6 -7
leaf_value=-0.064446238145296902 -0.2623201246584283 -0.083959889410367486 0.0076714637777941241 0.02248225224281122 0.2731034898827962 -0.0019600018770717948
leaf_weight=25.801067752763629 2.6605741111561647 14.648199091199784 5.0539508759975416 136.02937251608819 4.0516154393553734 277.45410037506372
leaf_count=127 16 111 21 638 11 1150
internal_value=0.000148362 -0.00838564 0.0148644 0.00862283 0.125787 -0.00607224
internal_weight=465.699 294.763 170.936 161.83 9.10557 292.102
internal_count=2074 1277 797 765 32 1261
is_linear=0
shrinkage=0.252688


Tree=221
num_leaves=7
num_cat=0
split_feature=8 3 4 21 7 2
split_gain=0.928336 1.78436 3.88272 2.55565 1.24456 1.12447
threshold=9.7020187377929705 0.6481609344482423 1.5758467316627505 1.9022138714790346 1.4033524990081789 -0.62973532080650318
decision_type=2 2 2 2 2 2
left_child=1 2 -1 -3 5 -2
right_child=4 3 -4 -5 -6 -7
leaf_value=0.00095547183170328345 0.017318575488275721 -0.063293415913011658 0.17128921561488486 0.092600132832120624 -0.056561298742194954 0.2422415978913422
leaf_weight=374.73892933409661 2.4319950342178345 50.582992318551987 8.7436759099364263 7.7417340874671927 2.7901848517358303 3.4077670425176603
leaf_count=1689 19 235 49 45 14 23
internal_value=0.000180018 -0.0014233 0.00483944 -0.0426002 0.0822565 0.148582
internal_weight=450.437 441.807 383.483 58.3247 8.62995 5.83976
internal_count=2074 2018 1738 280 56 42
is_linear=0
shrinkage=0.252688


Tree=222
num_leaves=5
num_cat=0
split_feature=11 17 21 12
split_gain=1.0762 1.24039 3.12036 1.15461
threshold=-1.3154522180557249 -0.40498991310596461 -0.36260287463665003 0.47399897873401647
decision_type=2 2 2 2
left_child=-1 2 -2 -3
right_child=1 3 -4 -5
leaf_value=-0.18078524367618223 -0.10843188534605197 0.0062445707066939304 0.2020863269960321 -0.023795571129089383
leaf_weight=2.0984524488449088 3.1839379891753197 322.74917700048536 5.8847567699849588 109.38298625464085
leaf_count=27 14 1458 27 548
internal_value=-0.000277096 0.000581654 0.093066 -0.00135932
internal_weight=443.299 441.201 9.06869 432.132
internal_count=2074 2047 41 2006
is_linear=0
shrinkage=0.252688


Tree=223
num_leaves=5
num_cat=0
split_feature=17 23 3 23
split_gain=0.680803 1.06553 2.5183 1.28044
threshold=-0.44845800101757044 -0.5509091019630431 1.1265262365341189 -0.54519852995872486
decision_type=2 2 2 2
left_child=-1 2 -2 -3
right_child=1 3 -4 -5
leaf_value=0.076561581815763405 -0.21066323653121019 0.072929768410904761 0.021737837563231645 -0.0015503491555561278
leaf_weight=7.3375592827796927 5.079791668802498 15.261771649122236 7.1912163645029068 429.31096913991496
leaf_count=18 38 54 16 1948
internal_value=0.000205534 -0.00102094 -0.0744733 0.00100657
internal_weight=464.181 456.844 12.271 444.573
internal_count=2074 2056 54 2002
is_linear=0
shrinkage=0.252688


Tree=224
num_leaves=7
num_cat=0
split_feature=5 14 5 11 19 3
split_gain=0.835239 1.17926 0.966868 3.75126 2.88452 0.0524692
threshold=-1.9094588160514829 -0.076388876885175691 -0.28617243468761439 -0.6352444291114806 -0.47324876487255091 -1.4006096124649046
decision_type=2 2 2 2 2 2
left_child=1 5 3 -2 -4 -1
right_child=2 -3 4 -5 -6 -7
leaf_value=-0.15566595053049526 0.097215470700051668 0.044091551500011435 -0.098647234849585069 -0.0028811788350841987 -0.00012862205350031963 -0.21712956427601915
leaf_weight=1.8166086003184321 30.38176953792572 2.3695890717208377 20.36074077244848 112.15011760266498 278.9279084126465 1.7507040649652479
leaf_count=21 154 15 81 526 1268 9
internal_value=6.12609e-05 -0.0940825 0.00132642 0.0184555 -0.00683105 -0.185858
internal_weight=447.757 5.9369 441.821 142.532 299.289 3.56731
internal_count=2074 45 2029 680 1349 30
is_linear=0
shrinkage=0.252688


Tree=225
num_leaves=7
num_cat=0
split_feature=19 1 4 1 2 22
split_gain=0.890817 2.14709 4.30674 2.44396 1.70697 2.71933
threshold=-0.44178643822669977 0.20901288092136386 0.50740572810173046 0.13182223588228228 -1.5270360708236692 -0.16603654623031613
decision_type=2 2 2 2 2 2
left_child=4 3 -3 -2 -1 -6
right_child=1 2 -4 -5 5 -7
leaf_value=0.11720783248898776 -0.0003816962949429693 0.047724541670466775 -0.17187634777784988 -0.10120175977642483 -0.13175592752772625 -0.011310750662047672
leaf_weight=5.5172485671937457 205.44295009318739 102.26963452622294 6.0384918320924035 16.591498855501413 13.754473108798264 92.16999817523174
leaf_count=21 937 464 30 77 100 445
internal_value=-0.000278018 0.00631243 0.0354804 -0.00791569 -0.0198138 -0.0269514
internal_weight=441.784 330.343 108.308 222.034 111.442 105.924
internal_count=2074 1508 494 1014 566 545
is_linear=0
shrinkage=0.252688


Tree=226
num_leaves=8
num_cat=0
split_feature=19 4 19 16 16 20 16
split_gain=0.748366 2.94977 2.79143 1.71277 2.86504 1.36758 0.0194934
threshold=1.0006890892982485 3.9179333448410039 0.94520583748817455 -0.48901444673538202 -0.2044902294874191 0.11585490033030511 1.805086672306061
decision_type=2 2 2 2 2 2 2
left_child=1 2 -1 5 -5 -2 -3
right_child=3 6 -4 4 -6 -7 -8
leaf_value=0.0014217787745833227 0.18160378310764891 -0.23588970320816482 -0.17870918049960682 -0.21239177925803074 0.02774583635225232 0.015531220060530438 -0.19985369855689802
leaf_weight=410.23129250528291 7.2513496279716474 2.209000457078218 5.5671333186328402 3.6043836781755116 26.435996690765023 5.6197676286101341 1.7561428621411321
leaf_count=1837 15 11 31 42 101 20 17
internal_value=0.000190396 -0.0030589 -0.000990219 0.0319749 -0.00107017 0.109097 -0.219959
internal_weight=462.675 419.764 415.798 42.9115 30.0404 12.8711 3.96514
internal_count=2074 1896 1868 178 143 35 28
is_linear=0
shrinkage=0.252688


Tree=227
num_leaves=7
num_cat=0
split_feature=3 12 16 7 3 23
split_gain=0.865135 2.64875 2.57648 2.27836 2.67426 2.21303
threshold=0.27273608744144445 -0.68154582381248463 -0.7147640287876128 -0.10937428101897238 -0.101211279630661 0.39919678866863256
decision_type=2 2 2 2 2 2
left_child=3 -2 -3 4 -1 -5
right_child=1 2 -4 5 -6 -7
leaf_value=0.0074160682741061766 0.2473790192253485 0.15484139333675284 -0.027427715034101328 0.020937756916452215 -0.063215964348136422 0.1175681262213904
leaf_weight=155.63208639249206 2.392837092280387 5.1406248509883872 134.49945424497128 85.701506908517331 43.875859182327986 18.377939313650131
leaf_count=730 13 19 664 363 188 97
internal_value=7.79397e-05 -0.0161997 -0.0207172 0.00769341 -0.00811747 0.0380009
internal_weight=445.62 142.033 139.64 303.587 199.508 104.079
internal_count=2074 696 683 1378 918 460
is_linear=0
shrinkage=0.252688


Tree=228
num_leaves=4
num_cat=0
split_feature=14 14 14
split_gain=0.912667 0.849141 0.867574
threshold=-1.7569443583488462 -1.7013888359069822 -0.31249998509883875
decision_type=2 2 2
left_child=-1 -2 -3
right_child=1 2 -4
leaf_value=-0.15394841013996138 0.11321083780563025 -0.019009701422433401 0.0064849720825296605
leaf_weight=2.4492555186152449 4.2422130554914466 116.67398320464417 316.20002864539856
leaf_count=10 12 591 1461
internal_value=-0.000146077 0.000715892 -0.000386704
internal_weight=439.565 437.116 432.874
internal_count=2074 2064 2052
is_linear=0
shrinkage=0.252688


Tree=229
num_leaves=7
num_cat=0
split_feature=12 11 2 4 2 24
split_gain=0.824619 3.34897 2.06692 3.19163 3.10143 1.97847
threshold=-0.46992701292037958 -0.61606380343437184 0.56787192821502697 0.52894392609596264 0.46541224420070654 -1.8564782142639158
decision_type=2 2 2 2 2 2
left_child=1 -1 4 -4 -2 -3
right_child=2 5 3 -5 -6 -7
leaf_value=0.24761944994445004 -0.0059744329994526257 -0.18373676241531434 -0.08919148173233872 0.18200847171139378 0.075663367180777291 0.022381383607146178
leaf_weight=4.1011063978075972 330.19113702885807 3.1364837680011979 30.282416298985481 3.0493288561701766 32.650841351598501 57.041602186858654
leaf_count=8 1399 55 219 9 122 262
internal_value=0.000147389 0.0266949 -0.00415997 -0.0643784 0.00137195 0.011637
internal_weight=460.453 64.2792 396.174 33.3317 362.842 60.1781
internal_count=2074 325 1749 228 1521 317
is_linear=0
shrinkage=0.252688


Tree=230
num_leaves=8
num_cat=0
split_feature=2 14 19 16 15 15 19
split_gain=0.952483 1.90872 3.71239 1.79651 1.13958 3.79764 3.65457
threshold=-1.1777715682983396 0.71527773141860973 -0.12684392184019086 -0.23218546062707898 -0.35236366093158716 -0.33576653897762293 -0.048932828009128564
decision_type=2 2 2 2 2 2 2
left_child=1 3 -3 -1 6 -6 -2
right_child=4 2 -4 -5 5 -7 -8
leaf_value=-0.12425044933516322 0.070212037483418199 0.20055587650936704 -0.057390902413960124 -0.0093004223140122962 -0.11988393920923728 0.002316450062717414 -0.010886816631599803
leaf_weight=16.980623348150402 59.320233012083918 5.8066002689301959 9.2165444009006006 17.761427590623498 17.48354771733284 227.87764806300402 88.276932157576084
leaf_count=93 301 30 37 101 56 1129 327
internal_value=-8.25266e-06 -0.032943 0.0423116 -0.0654848 0.00416272 -0.00639134 0.0217075
internal_weight=442.724 49.7652 15.0231 34.7421 392.958 245.361 147.597
internal_count=2074 261 67 194 1813 1185 628
is_linear=0
shrinkage=0.252688


Tree=231
num_leaves=6
num_cat=0
split_feature=1 9 2 11 6
split_gain=0.790086 1.37814 0.962835 0.876363 0.019519
threshold=1.1476124525070193 -0.032903553918004029 0.87709650397300731 -1.3154522180557249 -0.032822725363075726
decision_type=2 2 2 2 2
left_child=2 -2 3 -1 -3
right_child=1 4 -4 -5 -6
leaf_value=-0.17859502200121991 0.11523327996312052 -0.18428634608535654 0.1360151764438447 0.00093454467586292405 -0.22779523371933516
leaf_weight=1.7426527179777611 1.2624680101871488 2.0956429971847683 3.3587680906057349 428.81865146569908 0.98341447114944402
leaf_count=27 3 32 11 1996 5
internal_value=0.000185841 -0.107068 0.00125908 0.000207696 -0.19822
internal_weight=438.262 4.34153 433.92 430.561 3.07906
internal_count=2074 40 2034 2023 37
is_linear=0
shrinkage=0.252688


Tree=232
num_leaves=8
num_cat=0
split_feature=21 21 19 21 4 15 12
split_gain=0.944855 3.51954 2.81915 2.78863 2.24392 1.91771 1.43546
threshold=0.1102806255221367 0.035274948924779899 -1.0064441561698911 0.15977950394153598 -2.2395718097686763 -0.48626443743705744 0.075135588645935072
decision_type=2 2 2 2 2 2 2
left_child=1 2 -1 6 -5 -3 -2
right_child=3 5 -4 4 -6 -7 -8
leaf_value=-0.20972861325013914 0.0026736586648636205 -0.0042233239522593592 0.0010000534083023415 0.20455220963506748 0.0013589491579205097 -0.18974608056131234 0.18620143392250266
leaf_weight=4.11968133971095 3.9695711359381667 5.4384542293846598 250.66767199337482 3.5416744202375403 170.76759061659686 10.286397652700542 8.6522196009755117
leaf_count=36 20 24 1055 6 834 75 24
internal_value=-2.16753e-05 -0.0095682 -0.00240766 0.0137933 0.00548811 -0.125585 0.128484
internal_weight=457.443 270.512 254.787 186.931 174.309 15.7249 12.6218
internal_count=2074 1190 1091 884 840 99 44
is_linear=0
shrinkage=0.252688


Tree=233
num_leaves=8
num_cat=0
split_feature=21 21 8 11 6 22 1
split_gain=0.889855 2.95777 2.92757 4.14415 2.64894 1.83521 1.78233
threshold=0.1441668123006821 0.23293196409940722 -0.31670975685119623 -0.6352444291114806 -0.10722100362181662 0.84076648950576793 0.19269613176584247
decision_type=2 2 2 2 2 2 2
left_child=2 6 3 -1 -4 -3 -2
right_child=1 5 4 -5 -6 -7 -8
leaf_value=0.22303712609948625 -0.031083866549593667 -0.019590757200490024 0.036246712750102085 0.029220085561423716 -0.02186512000295358 0.042390195032625193 -0.17589422979722566
leaf_weight=8.8918827157467586 11.154637500643732 105.79670472769067 74.957057505846024 33.889005873352289 150.94291917420924 42.85907069593668 10.569048352539538
leaf_count=54 51 538 340 170 653 230 38
internal_value=-0.000162917 -0.0144483 0.0088959 0.0695067 -0.00258268 -0.00172088 -0.10154
internal_weight=439.06 170.379 268.681 42.7809 225.9 148.656 21.7237
internal_count=2074 857 1217 224 993 768 89
is_linear=0
shrinkage=0.252688


Tree=234
num_leaves=4
num_cat=0
split_feature=24 17 20
split_gain=0.741997 1.30173 0.966094
threshold=10.188266754150392 6.7130093574523935 13.386305809020998
decision_type=2 2 2
left_child=1 2 -1
right_child=-2 -3 -4
leaf_value=0.0014531519705452307 0.11533516174548289 -0.15994379168452144 -0.13122564012937149
leaf_weight=425.67955348006217 3.5380617622286072 3.2584466123953453 3.5327264331281176
leaf_count=2010 24 21 19
internal_value=9.58556e-05 -0.000847059 0.000360947
internal_weight=436.009 432.471 429.212
internal_count=2074 2050 2029
is_linear=0
shrinkage=0.252688


Tree=235
num_leaves=5
num_cat=0
split_feature=9 7 7 8
split_gain=0.931101 0.796303 3.00997 2.71307
threshold=-1.0611557960510252 -0.52000975608825672 -0.36839337646961207 0.056344751268625266
decision_type=2 2 2 2
left_child=-1 3 -3 -2
right_child=1 2 -4 -5
leaf_value=-0.21246936536660702 0.0052682537641022334 -0.075133178230154404 0.0027951152324137019 0.13401718712053606
leaf_weight=1.3119440935552109 87.196997789666057 35.127303696237504 319.4290777775459 11.873190196231006
leaf_count=9 476 166 1382 41
internal_value=5.57828e-05 0.000670682 -0.00492565 0.020699
internal_weight=454.939 453.627 354.556 99.0702
internal_count=2074 2065 1548 517
is_linear=0
shrinkage=0.252688


Tree=236
num_leaves=7
num_cat=0
split_feature=5 11 24 8 7 8
split_gain=0.877357 2.19267 1.95484 1.84925 3.01195 1.38231
threshold=-1.0766156911849973 -0.73087137937545765 -4.2399997711181632 -1.7211129069328306 0.074072781950235381 -1.4979361295700071
decision_type=2 2 2 2 2 2
left_child=1 -1 -3 4 -2 -5
right_child=3 2 -4 5 -6 -7
leaf_value=0.15684523287229885 0.15688638797485491 0.11630444999471216 -0.080277137825609121 -0.13084063946126398 -0.1270220925248855 0.0017287325053581336
leaf_weight=3.3393459580838671 10.771086715161799 3.6382280234247437 28.751190677285194 5.0886488333344451 3.0643637701869002 381.2865565950051
leaf_count=23 61 30 144 22 13 1781
internal_value=-0.000154088 -0.0380936 -0.058194 0.003233 0.094002 -1.7409e-05
internal_weight=435.939 35.7288 32.3894 400.211 13.8355 386.375
internal_count=2074 197 174 1877 74 1803
is_linear=0
shrinkage=0.252688


Tree=237
num_leaves=7
num_cat=0
split_feature=7 16 15 7 17 15
split_gain=0.819237 2.65732 2.05995 2.05986 1.93541 1.10062
threshold=1.1448020935058596 -0.4200234711170196 -0.55423736572265614 1.0134183764457705 1.1332107782363894 -0.60292181372642506
decision_type=2 2 2 2 2 2
left_child=3 -2 -3 5 -5 -1
right_child=1 2 -4 4 -6 -7
leaf_value=0.14567843183833662 0.34707685139812916 0.17872507381912373 -0.0178596517041133 -0.14624159999234512 0.031355489771209083 -4.5601953355426862e-05
leaf_weight=3.3370923129841676 1.7355663217604185 4.264589004218581 16.847326889634132 11.760785941034557 5.8750208998098961 391.0033524359751
leaf_count=26 9 12 67 44 20 1896
internal_value=-7.87983e-06 0.0465662 0.0218537 -0.00259086 -0.0870794 0.00118777
internal_weight=434.824 22.8475 21.1119 411.976 17.6358 394.34
internal_count=2074 88 79 1986 64 1922
is_linear=0
shrinkage=0.252688


Tree=238
num_leaves=7
num_cat=0
split_feature=16 9 9 4 12 6
split_gain=0.769174 1.50466 1.05794 1.02091 1.624 0.777233
threshold=2.4033796787261967 0.48856647312641149 4.3125019073486337 3.9179333448410039 8.3117365837097186 1.0831509232521059
decision_type=2 2 2 2 2 2
left_child=3 -2 -3 4 -1 -5
right_child=1 2 -4 5 -6 -7
leaf_value=-0.0011844968419701938 0.18379485630621964 -0.20266130772826316 0.084962376986705571 -0.14776670526571073 0.16088288928928943 0.023675390428752056
leaf_weight=434.79944548849016 4.068510763347148 1.498373235575855 1.7931918916292486 5.2274147514253846 3.9835119359195224 2.4936524666845798
leaf_count=1977 14 30 11 23 8 11
internal_value=1.97797e-05 0.0810392 -0.0459796 -0.00131582 0.000287028 -0.0923985
internal_weight=453.864 7.36008 3.29157 446.504 438.783 7.72107
internal_count=2074 55 41 2019 1985 34
is_linear=0
shrinkage=0.252688


Tree=239
num_leaves=8
num_cat=0
split_feature=15 23 21 7 23 9 9
split_gain=0.803936 3.10724 2.53431 1.75301 1.61477 1.26697 0.0817608
threshold=4.5103371143341073 1.9660103321075442 -0.20616623014211652 1.4033524990081789 1.7737217545509341 1.0657041072845461 0.13374450802803042
decision_type=2 2 2 2 2 2 2
left_child=1 4 6 -3 -1 -4 -2
right_child=2 3 5 -5 -6 -7 -8
leaf_value=0.0011729425286654844 -0.20982910185736367 0.17894767328318717 -0.03858175922448126 -0.05042188423592546 -0.08932476773190598 0.16295797203997231 -0.15154492832008512
leaf_weight=394.02228257292882 3.200405176728963 9.4904974251985532 5.9731760174036008 2.7420161534100762 13.004381004720925 2.98729242477566 2.9750332795083523
leaf_count=1818 17 90 35 14 64 21 15
internal_value=-1.27767e-05 0.00205271 -0.0572241 0.127533 -0.00171854 0.0286142 -0.181766
internal_weight=434.395 419.259 15.1359 12.2325 407.027 8.96047 6.17544
internal_count=2074 1986 88 104 1882 56 32
is_linear=0
shrinkage=0.252688


Tree=240
num_leaves=7
num_cat=0
split_feature=3 21 20 8 11 1
split_gain=0.796969 2.74485 1.12896 1.10568 1.69985 1.46712
threshold=1.3272922635078432 1.0311867594718935 6.2816896438598642 3.5369168519973759 1.0763259530067446 -0.68855145573616017
decision_type=2 2 2 2 2 2
left_child=3 -2 -3 4 -1 -5
right_child=1 2 -4 5 -6 -7
leaf_value=-0.00035555132240787255 0.24149809469428643 0.11677909961158611 -0.10311027519738086 -0.17667915730832415 0.16065986529757262 -0.021619576438878518
leaf_weight=395.28297264699358 3.7629234045743924 2.2554451078176498 4.3955002408474684 5.0176731236279037 4.2307225335389367 17.426015223376453
leaf_count=1883 15 12 21 22 19 102
internal_value=-1.17405e-05 0.069043 -0.0285386 -0.00171609 0.00134976 -0.0562892
internal_weight=432.371 10.4139 6.65095 421.957 399.514 22.4437
internal_count=2074 48 33 2026 1902 124
is_linear=0
shrinkage=0.252688


Tree=241
num_leaves=8
num_cat=0
split_feature=19 19 19 16 19 19 14
split_gain=0.7849 4.12821 2.93509 2.66963 1.25373 2.01708 2.01131
threshold=-0.71265354752540577 -0.78349384665489186 -0.85625681281089772 0.58565545082092296 0.54376906156539928 0.56560364365577709 1.118055582046509
decision_type=2 2 2 2 2 2 2
left_child=1 2 -1 -3 6 -6 -2
right_child=4 3 -4 -5 5 -7 -8
leaf_value=0.010038974767153661 -0.0090405770054252776 0.21981796496508343 -0.21765692329575878 -0.022404274815436644 0.15136643584697648 0.0087423144396973004 -0.10813692746531124
leaf_weight=42.288735750131309 246.38132859673351 9.7524210512638074 3.9520869376137844 4.1378115732222787 6.6699735373258582 124.58651093300432 13.810253910720347
leaf_count=286 1131 26 40 22 16 468 85
internal_value=-1.46938e-05 0.0268641 -0.00942386 0.147663 -0.00414363 0.0159905 -0.0143006
internal_weight=451.579 60.1311 46.2408 13.8902 391.448 131.256 260.192
internal_count=2074 374 326 48 1700 484 1216
is_linear=0
shrinkage=0.252688


Tree=242
num_leaves=7
num_cat=0
split_feature=2 24 24 23 21 1
split_gain=0.871139 1.69285 1.52086 1.03295 3.50275 3.19275
threshold=-1.1777715682983396 -1.3678180575370786 -0.92335134744644154 -0.36153110861778254 -0.87871292233467091 0.83746376633644115
decision_type=2 2 2 2 2 2
left_child=1 -1 -3 5 -5 -2
right_child=3 2 -4 4 -6 -7
leaf_value=0.21715214746394684 0.01557179238543247 -0.23530465481931709 -0.030353407420239349 0.16313625776807303 -0.011377018944351282 0.27550577684226657
leaf_weight=1.6778922528028477 137.52057229727507 2.440412998199462 43.714534771395847 7.5796257480978957 235.5139651466161 3.0843841284513465
leaf_count=9 578 5 247 39 1178 18
internal_value=2.71427e-05 -0.0321281 -0.0411927 0.00403573 -0.00593537 0.0212749
internal_weight=431.531 47.8328 46.1549 383.699 243.094 140.605
internal_count=2074 261 252 1813 1217 596
is_linear=0
shrinkage=0.252688


Tree=243
num_leaves=6
num_cat=0
split_feature=14 24 14 5 14
split_gain=0.814275 1.56176 1.28063 4.85693 3.79306
threshold=1.6458333730697634 0.12833001464605334 1.1319444775581362 1.0368046760559084 1.0208333134651186
decision_type=2 2 2 2 2
left_child=2 -2 4 -4 -1
right_child=1 -3 3 -5 -6
leaf_value=0.0024216424660566623 0.078915714506677628 -0.2020693611323108 0.1024741373166593 -0.22042733524441097 -0.13368498394504078
leaf_weight=387.13527136147604 2.0120105519890776 3.3913989514112473 21.194224607199434 3.4593638442456713 13.53016068600118
leaf_count=1872 14 18 94 21 55
internal_value=2.63018e-05 -0.0974442 0.00126473 0.0571612 -0.00217474
internal_weight=430.722 5.40341 425.319 24.6536 400.665
internal_count=2074 32 2042 115 1927
is_linear=0
shrinkage=0.252688


Tree=244
num_leaves=8
num_cat=0
split_feature=10 3 3 10 4 23 19
split_gain=0.737726 2.13969 2.0883 1.64925 3.92529 1.80025 0.87977
threshold=0.16443598270416263 0.73760932683944713 0.6661185920238496 0.54513120651245128 -0.40495520830154413 0.33265963196754461 0.62942293286323558
decision_type=2 2 2 2 2 2 2
left_child=1 2 -1 4 -2 -5 -3
right_child=3 6 -4 5 -6 -7 -8
leaf_value=0.0072131147547256896 -0.15440999969107708 -0.2707011988019159 0.13325724458412061 0.033321242255744427 -0.009306783862027641 -0.029136854602170924 -0.045482695893983509
leaf_weight=253.14527465961874 15.798270502593367 2.366784766316413 8.680255997925995 65.44046649010852 48.284402296878397 53.600684432778507 2.0814844574779272
leaf_count=1153 111 14 26 282 219 254 15
internal_value=-5.08451e-05 0.00843948 0.0113921 -0.0123963 -0.04508 0.00519821 -0.165333
internal_weight=449.398 266.274 261.826 183.124 64.0827 119.041 4.44827
internal_count=2074 1208 1179 866 330 536 29
is_linear=0
shrinkage=0.252688


Tree=245
num_leaves=8
num_cat=0
split_feature=7 20 6 3 7 4 16
split_gain=0.883667 5.13892 4.02316 2.4002 2.34587 2.99688 1.48191
threshold=-0.037073919549584382 0.34205235540866857 0.76586437225341808 0.4177402406930924 0.022729379124939445 0.29058158397674566 0.64477971196174633
decision_type=2 2 2 2 2 2 2
left_child=1 3 -3 -1 5 -2 -6
right_child=4 2 -4 -5 6 -7 -8
leaf_value=0.0069934660837126543 0.20555644905685116 -0.2174439371849276 -0.021006649195187695 -0.22839644309674959 -0.0062652571848517448 -0.048655808477201738 0.046528022109805903
leaf_weight=180.558478590101 8.3649637419730407 12.805042311549188 13.865371717140077 2.8084246627986422 163.4588291386608 4.5830844789743415 42.84823289513588
leaf_count=856 43 64 73 12 754 16 256
internal_value=2.68329e-05 -0.0116864 -0.115323 0.00338761 0.0112477 0.115577 0.00469955
internal_weight=429.292 210.037 26.6704 183.367 219.255 12.948 206.307
internal_count=2074 1005 137 868 1069 59 1010
is_linear=0
shrinkage=0.252688


Tree=246
num_leaves=4
num_cat=0
split_feature=11 15 11
split_gain=0.796208 1.33475 1.97061
threshold=-1.3154522180557249 -0.60292181372642506 -1.2312158346176145
decision_type=2 2 2
left_child=-1 -2 -3
right_child=1 2 -4
leaf_value=-0.177876906162618 0.12387610445668265 -0.21618894822540347 0.00026871186522903489
leaf_weight=1.6032901257276524 5.5257266014814368 2.7023251880891612 418.03459418335115
leaf_count=27 16 29 2002
internal_value=-0.000169927 0.000498694 -0.00112183
internal_weight=427.866 426.263 420.737
internal_count=2074 2047 2031
is_linear=0
shrinkage=0.252688


Tree=247
num_leaves=7
num_cat=0
split_feature=9 24 24 24 15 24
split_gain=0.743047 2.67065 2.23077 2.20513 1.88293 1.52151
threshold=0.92555055022239696 2.3228778839111333 -0.033040521666407578 6.46960473060608 -0.55010786652564991 -2.23669421672821
decision_type=2 2 2 2 2 2
left_child=1 2 -1 -3 -2 -6
right_child=4 3 -4 -5 5 -7
leaf_value=-0.022278233318715618 -0.16281474857719319 -0.19949933729814542 0.01806725676458322 -0.0015336917243909602 -0.085792352580850703 0.041483330850278027
leaf_weight=159.90004451479763 3.3575567081570616 8.0136230299249274 193.27322408184409 6.5121138226240864 6.5618294845335177 69.648452562279999
leaf_count=812 20 105 769 44 57 267
internal_value=0.000224336 -0.00456673 -0.000199263 -0.110752 0.0223647 0.0305242
internal_weight=447.267 367.699 353.173 14.5257 79.5678 76.2103
internal_count=2074 1730 1581 149 344 324
is_linear=0
shrinkage=0.252688


Tree=248
num_leaves=8
num_cat=0
split_feature=14 5 16 5 14 16 16
split_gain=0.751895 1.97023 2.78265 1.61947 1.31275 2.24504 1.48024
threshold=-0.96527773141860951 -0.15675833821296689 -0.3310376107692718 -0.29696039855480189 -0.8402777612209319 0.67822262644767772 0.4358689039945603
decision_type=2 2 2 2 2 2 2
left_child=1 3 -3 -1 5 -2 -6
right_child=4 2 -4 -5 6 -7 -8
leaf_value=0.0679569488959543 -0.12042533049764852 -0.18466515291314789 0.019051194886220597 0.29211695540417432 0.0091496405169462572 0.084584633297673475 -0.028185057997378232
leaf_weight=13.40325031802058 13.947589455172421 4.7090284675359717 47.079937677830458 2.4308028221130362 246.71090521127917 4.5142220780253401 93.506066395668313
leaf_count=76 83 17 215 13 1126 36 508
internal_value=-6.48152e-05 0.0243756 0.000526106 0.102378 -0.00467268 -0.0702959 -0.00111154
internal_weight=426.302 67.623 51.789 15.8341 358.679 18.4618 340.217
internal_count=2074 321 232 89 1753 119 1634
is_linear=0
shrinkage=0.252688


Tree=249
num_leaves=8
num_cat=0
split_feature=12 16 10 12 10 14 16
split_gain=0.800932 3.41796 3.47603 2.98063 3.17044 2.34901 2.0627
threshold=-0.18155469745397565 -0.058204565197229378 1.5025941729545595 -0.1150824762880802 0.28340676426887518 -0.27083331346511835 -0.0062560401856899253
decision_type=2 2 2 2 2 2 2
left_child=1 2 -1 4 -2 -3 -5
right_child=3 5 -4 6 -6 -7 -8
leaf_value=-0.064361702944727067 0.045282872232476706 -0.023982447638692745 0.17348713159188148 0.023905491804261738 0.28031861261387936 0.057965470940137744 -0.023267521016773266
leaf_weight=75.159842981956899 14.977767553180458 41.579232767224312 4.1388581320643416 120.85678822081536 4.8511690753512076 48.254105636849999 115.98517689559958
leaf_count=379 69 194 34 553 19 190 636
internal_value=-0.00021292 -0.0137135 -0.0519465 0.00868323 0.102791 0.0200361 0.000804131
internal_weight=425.803 169.132 79.2987 256.671 19.8289 89.8333 236.842
internal_count=2074 797 413 1277 88 384 1189
is_linear=0
shrinkage=0.252688


Tree=250
num_leaves=7
num_cat=0
split_feature=12 1 1 12 6 12
split_gain=0.728499 2.14321 2.2768 2.07622 4.53399 2.3845
threshold=-0.18624205887317655 -1.5034211874008176 -1.2864347100257871 -0.092089302837848649 -0.10722100362181662 -0.068741362541913972
decision_type=2 2 2 2 2 2
left_child=1 -1 -3 4 -2 -5
right_child=3 2 -4 5 -6 -7
leaf_value=-0.21856474548438914 -0.20370616114282611 0.14975602712792715 0.010563157896212021 0.13756607419471489 0.0085755222941411493 -0.0046989354782502966
leaf_weight=2.4951863512396804 10.515788130462171 7.8913416266441336 152.44902996812016 7.7579780369997016 16.509911416331306 247.44536670786329
leaf_count=21 68 15 753 24 68 1125
internal_value=0.000338492 0.0137975 0.0174142 -0.00742685 -0.0740263 -0.000373912
internal_weight=445.065 162.836 160.34 282.229 27.0257 255.203
internal_count=2074 789 768 1285 136 1149
is_linear=0
shrinkage=0.252688


Tree=251
num_leaves=6
num_cat=0
split_feature=20 13 20 8 20
split_gain=0.68078 1.60729 1.40753 1.14109 1.09759
threshold=-3.4520778656005855 0.30701750516891485 -2.212331891059875 -3.1280809640884395 -1.7782582640647886
decision_type=2 2 2 2 2
left_child=1 -1 3 -2 -4
right_child=2 -3 4 -5 -6
leaf_value=0.18287419866199348 0.030710573309795861 -0.072210507166982296 0.092137684390852681 -0.17057640911595318 -0.001207722671657813
leaf_weight=3.9328000098466864 2.6649041920900345 2.6326668099500239 8.2072176039218885 5.5283366031944734 400.88168165599927
leaf_count=18 15 18 45 30 1948
internal_value=-0.000141531 0.0805908 -0.00141187 -0.105109 0.000665103
internal_weight=423.848 6.56547 417.282 8.19324 409.089
internal_count=2074 36 2038 45 1993
is_linear=0
shrinkage=0.252688


Tree=252
num_leaves=7
num_cat=0
split_feature=4 2 4 10 6 2
split_gain=0.723159 1.87461 5.59837 2.7748 1.17695 1.18536
threshold=-0.23869271576404569 0.31523510813713079 -0.74334946274757374 -0.63939556479454029 -0.78118157386779774 0.3809619545936585
decision_type=2 2 2 2 2 2
left_child=1 3 -3 -1 -2 -6
right_child=4 2 -4 -5 5 -7
leaf_value=-0.032817022549476563 0.15156507547205875 -0.11629800579384407 0.044085574340912211 0.052132306434944951 -0.022610672699792778 0.016469438918097001
leaf_weight=33.610160599462688 2.8733370490372172 24.755754111800343 31.679254336282611 91.091404932085425 168.44600643916056 70.214276017155498
leaf_count=163 15 131 163 428 855 319
internal_value=-0.000126258 0.0119431 -0.0262686 0.0292363 -0.00917763 -0.0111132
internal_weight=422.67 181.137 56.435 124.702 241.534 238.66
internal_count=2074 885 294 591 1189 1174
is_linear=0
shrinkage=0.252688


Tree=253
num_leaves=6
num_cat=0
split_feature=6 12 6 9 14
split_gain=0.734495 1.16611 1.03317 2.47667 1.14534
threshold=1.3544857501983645 0.03851046413183213 1.2494528889656069 0.032384453341364867 -1.5208333134651182
decision_type=2 2 2 2 2
left_child=2 -2 4 -4 -1
right_child=1 -3 3 -5 -6
leaf_value=0.076776986582862569 0.16152634835901497 -0.024383602831198739 -0.1669853956059372 0.02313855948292539 -0.0011102422928844233
leaf_weight=12.42528950050473 4.5279435068368894 4.1087537100538611 7.8524317648261812 9.8773695118725282 404.03179304301739
leaf_count=32 14 23 59 56 1890
internal_value=0.000121811 0.0730868 -0.00132967 -0.0610687 0.00121367
internal_weight=442.824 8.6367 434.187 17.7298 416.457
internal_count=2074 37 2037 115 1922
is_linear=0
shrinkage=0.252688


Tree=254
num_leaves=5
num_cat=0
split_feature=15 17 21 17
split_gain=0.76839 0.757363 3.14832 2.21734
threshold=-0.60796841979026783 -0.34649430215358729 -0.87871292233467091 -0.34140039980411524
decision_type=2 2 2 2
left_child=-1 2 -2 -3
right_child=1 3 -4 -5
leaf_value=-0.11380847337292734 -0.15694403887053246 -0.099108345289040431 0.045699631719386798 0.00076070988190048887
leaf_weight=3.7537726238369933 5.3807601034641257 14.806154824793337 54.207570066908374 343.67065056180581
leaf_count=18 14 48 269 1725
internal_value=-1.36085e-06 0.00102064 0.0273999 -0.00336431
internal_weight=421.819 418.065 59.5883 358.477
internal_count=2074 2056 283 1773
is_linear=0
shrinkage=0.252688


Tree=255
num_leaves=5
num_cat=0
split_feature=21 10 10 5
split_gain=0.926875 0.862568 2.45352 1.41859
threshold=-1.0743215084075926 -0.36733645200729365 -0.42472364008426661 -0.15675833821296689
decision_type=2 2 2 2
left_child=-1 2 -2 -3
right_child=1 3 -4 -5
leaf_value=0.15489379148120982 -0.0019283018409278158 -0.017814665803819445 -0.096191242770873167 0.018768259748487809
leaf_weight=2.4507281333208075 95.425878753885627 102.98943659386714 21.626272201538086 197.41407448227983
leaf_count=9 501 558 104 902
internal_value=-3.39089e-05 -0.00094363 -0.0193445 0.00622627
internal_weight=419.906 417.456 117.052 300.404
internal_count=2074 2065 605 1460
is_linear=0
shrinkage=0.252688


Tree=256
num_leaves=5
num_cat=0
split_feature=18 18 21 19
split_gain=0.6731 0.978714 2.18495 0.947314
threshold=2.9527992010116582 1.5439078211784365 -0.74996778368949879 -0.1178610362112522
decision_type=2 2 2 2
left_child=1 3 -3 -1
right_child=-2 2 -4 -5
leaf_value=0.016736323096821021 0.12316156618105573 0.27927459584626618 -0.10423144173146225 -0.0080159038461274264
leaf_weight=155.845708694309 2.806737348670139 1.0363079160451896 11.143521284218874 269.36638560704887
leaf_count=798 24 2 96 1154
internal_value=-0.000175318 -0.000966919 -0.0715904 0.00105611
internal_weight=440.199 437.392 12.1798 425.212
internal_count=2074 2050 98 1952
is_linear=0
shrinkage=0.252688


Tree=257
num_leaves=7
num_cat=0
split_feature=1 21 17 16 17 16
split_gain=0.956214 3.47299 1.73341 3.51548 1.59182 0.990549
threshold=-1.7037193179130552 -0.60106384754180897 -0.34649430215358729 -0.43227273225784296 -0.343103677034378 -0.25587598979473108
decision_type=2 2 2 2 2 2
left_child=1 -1 3 -2 -4 -3
right_child=2 5 4 -5 -6 -7
leaf_value=0.26107136117312796 -0.0064389741421028088 -0.19147693083070574 -0.10379295979265693 0.13877862696852014 -0.00022878267090003978 -0.054670531277582542
leaf_weight=1.9831161797046686 27.573835972696543 4.6616212257649794 9.7422651872038823 17.33602948859334 346.57953614136204 12.284450888633724
leaf_count=12 107 29 32 90 1737 67
internal_value=0.000217571 -0.0552807 0.00283592 0.0496186 -0.0030605 -0.0923089
internal_weight=420.161 18.9292 401.232 44.9099 356.322 16.9461
internal_count=2074 108 1966 197 1769 96
is_linear=0
shrinkage=0.252688


Tree=258
num_leaves=6
num_cat=0
split_feature=14 14 14 14 2
split_gain=0.808659 1.12721 4.63553 2.04365 0.944509
threshold=1.6458333730697634 0.71527773141860973 1.0208333134651186 0.59027779102325451 0.20069272071123126
decision_type=2 2 2 2 2
left_child=1 3 -3 -1 -2
right_child=4 2 -4 -5 -6
leaf_value=0.00040118396978778008 0.010529226298695555 0.16912446773823289 -0.0094852694369707662 -0.092299151916942795 -0.20486626224524584
leaf_weight=350.25634970140527 2.5534789785742751 12.604585725814102 35.151335692033172 15.872536495327948 2.6470706854015589
leaf_count=1758 9 59 170 55 23
internal_value=-9.93955e-05 0.00114489 0.0376579 -0.00361771 -0.0991161
internal_weight=419.085 413.885 47.7559 366.129 5.20055
internal_count=2074 2042 229 1813 32
is_linear=0
shrinkage=0.252688


Tree=259
num_leaves=8
num_cat=0
split_feature=21 21 24 21 21 14 1
split_gain=0.603472 2.42274 1.84353 1.80473 1.77603 1.81132 0.954496
threshold=0.1102806255221367 0.035274948924779899 0.14636498689651492 -0.022723059169948098 0.15977950394153598 1.6458333730697634 0.26758080720901495
decision_type=2 2 2 2 2 2 2
left_child=1 3 -3 -1 6 -6 -2
right_child=4 2 -4 -5 5 -7 -8
leaf_value=-0.008719029685307399 0.049845469542231603 -0.21700996439656409 -0.031646780950233405 0.067369375820127267 0.00098671969622036483 0.19985274977437648 0.19657483980252638
leaf_weight=223.70754957664758 7.5560433231294137 5.9256554120220235 8.1204995941370708 21.847582454793155 164.73484449903481 2.9767593666911116 4.5266704242676497
leaf_count=1005 32 52 47 86 831 9 12
internal_value=5.67427e-06 -0.00778758 -0.109851 -0.00194914 0.0112582 0.00451707 0.104822
internal_weight=439.396 259.601 14.0462 245.555 179.794 167.712 12.0827
internal_count=2074 1190 99 1091 884 840 44
is_linear=0
shrinkage=0.252688


Tree=260
num_leaves=8
num_cat=0
split_feature=2 5 10 16 2 16 16
split_gain=0.877702 1.30127 1.91955 0.765135 6.38498 0.961914 0.362097
threshold=-1.436538517475128 -0.42714437842369074 1.3581468462944033 -0.58869811892509449 0.20894925296306613 -0.39530599117279047 -0.25587598979473108
decision_type=2 2 2 2 2 2 2
left_child=1 6 -3 4 -2 -5 -1
right_child=3 2 -4 5 -6 -7 -8
leaf_value=-0.08169523128364102 -0.0030422563974911057 0.030138051455460474 -0.16854325159408923 -0.032887463479126376 0.29033615259228351 0.0047288187401278662 -0.19382030979338752
leaf_weight=3.9107881505042315 35.967966059222817 15.460803151130678 3.8846322745084754 50.764515850692987 5.4545036926865569 299.44335979223251 3.4733388721942928
leaf_count=28 144 105 24 231 24 1504 14
internal_value=9.36052e-05 -0.0442081 -0.0097613 0.00311735 0.0355929 -0.000723901 -0.134447
internal_weight=418.36 26.7296 19.3454 391.63 41.4225 350.208 7.38413
internal_count=2074 171 129 1903 168 1735 42
is_linear=0
shrinkage=0.252688


Tree=261
num_leaves=7
num_cat=0
split_feature=6 6 23 11 19 11
split_gain=0.840195 2.93887 2.83509 3.13731 2.71744 2.4184
threshold=0.065645502880215659 1.0000000180025095e-35 -0.367776408791542 -0.71003434062004078 -0.73182156682014454 -0.61606380343437184
decision_type=2 2 2 2 2 2
left_child=1 4 3 -2 -1 -4
right_child=2 -3 5 -5 -6 -7
leaf_value=-0.094948128129432971 -0.15870110278282826 -0.20907747495614512 -0.10016728150353642 0.092814847114785964 0.0027670558505154645 0.0063445852428204675
leaf_weight=20.143616956338519 3.4620887059718362 4.6901823654770842 14.953049708157776 37.047378104180098 185.62492368137464 151.6391393840313
leaf_count=115 23 21 58 170 938 749
internal_value=-6.32929e-05 -0.0113073 0.011363 0.0713175 -0.00679894 -0.00321603
internal_weight=417.56 210.459 207.102 40.5095 205.769 166.592
internal_count=2074 1074 1000 193 1053 807
is_linear=0
shrinkage=0.252688


Tree=262
num_leaves=7
num_cat=0
split_feature=2 1 11 2 5 2
split_gain=0.679076 2.1406 1.861 1.36358 2.7483 1.30973
threshold=-1.4987600445747373 -0.17809003591537473 -1.111419081687927 -1.3799008727073667 -0.60022941231727589 -1.3444033861160276
decision_type=2 2 2 2 2 2
left_child=1 2 -1 4 -2 -5
right_child=3 -3 -4 5 -6 -7
leaf_value=0.075387529352912291 0.050558683720250866 0.16504246454059268 -0.043113147026873654 0.1126923539370078 -0.23638567554731735 -0.0028252651656999299
leaf_weight=14.498065568506716 3.9861205294728279 6.4170470908284178 20.32351192086935 6.3710378110408774 4.5792169887572509 381.54954718402587
leaf_count=51 12 16 86 16 24 1869
internal_value=7.9896e-05 0.0309403 0.00622531 -0.00312994 -0.102853 -0.0009279
internal_weight=437.725 41.2386 34.8216 396.486 8.56534 387.921
internal_count=2074 153 137 1921 36 1885
is_linear=0
shrinkage=0.252688


Tree=263
num_leaves=4
num_cat=0
split_feature=15 9 15
split_gain=0.650881 0.757113 0.666245
threshold=-0.60796841979026783 -1.0215492248535154 -0.60292181372642506
decision_type=2 2 2
left_child=-1 -2 -3
right_child=1 2 -4
leaf_value=-0.10806267441316414 0.12074592091754582 0.10927854018856285 -0.0010234476618524954
leaf_weight=3.5295713916420928 3.3381894528865805 3.5263566821813574 406.09842684818432
leaf_count=18 16 18 2022
internal_value=-2.051e-05 0.000903054 -7.37425e-05
internal_weight=416.493 412.963 409.625
internal_count=2074 2056 2040
is_linear=0
shrinkage=0.252688


Tree=264
num_leaves=7
num_cat=0
split_feature=14 12 10 24 12 11
split_gain=0.677887 2.26933 2.77149 1.67547 1.5797 1.43448
threshold=-0.31249998509883875 -0.73461750149726857 0.40222920477390295 -4.7146997451782218 -0.80946955084800709 -0.47075843811035151
decision_type=2 2 2 2 2 2
left_child=4 2 -2 -3 -1 -6
right_child=1 3 -4 -5 5 -7
leaf_value=-0.17750349165537502 0.20642514772418732 -0.20170901610831463 -0.078809763216826895 0.004000869044585971 -0.15898276326735936 -0.0055070910555401276
leaf_weight=3.7571174614131442 7.3553192839026433 2.5502012968063346 3.087939627468586 284.95108863324276 4.0315267592668524 109.23875661380589
leaf_count=19 31 10 15 1405 23 571
internal_value=-2.17761e-05 0.00637895 0.122085 0.0021758 -0.0163176 -0.0109703
internal_weight=414.972 297.945 10.4433 287.501 117.027 113.27
internal_count=2074 1461 46 1415 613 594
is_linear=0
shrinkage=0.252688


Tree=265
num_leaves=8
num_cat=0
split_feature=5 5 5 5 1 17 1
split_gain=0.665369 4.23273 3.54408 3.09977 3.03488 2.56058 1.99899
threshold=-0.28617243468761439 -0.44350950419902796 -0.12474938854575156 -0.34819495677947992 0.71072274446487438 0.070913475006818785 0.88081493973732006
decision_type=2 2 2 2 2 2 2
left_child=1 4 5 -3 -1 -2 -4
right_child=2 3 6 -5 -6 -7 -8
leaf_value=0.0203388126297596 0.11088150507295967 -0.20690710952900332 -0.012265750505444928 -0.025349789453752426 -0.12178723478418566 -0.030406974327861477 0.058389321331460513
leaf_weight=97.843102481216192 31.516508810222149 11.325641424860807 231.66121646855026 12.779414940625427 10.635481955483554 11.065513691864906 28.739154636394233
leaf_count=460 108 88 1038 64 113 68 135
internal_value=5.05365e-05 -0.0148792 0.00658372 -0.110656 0.00640392 0.0741658 -0.00446778
internal_weight=435.566 132.584 302.982 24.1051 108.479 42.582 260.4
internal_count=2074 725 1349 152 573 176 1173
is_linear=0
shrinkage=0.252688


Tree=266
num_leaves=5
num_cat=0
split_feature=7 11 18 11
split_gain=0.83272 0.856467 3.15976 2.24743
threshold=1.6332325935363772 0.41354462504386907 0.35181109607219702 0.37590582668781286
decision_type=2 2 2 2
left_child=1 3 -3 -1
right_child=-2 2 -4 -5
leaf_value=0.00019396634682248241 -0.14399064593761174 0.0056976796150119899 0.1592905658928869 -0.091083012604571981
leaf_weight=313.6469608808402 2.5493033379316321 70.965333011001348 9.7236127848736924 18.224238388240337
leaf_count=1517 8 404 56 89
internal_value=-3.12545e-05 0.000858483 0.0242077 -0.00481851
internal_weight=415.109 412.56 80.6889 331.871
internal_count=2074 2066 460 1606
is_linear=0
shrinkage=0.252688


Tree=267
num_leaves=8
num_cat=0
split_feature=1 8 5 16 16 15 8
split_gain=0.680051 2.6937 5.25496 1.43235 3.18469 2.24346 0.408262
threshold=-0.98377662897109974 -0.31032371520996088 -0.63896763324737538 0.32469230890274053 0.51853087544441234 -0.46755675971508021 -0.41446395218372339
decision_type=2 2 2 2 2 2 2
left_child=1 6 -3 5 -5 -2 -1
right_child=3 2 -4 4 -6 -7 -8
leaf_value=-0.040062396537884661 -0.10116143442391645 0.37267000187273081 0.023555495130557887 0.091080801538034883 -0.0029928941897242722 -0.0090311869553176237 -0.20465612993040613
leaf_weight=1.3633159175515173 18.446714478544891 2.9394737537950268 43.278032899834216 28.623787072487175 116.47087375100818 198.20226298924536 3.2728617205284527
leaf_count=9 133 12 196 130 603 955 36
internal_value=-1.71549e-05 0.0273436 0.0457635 -0.00386355 0.0155659 -0.0168759 -0.156266
internal_weight=412.597 50.8537 46.2175 361.744 145.095 216.649 4.63618
internal_count=2074 253 208 1821 733 1088 45
is_linear=0
shrinkage=0.252688


Tree=268
num_leaves=8
num_cat=0
split_feature=19 19 3 19 0 1 12
split_gain=0.769289 1.89826 1.73337 1.35632 1.87099 1.16113 0.807993
threshold=1.0006890892982485 0.94520583748817455 0.87880849838256847 1.1894499063491824 -1.0000000180025095e-35 -0.88145583868026722 0.82127708196640026
decision_type=2 2 2 2 2 2 2
left_child=1 2 -1 5 -5 -2 -3
right_child=3 6 -4 4 -6 -7 -8
leaf_value=0.0027592955355080638 -0.0090455062294433012 -0.23743754659679991 -0.070824347518031031 -0.10562790317699373 0.079481369129469959 0.10535421963782496 -0.032041603847559191
leaf_weight=366.08853398147039 8.4075581356883031 3.0941700963303438 21.649078308604658 8.4066808056086284 5.9562004571780554 17.365492811426524 2.0222023241221905
leaf_count=1753 31 20 111 56 33 58 12
internal_value=3.73142e-05 -0.0033671 -0.00134929 0.0333597 -0.028864 0.0680358 -0.156269
internal_weight=432.99 392.854 387.738 40.1359 14.3629 25.7731 5.11637
internal_count=2074 1896 1864 178 89 89 32
is_linear=0
shrinkage=0.252688


Tree=269
num_leaves=7
num_cat=0
split_feature=1 18 5 20 7 17
split_gain=0.672758 2.64125 2.70045 1.08592 2.10096 2.06405
threshold=1.0374404788017275 0.65203070640563976 0.78287175297737133 -1.0059687495231626 -0.90043389797210682 1.2320468425750735
decision_type=2 2 2 2 2 2
left_child=3 -2 -3 5 -5 -1
right_child=1 2 -4 4 -6 -7
leaf_value=-0.092044660419398919 -0.12707573134505859 0.14787959199865053 -0.072329281829820583 0.080756511409157919 -0.0031370868305742937 0.039570031765065836
leaf_weight=21.747152639552951 4.6452649123966721 12.844981115777047 4.9164225347340098 20.204180873930454 336.49515820853412 11.701590863987802
leaf_count=139 25 90 21 104 1627 68
internal_value=-2.2003e-05 0.0425568 0.0869245 -0.00246741 0.00161493 -0.0460011
internal_weight=412.555 22.4067 17.7614 390.148 356.699 33.4487
internal_count=2074 136 111 1938 1731 207
is_linear=0
shrinkage=0.252688


Tree=270
num_leaves=5
num_cat=0
split_feature=19 19 17 19
split_gain=1.06922 0.983727 2.73262 0.710487
threshold=-1.7712110280990598 -1.3852701187133787 -0.16735683381557462 -0.44178643822669977
decision_type=2 2 2 2
left_child=-1 2 -2 -3
right_child=1 3 -4 -5
leaf_value=-0.21623608721058732 0.24162062608998897 -0.021032499871735992 -0.033717824595534039 0.0044033129683243195
leaf_weight=1.4578147456049908 3.9450257085263729 90.834884391340893 5.5231746230274421 307.44293360086158
leaf_count=9 14 512 31 1508
internal_value=-0.000256577 0.00051589 0.0810118 -0.00139783
internal_weight=409.204 407.746 9.4682 398.278
internal_count=2074 2065 45 2020
is_linear=0
shrinkage=0.252688


Tree=271
num_leaves=7
num_cat=0
split_feature=3 3 18 21 8 17
split_gain=0.808511 2.12104 2.2981 1.55752 1.41705 1.1051
threshold=1.1265262365341189 0.82602789998054515 0.61690452694892894 -0.071580540388822542 4.177692413330079 1.2991285324096682
decision_type=2 2 2 2 2 2
left_child=1 4 -3 -2 -1 -5
right_child=3 2 -4 5 -6 -7
leaf_value=-0.00060546725782534771 0.21985464979263183 -0.13511601390781833 0.08552557006382859 0.063735243274508607 0.13853543188188064 -0.042650985537060225
leaf_weight=379.33697580220178 2.8038246110081699 14.072019895538689 3.8352732248604289 15.767743408679964 4.7312732590362421 10.310961711686103
leaf_count=1827 5 99 13 42 31 57
internal_value=7.94406e-05 -0.0028547 -0.0878592 0.040915 0.00110877 0.0216723
internal_weight=430.858 401.976 17.9073 28.8825 384.068 26.0787
internal_count=2074 1970 112 104 1858 99
is_linear=0
shrinkage=0.252688


Tree=272
num_leaves=7
num_cat=0
split_feature=10 14 14 10 7 14
split_gain=0.825613 1.51205 1.30913 1.10343 1.93074 1.15332
threshold=1.0696959495544436 -1.5486110448837278 -1.381944417953491 1.5864948034286501 1.0309869647026064 -1.5208333134651182
decision_type=2 2 2 2 2 2
left_child=1 -1 -3 4 -2 -5
right_child=3 2 -4 5 -6 -7
leaf_value=0.17736936248522969 -0.031230915821335335 -0.089331852203742249 0.0056264799196963783 -0.10220881896542887 -0.19787334087239236 0.038137568551933357
leaf_weight=3.2057718262076369 25.089593326672915 9.5276795476675016 342.20284987357445 4.6150382906198528 5.3932872936129561 19.677443936467171
leaf_count=17 128 41 1696 17 24 151
internal_value=0.000172715 0.00462879 0.00305411 -0.0287017 -0.0607177 0.0114731
internal_weight=409.712 354.936 351.731 54.7754 30.4829 24.2925
internal_count=2074 1754 1737 320 152 168
is_linear=0
shrinkage=0.252688


Tree=273
num_leaves=5
num_cat=0
split_feature=19 11 11 11
split_gain=0.856673 0.825234 5.38979 2.44966
threshold=-1.7712110280990598 -0.44758135080337519 -0.32937149703502649 -0.47075843811035151
decision_type=2 2 2 2
left_child=-1 3 -3 -2
right_child=1 2 -4 -5
leaf_value=-0.207474205584847 0.0088985568135952348 -0.14000394881693898 0.0021160744717269122 0.17357670147918397
leaf_weight=1.2660519797354925 145.80340481246822 18.360290454584174 236.57254017423838 6.0047373343259087
leaf_count=9 751 104 1186 24
internal_value=1.72917e-05 0.000663417 -0.00811969 0.015413
internal_weight=408.007 406.741 254.933 151.808
internal_count=2074 2065 1290 775
is_linear=0
shrinkage=0.252688


Tree=274
num_leaves=7
num_cat=0
split_feature=7 24 15 7 13 24
split_gain=0.798281 1.27084 1.26272 1.24338 1.62358 0.000283872
threshold=1.0309869647026064 8.6003561019897479 -0.60292181372642506 1.0696763992309573 0.55263155698776256 14.380232810974123
decision_type=2 2 2 2 2 2
left_child=1 2 -1 -2 -5 -3
right_child=3 5 -4 4 -6 -7
leaf_value=-0.12889279187538796 0.14862158024308544 -0.19023760849573587 -0.00090190982333916703 0.063706477525048696 -0.037117999158162947 -0.18238105650004929
leaf_weight=4.986494902521371 5.1380134895443907 1.2880800571292632 375.92720828508027 21.901177383959293 19.083205468952656 1.1221807561814783
leaf_count=27 16 13 1874 61 67 16
internal_value=4.39549e-05 -0.00373509 -0.0025776 0.0314514 0.0167605 -0.186621
internal_weight=429.446 383.324 380.914 46.1224 40.9844 2.41026
internal_count=2074 1930 1901 144 128 29
is_linear=0
shrinkage=0.252688


Tree=275
num_leaves=8
num_cat=0
split_feature=14 15 15 15 13 15 11
split_gain=0.648928 1.88055 2.82786 2.70508 1.30777 1.75713 1.72064
threshold=-0.96527773141860951 0.17164286226034167 0.096322812139987959 0.29212816059589392 0.20760225504636767 0.64803543686866771 -0.64071163535118092
decision_type=2 2 2 2 2 2 2
left_child=1 2 -1 -3 5 -2 -6
right_child=4 3 -4 -5 6 -7 -8
leaf_value=0.0054443442346468656 0.0098174635329071249 -0.13450997001937304 0.26498376997337897 0.02708637142300975 0.072787589652611853 -0.078959347988876577 -0.043535381893031376
leaf_weight=6.1313880644738656 242.38969583017752 7.7313289418816558 4.7622008845210075 45.762363959103823 9.0714519228786212 15.123242620378731 77.332613872829825
leaf_count=32 1165 31 28 230 65 84 439
internal_value=-6.3514e-05 0.0232182 0.118911 0.00373007 -0.0044223 0.00460361 -0.0313224
internal_weight=408.304 64.3873 10.8936 53.4937 343.917 257.513 86.4041
internal_count=2074 321 60 261 1753 1249 504
is_linear=0
shrinkage=0.252688


Tree=276
num_leaves=6
num_cat=0
split_feature=8 3 9 5 5
split_gain=0.677171 1.09576 2.42675 1.12398 1.07722
threshold=11.880712509155275 1.3272922635078432 -0.042210973799228661 1.9713184833526614 1.8740491271018984
decision_type=2 2 2 2 2
left_child=1 3 -3 -1 -2
right_child=4 2 -4 -5 -6
leaf_value=0.00077630663618812675 -0.20725005977470246 0.25125897416414256 -0.057895711199361023 -0.11215114952251976 0.046118702222236803
leaf_weight=388.06080796167953 2.5088947080075732 3.3973368257284164 3.1002877466380587 5.709940815344452 1.8694683313369749
leaf_count=1978 23 13 15 36 9
internal_value=-0.000244153 0.000837032 0.103755 -0.000861362 -0.0990741
internal_weight=404.647 400.268 6.49762 393.771 4.37836
internal_count=2074 2042 28 2014 32
is_linear=0
shrinkage=0.252688


Tree=277
num_leaves=5
num_cat=0
split_feature=10 5 10 5
split_gain=0.634885 0.661611 2.07397 1.30239
threshold=2.2861287593841557 -1.6580471992492674 1.6103371381759646 -1.3552751541137693
decision_type=2 2 2 2
left_child=1 2 -1 -3
right_child=-2 3 -4 -5
leaf_value=-0.19626912467752403 0.09983641776574842 0.08900377840300136 0.09318466601612288 -0.0017691056431964622
leaf_weight=3.9431644184514871 4.042839629109948 10.34908522851765 2.6373006971552968 406.26272460981272
leaf_count=45 24 44 20 1941
internal_value=0.000182306 -0.00076983 -0.0802643 0.000485897
internal_weight=427.235 423.192 6.58047 416.612
internal_count=2074 2050 65 1985
is_linear=0
shrinkage=0.252688


Tree=278
num_leaves=7
num_cat=0
split_feature=5 8 5 5 19 19
split_gain=0.725454 0.710449 3.0406 2.27906 0.670395 0.0126352
threshold=-1.9094588160514829 -0.32604986429214472 -0.64765453338623036 -0.2073593735694885 -1.5614286065101621 -1.2497415542602537
decision_type=2 2 2 2 2 2
left_child=4 3 -3 -2 -1 -6
right_child=1 2 -4 -5 5 -7
leaf_value=0.014568056180901692 0.037656295532290461 -0.11014751817599344 0.0015276763925546372 -0.084380119347853555 -0.18583998963604964 -0.15204623039610737
leaf_weight=2.0956668257713318 74.483017131919041 16.424054492264986 298.27383630070835 11.246040094643829 1.753949571400881 1.222145952284335
leaf_count=11 419 77 1472 61 15 19
internal_value=5.15584e-05 0.00125447 -0.00430081 0.021647 -0.0949113 -0.171992
internal_weight=405.499 400.427 314.698 85.7291 5.07176 2.9761
internal_count=2074 2029 1549 480 45 34
is_linear=0
shrinkage=0.252688


Tree=279
num_leaves=7
num_cat=0
split_feature=17 23 6 15 19 11
split_gain=0.779807 3.05181 3.05078 2.11623 2.4967 2.29804
threshold=0.26143082976341253 0.50900891423225414 0.40481397509574896 0.20158231258392337 -1.2497415542602537 0.27361682057380682
decision_type=2 2 2 2 2 2
left_child=1 2 -1 4 -2 -5
right_child=3 -3 -4 5 -6 -7
leaf_value=0.00016227463487529474 0.12069665887538537 0.23465439327142551 0.16749768397867751 -0.1521358290750788 -0.13014379396622161 0.0045111018189562258
leaf_weight=241.0134637212177 2.9882696904242065 3.7497272416949263 7.1629479154944411 6.279778614640235 16.638036476448178 124.94123165472411
leaf_count=1244 18 14 32 26 105 635
internal_value=-0.000192433 0.00841115 0.00499232 -0.014561 -0.0919489 -0.00298604
internal_weight=402.773 251.926 248.176 150.847 19.6263 131.221
internal_count=2074 1290 1276 784 123 661
is_linear=0
shrinkage=0.252688


Tree=280
num_leaves=8
num_cat=0
split_feature=19 11 18 5 6 2 12
split_gain=0.585043 1.58507 4.04883 2.25931 1.55791 1.72829 1.23107
threshold=0.54376906156539928 -0.86974287033081044 -0.50274431705474842 -0.34819495677947992 -0.77242884039878834 -0.85837513208389271 -0.22716131806373593
decision_type=2 2 2 2 2 2 2
left_child=1 3 -3 -1 6 -6 -2
right_child=4 2 -4 -5 5 -7 -8
leaf_value=-0.070288590804190212 -0.22359877276657181 -0.12232623189705796 -0.0038138488379439689 0.07583834771831599 -0.040150459311042108 0.036348940863625792 0.012914764044769628
leaf_weight=8.7669080123305303 3.0512900501489639 19.906561452895403 244.18101350963116 29.446591420099139 23.565676354803145 94.362915257457644 2.604283593595027
leaf_count=57 22 86 1343 104 114 340 8
internal_value=0.000201017 -0.00578714 -0.0127474 0.0423135 0.0148487 0.0210619 -0.114698
internal_weight=425.885 302.301 264.088 38.2135 123.584 117.929 5.65557
internal_count=2074 1590 1429 161 484 454 30
is_linear=0
shrinkage=0.252688


Tree=281
num_leaves=8
num_cat=0
split_feature=10 21 20 16 12 23 23
split_gain=0.628176 1.29916 1.89359 1.27781 1.13526 2.36332 2.16576
threshold=1.0696959495544436 1.9654389619827273 3.3058738708496098 1.1339079141616824 1.8407596349716189 1.784934997558594 -0.45446357131004328
decision_type=2 2 2 2 2 2 2
left_child=4 3 -3 -2 6 -6 -1
right_child=1 2 -4 -5 5 -7 -8
leaf_value=-0.046859585268056815 -0.025232297758450376 -0.021333786842986986 0.24494633396380217 -0.15039334030439436 0.081629732847746786 -0.10745952237588115 0.0087357351025232691
leaf_weight=53.757629283005372 39.429520145058632 4.8774298503994933 2.6212349683046341 6.0005520544946185 25.524910371750597 5.055997308343648 266.72333375760354
leaf_count=229 231 35 18 36 142 20 1363
internal_value=-2.00541e-05 -0.0256816 0.0717577 -0.0417656 0.0038489 0.0503659 -0.000589908
internal_weight=403.991 52.9287 7.49866 45.4301 351.062 30.5809 320.481
internal_count=2074 320 53 267 1754 162 1592
is_linear=0
shrinkage=0.252688


Tree=282
num_leaves=7
num_cat=0
split_feature=22 13 9 15 16 9
split_gain=0.683919 2.14684 2.67714 1.41932 3.10423 1.44118
threshold=0.93180191516876232 0.55263155698776256 0.15720447152853015 0.91323965787887584 0.99817529320716869 1.7930300831794741
decision_type=2 2 2 2 2 2
left_child=3 -2 -3 5 -5 -1
right_child=1 2 -4 4 -6 -7
leaf_value=-0.0014352772840294209 -0.21717641518691319 0.01848520026811009 -0.093355906235213643 0.21174338744005727 -0.10594087450179433 0.086338705030296115
leaf_weight=306.95595787046477 3.4436699375510207 49.032368342857808 18.94587843446061 5.8370433077216131 2.9592842012643814 12.427233214475562
leaf_count=1553 11 251 140 27 11 81
internal_value=-0.000138747 -0.0225472 -0.0126859 0.00473804 0.104867 0.00198015
internal_weight=399.601 71.4219 67.9782 328.18 8.79633 319.383
internal_count=2074 402 391 1672 38 1634
is_linear=0
shrinkage=0.252688


Tree=283
num_leaves=5
num_cat=0
split_feature=8 8 20 19
split_gain=0.622095 0.892463 0.79334 0.729653
threshold=13.693320751190187 6.5151231288909921 6.5601570606231698 0.51618093252182018
decision_type=2 2 2 2
left_child=1 2 -1 -3
right_child=-2 3 -4 -5
leaf_value=-0.00022530938869447459 0.091969427820998748 -0.027112245765839427 0.13996093817106689 -0.19351950547778504
leaf_weight=408.66021106671542 4.657770794350653 4.5178528521209946 2.5934419780969611 2.68044279422611
leaf_count=1972 24 27 6 45
internal_value=0.000137255 -0.000885036 0.000658906 -0.0890875
internal_weight=423.11 418.452 411.254 7.1983
internal_count=2074 2050 1978 72
is_linear=0
shrinkage=0.252688


Tree=284
num_leaves=5
num_cat=0
split_feature=16 13 13 18
split_gain=0.573859 0.551115 2.84191 1.65993
threshold=-0.92156407237052906 0.54093566536903392 0.38888882100582128 0.34138306975364691
decision_type=2 2 2 2
left_child=-1 2 -2 -3
right_child=1 3 -4 -5
leaf_value=0.1061285031736086 -0.0019205845119206284 -0.0042007819641097311 -0.15305959411874995 0.073809579920184651
leaf_weight=3.2260869294404975 300.74069295614026 65.109093206003308 8.1587441340088827 23.775516965426505
leaf_count=18 1486 382 53 135
internal_value=-6.557e-06 -0.000867471 -0.00591277 0.0166663
internal_weight=401.01 397.784 308.899 88.8846
internal_count=2074 2056 1539 517
is_linear=0
shrinkage=0.252688


Tree=285
num_leaves=8
num_cat=0
split_feature=12 2 2 10 23 15 3
split_gain=0.648859 3.18112 3.62373 3.09716 2.49511 3.2496 2.82802
threshold=0.428179681301117 0.40307861566543585 0.22431434690952304 1.3272456526756289 -0.4661372303962707 -0.45679071545600886 0.22892215847969058
decision_type=2 2 2 2 2 2 2
left_child=4 2 -2 -3 6 -6 -1
right_child=1 3 -4 -5 5 -7 -8
leaf_value=-0.1833797221021071 -0.015395859858400687 -0.19258942382383504 0.15881545462427593 0.085783099823722106 0.13739336844451136 0.0054583196089851935 0.057525656741425062
leaf_weight=8.8959765611216408 85.07335153943859 10.963658549677346 8.3737218081951124 3.3258357215672723 12.484243918210266 263.5370006323792 4.7845175657421342
leaf_count=69 486 72 31 19 48 1325 24
internal_value=-2.12369e-05 -0.0167636 0.000215879 -0.127798 0.00620507 0.0114259 -0.0991281
internal_weight=397.438 107.737 93.4471 14.2895 289.702 276.021 13.6805
internal_count=2074 608 517 91 1466 1373 93
is_linear=0
shrinkage=0.252688


Tree=286
num_leaves=6
num_cat=0
split_feature=3 3 0 7 3
split_gain=0.589796 1.57948 1.42331 1.13595 0.721699
threshold=1.1265262365341189 1.0647503733634951 1.0000000180025095e-35 0.70659500360488903 -1.805747866630554
decision_type=2 2 2 2 2
left_child=1 4 3 -2 -1
right_child=2 -3 -4 -5 -6
leaf_value=-0.18535054323586297 0.13693625517926586 -0.20347149343927606 0.13979497381007272 -0.022550817778896837 -0.00055826340431015093
leaf_weight=1.3535979250445951 3.4144776668399635 2.4799503926187745 6.4388703554868689 17.281669550575316 390.8371621335391
leaf_count=27 16 24 13 75 1919
internal_value=9.99689e-06 -0.00246759 0.0360452 0.00376433 -0.0011963
internal_weight=421.806 394.671 27.135 20.6961 392.191
internal_count=2074 1970 104 91 1946
is_linear=0
shrinkage=0.252688


Tree=287
num_leaves=8
num_cat=0
split_feature=24 10 9 10 22 9 10
split_gain=0.585241 2.77179 3.20934 2.41575 2.66732 2.3462 2.10368
threshold=-0.033040521666407578 -0.77422457933425892 -0.37686303257942194 0.33142913877964025 -0.15556342154741284 -0.94258409738540638 0.54513120651245128
decision_type=2 2 2 2 2 2 2
left_child=1 2 -1 4 -2 -3 -5
right_child=3 5 -4 6 -6 -7 -8
leaf_value=0.25279262880229159 -0.07505608812162963 0.26057627843842707 0.0061091765494831066 0.11154085153960766 -0.0028142546205428228 -0.0016004549363803464 0.0056670076610051039
leaf_weight=6.2735009901225567 49.258409633068368 2.2068533897399893 7.2690392658114416 15.79964163713157 96.691036565229297 172.19102347735316 49.603854535147548
leaf_count=32 194 13 35 87 503 917 293
internal_value=1.05742e-05 0.0102694 0.120389 -0.00911186 -0.0271963 0.00171793 0.0312439
internal_weight=399.293 187.94 13.5425 211.353 145.949 174.398 65.4035
internal_count=2074 997 67 1077 697 930 380
is_linear=0
shrinkage=0.252688


Tree=288
num_leaves=8
num_cat=0
split_feature=9 6 9 24 13 15 16
split_gain=0.587096 2.1122 1.86131 1.76707 1.70104 1.46913 1.22965
threshold=0.30436614155769354 1.1312910318374636 0.21877397596836093 0.82618567347526561 0.99707588553428661 4.6590611934661874 -0.22437331825494763
decision_type=2 2 2 2 2 2 2
left_child=2 4 5 -4 -2 -1 -3
right_child=1 6 3 -5 -6 -7 -8
leaf_value=-0.0051713244488993367 0.017199488087988875 0.25213180410295061 -0.046444441779227567 -0.25337881684009628 0.21578887831695442 0.11061796283321237 -0.13581928268058441
leaf_weight=237.43035629508086 123.48146531303064 0.55874664336442936 11.613440595567225 3.4077090062201014 2.8163588047027579 7.2086053416132918 7.7670356663875264
leaf_count=1251 615 3 62 18 13 31 81
internal_value=-3.96783e-05 0.0135021 -0.00706057 -0.0933971 0.0216288 -0.00175921 -0.109769
internal_weight=394.284 134.624 259.66 15.0211 126.298 244.639 8.32578
internal_count=2074 712 1362 80 628 1282 84
is_linear=0
shrinkage=0.252688


Tree=289
num_leaves=8
num_cat=0
split_feature=8 8 7 3 10 16 21
split_gain=0.641547 3.65415 3.06705 3.87738 2.11823 1.62855 1.43431
threshold=-0.10454804822802542 -0.090913552790880189 0.44865271449089056 0.27273608744144445 -0.50313338637351979 -0.14624171704053876 -0.43751637637615198
decision_type=2 2 2 2 2 2 2
left_child=2 5 3 -1 -3 -2 -4
right_child=1 4 6 -5 -6 -7 -8
leaf_value=0.0096093644530227517 -0.060957873650516858 -0.061726428134368322 0.080670678859961598 0.17694498509358272 0.0060262796668986793 -0.3156707781082897 -0.21455259899070175
leaf_weight=141.35448227380402 3.0281252153217793 33.980640161782503 1.3109706491231916 9.4310037456452829 221.63753680186346 3.405229687690734 5.2886730157770208
leaf_count=770 18 168 6 26 1013 14 59
internal_value=-5.58334e-05 -0.00771451 0.0126961 0.0200761 -0.00298054 -0.195795 -0.155907
internal_weight=419.437 262.052 157.385 150.785 255.618 6.43335 6.59964
internal_count=2074 1213 861 796 1181 32 65
is_linear=0
shrinkage=0.252688


Tree=290
num_leaves=8
num_cat=0
split_feature=21 16 8 16 16 8 2
split_gain=0.698334 2.57027 2.77968 1.90961 1.81412 2.96764 1.74455
threshold=0.1441668123006821 -0.31346848607063288 0.15553361177444461 -0.18517676740884778 -0.36184741556644434 -0.32604986429214472 0.20894925296306613
decision_type=2 2 2 2 2 2 2
left_child=4 2 -2 -3 6 -6 -1
right_child=1 3 -4 -5 5 -7 -8
leaf_value=-0.035072433899193879 0.25643485162026797 -0.11836635016960574 0.012693247973010574 -0.014425460571708064 0.10347273244371351 0.0094674351981177442 0.056777363303376703
leaf_weight=77.142193035455421 4.3998060729354611 12.404028579592703 9.304697245359419 125.16503338189796 25.832241494208574 126.17043269239366 15.929831601679323
leaf_count=368 29 47 59 722 172 611 66
internal_value=9.85609e-05 -0.0134018 0.090953 -0.0237978 0.00843172 0.0254436 -0.0193515
internal_weight=396.348 151.274 13.7045 137.569 245.075 152.003 93.072
internal_count=2074 857 88 769 1217 783 434
is_linear=0
shrinkage=0.252688


Tree=291
num_leaves=8
num_cat=0
split_feature=10 20 21 8 23 15 23
split_gain=0.716734 2.24045 3.52495 2.21871 1.54719 1.90348 1.86929
threshold=-0.36733645200729365 -1.2918391227722166 0.21159686893224719 -1.6550939679145811 0.28969563543796545 0.05271455645561219 0.33265963196754461
decision_type=2 2 2 2 2 2 2
left_child=1 3 -3 -1 5 -2 -6
right_child=4 2 -4 -5 6 -7 -8
leaf_value=-0.052194781424503678 0.0099888594860043887 -0.0099138272084563564 -0.14961106284806056 0.1952335787701667 -0.19426919431347708 0.082981910555180255 -0.011775492035351961
leaf_weight=3.7857641223818064 154.54994947154773 90.373042774852365 13.219717536121605 5.9511606022715551 3.7268616035580626 26.761051429435611 93.073009248822927
leaf_count=13 800 501 74 25 14 146 501
internal_value=8.91679e-05 -0.016849 -0.0277416 0.0990345 0.00699146 0.0207627 -0.0188027
internal_weight=391.441 113.33 103.593 9.73692 278.111 181.311 96.7999
internal_count=2074 613 575 38 1461 946 515
is_linear=0
shrinkage=0.252688


Tree=292
num_leaves=5
num_cat=0
split_feature=6 2 2 2
split_gain=0.629966 0.589619 1.91932 0.884526
threshold=1.3807439208030703 -1.4987600445747373 -1.586406350135803 -0.3753810822963714
decision_type=2 2 2 2
left_child=1 2 -1 -3
right_child=-2 3 -4 -5
leaf_value=-0.0063955381730147511 0.10096743546503834 -0.024740875787923011 0.11856791761595543 0.0031944827773222793
leaf_weight=28.088266650214791 3.9004566632211199 98.135558252222836 10.890086904168127 275.66702006827109
leaf_count=126 15 500 27 1406
internal_value=-0.000100431 -0.00105557 0.0285189 -0.0041395
internal_weight=416.681 412.781 38.9784 373.803
internal_count=2074 2059 153 1906
is_linear=0
shrinkage=0.252688


Tree=293
num_leaves=8
num_cat=0
split_feature=4 24 10 4 4 13 17
split_gain=0.614076 3.61362 2.80619 2.46424 2.31348 3.26583 1.1867
threshold=-0.60288161039352406 -0.24740697443485257 -0.52014422416687001 -0.76933112740516651 -0.54484227299690235 0.096491198986768736 -0.36382216215133661
decision_type=2 2 2 2 2 2 2
left_child=1 2 -1 -3 5 -2 -6
right_child=4 3 -4 -5 6 -7 -8
leaf_value=0.19757624088130613 0.23983609767124348 -0.0074737729019532118 0.015431144269378127 -0.099821311689667847 0.056422879307878204 -0.035939695540666512 -0.0034798535472472256
leaf_weight=6.9670978412032154 6.2583342008292657 44.203885647468269 24.016001086682081 31.667775072157383 23.051373463822529 4.8792864046990871 251.48350697429851
leaf_count=43 35 240 131 159 134 29 1303
internal_value=1.76862e-05 -0.016324 0.0563924 -0.0460188 0.00613025 0.119025 0.00154998
internal_weight=392.527 106.855 30.9831 75.8717 285.673 11.1376 274.535
internal_count=2074 573 174 399 1501 64 1437
is_linear=0
shrinkage=0.252688


Tree=294
num_leaves=8
num_cat=0
split_feature=10 1 5 3 17 23 11
split_gain=0.556806 1.2846 1.82807 1.33953 0.622592 2.9076 1.7154
threshold=-0.76233309507369984 0.24008692800998691 -0.035713851451873772 -0.101211279630661 0.11320078000426294 -0.34322436153888697 0.067765928804874434
decision_type=2 2 2 2 2 2 2
left_child=1 3 -3 -1 5 -2 -6
right_child=4 2 -4 -5 6 -7 -8
leaf_value=-0.15627937306795212 -0.0068208056098468875 0.1735265266423402 -0.14793597837020001 -0.0020763975369017585 -0.14639483666458275 0.061812506498085243 -0.0042148699741278162
leaf_weight=7.2852542595937857 144.25845216680318 3.4198740180581808 1.6859953738749016 7.1043574307113895 5.6012076845508991 54.227346858329838 165.40017225779593
leaf_count=56 752 25 15 48 35 278 865
internal_value=0.000106552 -0.041513 0.0673727 -0.0801501 0.00230261 0.0119303 -0.00887247
internal_weight=388.983 19.4955 5.10587 14.3896 369.487 198.486 171.001
internal_count=2074 144 40 104 1930 1030 900
is_linear=0
shrinkage=0.252688


Tree=295
num_leaves=8
num_cat=0
split_feature=7 6 7 3 18 3 2
split_gain=0.623818 2.29208 2.08498 1.7302 3.86647 2.4642 0.0234852
threshold=-0.52000975608825672 -0.78118157386779774 -0.49102786183357233 -0.33900259435176844 -0.29912190139293665 0.016461903229355816 -0.098888970911502824
decision_type=2 2 2 2 2 2 2
left_child=3 6 -3 4 -1 -5 -2
right_child=1 2 -4 5 -6 -7 -8
leaf_value=-0.22958971593050775 -0.18678376403015484 -0.20512893689807213 -0.0012227060841805068 0.088146068368114408 0.010586811363586291 -0.11517954227606225 -0.22896055743262786
leaf_weight=4.6534335799515238 1.5542265307158234 3.2342507215216747 315.18011160404421 30.340339099988341 53.23108636518009 4.3513429053127757 1.9061030820012081
leaf_count=33 19 23 1501 102 365 17 14
internal_value=-0.000259711 -0.00551726 -0.0032942 0.01802 -0.00872328 0.0626417 -0.210048
internal_weight=414.451 321.875 318.414 92.5762 57.8845 34.6917 3.46033
internal_count=2074 1557 1524 517 398 119 33
is_linear=0
shrinkage=0.252688


Tree=296
num_leaves=4
num_cat=0
split_feature=15 21 9
split_gain=0.61363 0.579256 0.917618
threshold=-0.60796841979026783 -1.0132324695587156 -1.0215492248535154
decision_type=2 2 2
left_child=-1 -2 -3
right_child=1 2 -4
leaf_value=-0.1091025686377 -0.095875307026587531 0.16611181334684519 0.0011416065437884111
leaf_weight=3.2534908503293982 3.8937714248895636 2.1645857989788047 380.97908788337372
leaf_count=18 18 14 2024
internal_value=0.00016959 0.0010883 0.00207384
internal_weight=390.291 387.037 383.144
internal_count=2074 2056 2038
is_linear=0
shrinkage=0.252688


Tree=297
num_leaves=5
num_cat=0
split_feature=21 16 1 17
split_gain=0.658917 0.835853 2.48144 1.15135
threshold=-1.0132324695587156 -0.66837227344512928 0.40189196169376379 -0.34385664761066431
decision_type=2 2 2 2
left_child=-1 2 -2 -3
right_child=1 3 -4 -5
leaf_value=0.093797498856449779 -0.088537807038731348 0.040398098277475036 0.12166011718478251 -0.0034188001198836174
leaf_weight=4.7304535061120978 18.514316304586831 43.583775743376464 4.4469502568244925 315.25860269639816
leaf_count=18 105 260 15 1676
internal_value=7.36967e-05 -0.00108764 -0.0478265 0.0019031
internal_weight=386.534 381.804 22.9613 358.842
internal_count=2074 2056 120 1936
is_linear=0
shrinkage=0.252688


Tree=298
num_leaves=5
num_cat=0
split_feature=18 18 10 18
split_gain=0.509796 0.832921 0.619017 0.584672
threshold=2.9527992010116582 2.1218442916870122 -0.39032177627086634 1.861690402030945
decision_type=2 2 2 2
left_child=1 3 -3 -1
right_child=-2 2 -4 -5
leaf_value=-0.00087386700542231739 0.10737071278212994 0.00069047788728448579 -0.22565927552947795 0.12188435428872493
leaf_weight=403.15357963857241 2.7834921372123054 1.3333122581243517 1.8301212729420502 2.4920959323644629
leaf_count=2008 24 11 17 14
internal_value=-0.000392981 -0.00112686 -0.130274 -0.000119537
internal_weight=411.593 408.809 3.16343 405.646
internal_count=2074 2050 28 2022
is_linear=0
shrinkage=0.252688


Tree=299
num_leaves=8
num_cat=0
split_feature=6 11 24 24 12 23 16
split_gain=0.627002 3.59336 4.64452 3.09001 1.43497 3.35786 2.06272
threshold=-0.11159736663103102 -0.33237957954406733 0.28027445077896124 -4.2399997711181632 0.40589228272438055 -0.36562334001064295 -0.52363973855972279
decision_type=2 2 2 2 2 2 2
left_child=1 2 -1 -3 5 -2 -6
right_child=4 3 -4 -5 6 -7 -8
leaf_value=0.15502936295421763 -0.076331851677775744 0.26813755725750332 -0.10174043410248726 -0.013845775389332389 0.11042756705415958 0.0031714083998859019 0.0028256096727170858
leaf_weight=20.383945180336017 49.692822377197444 2.5450168848037711 5.771159538999199 98.334895654115826 12.974854752421377 106.86799258226529 92.254605809226632
leaf_count=104 231 14 22 523 59 628 493
internal_value=0.000342726 0.0149092 0.0983718 -0.00673047 -0.00672575 -0.0220633 0.0160935
internal_weight=388.825 127.035 26.1551 100.88 261.79 156.561 105.229
internal_count=2074 663 126 537 1411 859 552
is_linear=0
shrinkage=0.252688


Tree=300
num_leaves=5
num_cat=0
split_feature=24 23 24 23
split_gain=0.563631 0.852028 1.65805 1.36813
threshold=10.188266754150392 1.950252413749695 -1.9906108975410459 1.7239641547203066
decision_type=2 2 2 2
left_child=1 3 -3 -1
right_child=-2 2 -4 -5
leaf_value=-0.0016388869175548949 0.11089309398017679 0.0038275036209118795 -0.1365535292742229 0.066148684103819536
leaf_weight=338.79119319443998 2.9029743801802388 14.573558138916271 8.5080898087471706 20.140169005841017
leaf_count=1786 24 84 92 88
internal_value=-1.8391e-05 -0.00086138 -0.04792 0.00216486
internal_weight=384.916 382.013 23.0816 358.931
internal_count=2074 2050 176 1874
is_linear=0
shrinkage=0.252688


Tree=301
num_leaves=8
num_cat=0
split_feature=7 7 16 3 19 7 23
split_gain=0.551876 1.67849 1.17154 2.37946 1.23918 1.01017 0.680347
threshold=1.0134183764457705 0.94584134221076976 -0.16350919753313062 0.50844919681549083 0.055174214765429504 0.89772677421569835 1.5504075884819033
decision_type=2 2 2 2 2 2 2
left_child=1 5 3 -2 -4 -1 -3
right_child=2 6 4 -5 -6 -7 -8
leaf_value=-0.0032140832243563859 0.11184631853925832 -0.23269253231480885 0.16055691316838008 -0.10560903080791756 0.02986560274713981 0.10457036361551582 -0.035190405581171091
leaf_weight=355.26127593452111 4.8192955181002608 2.8047208935022345 5.6903991810977486 9.636966282501815 24.908271422609687 5.6396535383537403 1.8472478222101925
leaf_count=1866 11 21 13 39 89 24 11
internal_value=-0.00022143 -0.00347372 0.0261657 -0.0331142 0.0541725 -0.00152962 -0.15428
internal_weight=410.608 365.553 45.0549 14.4563 30.5987 360.901 4.65197
internal_count=2074 1922 152 50 102 1890 32
is_linear=0
shrinkage=0.252688


Tree=302
num_leaves=5
num_cat=0
split_feature=12 1 20 9
split_gain=0.707021 0.909469 2.49453 0.833253
threshold=-0.84896898269653309 1.0374404788017275 -1.6888294816017149 1.3486014604568484
decision_type=2 2 2 2
left_child=-1 3 -3 -2
right_child=1 2 -4 -5
leaf_value=-0.1811652438715258 0.001901075081054051 0.24073904031780119 0.010691796861203652 -0.039601872926400543
leaf_weight=1.3662651665508736 331.97635691473261 3.6989931724965599 16.141500695375726 34.056011805310845
leaf_count=9 1747 23 107 188
internal_value=0.000253077 0.000895678 0.0535863 -0.00196045
internal_weight=387.239 385.873 19.8405 366.032
internal_count=2074 2065 130 1935
is_linear=0
shrinkage=0.252688


Tree=303
num_leaves=5
num_cat=0
split_feature=3 14 2 2
split_gain=0.574242 0.815594 1.50715 1.40141
threshold=1.5388656258583071 -1.5486110448837278 0.87709650397300731 -0.12609069794416425
decision_type=2 2 2 2
left_child=1 3 -3 -1
right_child=-2 2 -4 -5
leaf_value=-0.15345159354500809 0.11944318458299671 -6.6743680918784532e-06 0.20238106458521962 0.021436678248176064
leaf_weight=5.8815767839550972 2.5527637992054215 366.81809851598518 2.3640220956585827 5.8202730417251569
leaf_count=29 16 1988 22 19
internal_value=8.4121e-06 -0.000792226 0.00128958 -0.0664684
internal_weight=383.437 380.884 369.182 11.7018
internal_count=2074 2058 2010 48
is_linear=0
shrinkage=0.252688


Tree=304
num_leaves=4
num_cat=0
split_feature=9 6 8
split_gain=0.58601 0.480965 0.627785
threshold=-1.0611557960510252 1.3807439208030703 -0.32604986429214472
decision_type=2 2 2
left_child=-1 2 -2
right_child=1 -3 -4
leaf_value=-0.20346990687630481 -0.022409937209638804 0.088606511751711428 0.0039580791740445164
leaf_weight=0.90289575979113479 69.650525676552206 3.8972021900117388 334.69963594898582
leaf_count=9 513 15 1537
internal_value=-0.000182231 0.000267627 -0.00058391
internal_weight=409.15 408.247 404.35
internal_count=2074 2065 2050
is_linear=0
shrinkage=0.252688


Tree=305
num_leaves=7
num_cat=0
split_feature=2 8 14 16 13 13
split_gain=0.620395 1.86078 1.86807 0.732889 4.05413 1.93383
threshold=-1.1777715682983396 -0.42947210371494288 1.0486110448837282 -0.047521041706204407 1.0964911580085757 1.0146197676658633
decision_type=2 2 2 2 2 2
left_child=1 -1 -3 5 -5 -2
right_child=3 2 -4 4 -6 -7
leaf_value=0.30991197768362161 0.022969521492561356 -0.062473056916967591 0.077939341942243001 -0.015089904019239219 0.19378696526133779 -0.083609973329123247
leaf_weight=1.0100579410791386 157.18802538700402 33.578454242320731 7.3790194280445567 168.6612006847281 6.1489582266658536 11.677288603037594
leaf_count=6 754 219 36 947 53 59
internal_value=0.000184972 -0.0288178 -0.0371752 0.00372666 -0.00774208 0.0155991
internal_weight=385.643 41.9675 40.9575 343.675 174.81 168.865
internal_count=2074 261 255 1813 1000 813
is_linear=0
shrinkage=0.252688


Tree=306
num_leaves=6
num_cat=0
split_feature=10 10 17 10 15
split_gain=0.643084 3.33258 2.17441 1.23183 0.727313
threshold=1.5025941729545595 1.5680126547813418 -0.21033404767513272 1.4586469531059267 6.1752963066101083
decision_type=2 2 2 2 2
left_child=3 -2 -3 4 -1
right_child=1 2 -4 -5 -6
leaf_value=-0.0029930506908678539 0.27472331062824812 -0.1952351184893229 0.032147715211935157 -0.1838893099245677 0.10691098829090695
leaf_weight=346.32883410250361 3.310178745537999 3.0407348796725335 22.942674607504156 2.3871385343372813 3.8873322904109946
leaf_count=1855 16 23 153 8 19
internal_value=-1.74203e-05 0.0359573 0.00553453 -0.00300619 -0.00177297
internal_weight=381.897 29.2936 25.9834 352.603 350.216
internal_count=2074 192 176 1882 1874
is_linear=0
shrinkage=0.252688


Tree=307
num_leaves=8
num_cat=0
split_feature=0 9 19 17 19 19 5
split_gain=0.643338 2.38959 3.11055 2.12007 2.08055 2.16473 2.09169
threshold=-1.0000000180025095e-35 0.52116090059280407 -0.76850017905235279 -0.3563022762537002 -1.0064441561698911 -0.72240945696830738 -1.9094588160514829
decision_type=2 2 2 2 2 2 2
left_child=1 2 -1 -3 6 -6 -2
right_child=4 3 -4 -5 5 -7 -8
leaf_value=0.063937531591637869 0.15808936618915606 -0.18603137760092436 -0.085065437101651695 0.019537189690757965 0.10942453020270509 0.0054835774838507302 -0.20271337406979464
leaf_weight=11.2183540770784 1.2714299410581587 3.3264101203531018 44.15178028633818 86.23476643091999 13.505712695419787 242.54016197379678 5.3058200795203438
leaf_count=90 5 23 356 459 54 1036 51
internal_value=-9.64857e-05 -0.0136109 -0.0548761 0.0119011 0.00736157 0.0109664 -0.13296
internal_weight=407.554 144.931 55.3701 89.5612 262.623 256.046 6.57725
internal_count=2074 928 446 482 1146 1090 56
is_linear=0
shrinkage=0.252688


Tree=308
num_leaves=5
num_cat=0
split_feature=7 7 3 13
split_gain=0.666485 0.609712 2.57216 1.76659
threshold=1.6332325935363772 0.48158465325832372 0.48629088699817663 -1.0146198272705076
decision_type=2 2 2 2
left_child=1 3 -3 -1
right_child=-2 2 -4 -5
leaf_value=0.10687834145788801 -0.13503247269125793 0.082137667567502848 -0.011383029142856819 -0.0078617082262150591
leaf_weight=8.8301646970212442 2.3151640594005576 28.21510603139177 56.140909677254967 287.93215975095518
leaf_count=62 8 177 335 1492
internal_value=0.000119909 0.000941104 0.0198977 -0.00444743
internal_weight=383.434 381.118 84.356 296.762
internal_count=2074 2066 512 1554
is_linear=0
shrinkage=0.252688


Tree=309
num_leaves=5
num_cat=0
split_feature=8 19 17 23
split_gain=0.56145 0.604041 0.57144 0.873698
threshold=-3.7991987466812129 -0.89094039797782887 6.0999112129211435 1.950252413749695
decision_type=2 2 2 2
left_child=1 -1 3 -2
right_child=2 -3 -4 -5
leaf_value=0.0030864758853292634 0.0024705993438891485 -0.2128044343124689 0.094726100029700985 -0.053098556316562934
leaf_weight=1.670312359929085 352.90033169495291 1.6393729911651451 4.0780846104025832 19.040228997822851
leaf_count=14 1866 13 21 160
internal_value=-0.000254733 -0.103866 0.000657389 -0.000374142
internal_weight=379.328 3.30969 376.019 371.941
internal_count=2074 27 2047 2026
is_linear=0
shrinkage=0.252688


Tree=310
num_leaves=7
num_cat=0
split_feature=19 24 19 19 19 1
split_gain=0.667685 1.31291 2.58989 2.35045 1.29008 1.03665
threshold=0.54376906156539928 -0.17013187706470487 -0.14320799708366391 -0.22554089128971097 0.56560364365577709 0.51512554287910473
decision_type=2 2 2 2 2 2
left_child=1 3 -3 -1 -2 -6
right_child=4 2 -4 -5 5 -7
leaf_value=-0.014756123275828491 0.12907499468516564 0.021313541148013957 -0.048078524445914539 0.053089126071795827 -0.0010011969767492845 0.064925331809730466
leaf_weight=85.532493341248482 6.1051687821745864 53.674804833251983 95.347140308469534 52.689374145120382 93.120146486908197 18.206467682495713
leaf_count=516 16 308 516 250 416 52
internal_value=-6.93889e-05 -0.00663211 -0.0230849 0.0111062 0.0159833 0.00978074
internal_weight=404.676 287.244 149.022 138.222 117.432 111.327
internal_count=2074 1590 824 766 484 468
is_linear=0
shrinkage=0.252688


Tree=311
num_leaves=4
num_cat=0
split_feature=20 23 3
split_gain=0.507676 0.924048 0.753559
threshold=13.386305809020998 5.930701971054078 0.6481609344482423
decision_type=2 2 2
left_child=1 2 -1
right_child=-2 -3 -4
leaf_value=0.0048547864746024474 0.092534278331513856 -0.15346601466814833 -0.028574369453922617
leaf_weight=325.12022110261023 3.7743585519492617 2.5074178073555222 49.62798050197307
leaf_count=1725 24 23 302
internal_value=0.000327294 -0.000595341 0.000427719
internal_weight=381.03 377.256 374.748
internal_count=2074 2050 2027
is_linear=0
shrinkage=0.252688


Tree=312
num_leaves=7
num_cat=0
split_feature=9 9 18 9 21 4
split_gain=0.626434 1.3934 0.967075 0.754903 0.648519 0.00115086
threshold=2.6204532384872441 2.0723637342453007 0.85345762968063366 1.6908938288688662 2.246133685112 0.1407440006732941
decision_type=2 2 2 2 2 2
left_child=1 3 -3 -1 5 -2
right_child=4 2 -4 -5 -6 -7
leaf_value=0.00077362648145910611 -0.1916399811528573 0.013148571646509231 0.21873853199446044 -0.06961571267072314 0.066234564933506684 -0.17880508921776123
leaf_weight=359.3404033286497 1.1634916475304633 2.7356575545854858 3.1348793490324169 9.9986798614263517 0.92193384218262497 1.0768507102038709
leaf_count=1954 18 18 14 40 11 19
internal_value=-0.000134542 0.00080943 0.122944 -0.00113203 -0.11212 -0.185515
internal_weight=378.372 375.21 5.87054 369.339 3.16228 2.24034
internal_count=2074 2026 32 1994 48 37
is_linear=0
shrinkage=0.252688


Tree=313
num_leaves=6
num_cat=0
split_feature=9 9 13 2 5
split_gain=0.529036 2.1555 1.82634 0.957595 0.740198
threshold=1.8883299827575686 1.6908938288688662 0.78070163726806652 -0.13381339609622953 -0.28617243468761439
decision_type=2 2 2 2 2
left_child=1 4 3 -2 -1
right_child=2 -3 -4 -5 -6
leaf_value=-0.018495111141284222 -0.027644948919951597 0.12199900812336148 0.059619115194043115 -0.20806096890946765 0.0059451772710094426
leaf_weight=112.13247542013414 3.3122015800327063 9.2807668484747392 5.631400085054338 4.3396336885634792 268.77807914279401
leaf_count=671 21 24 25 50 1283
internal_value=-6.1805e-06 0.00168208 -0.0495965 -0.129973 -0.00124957
internal_weight=403.475 390.191 13.2832 7.65184 380.911
internal_count=2074 1978 96 71 1954
is_linear=0
shrinkage=0.252688


Tree=314
num_leaves=8
num_cat=0
split_feature=4 7 1 4 7 8 0
split_gain=0.565944 2.22424 1.10533 0.934099 0.706643 0.643584 0.013015
threshold=1.786938548088074 0.84336555004119884 -2.0647237300872798 0.22458894550800326 1.0515319108963015 -0.30155818164348597 -1.0000000180025095e-35
decision_type=2 2 2 2 2 2 2
left_child=2 6 5 -4 -3 -1 -2
right_child=1 4 3 -5 -6 -7 -8
leaf_value=0.018129399757901198 0.19526285135400376 0.055309941283394122 0.007935533378640329 -0.020171593997712428 -0.03533936072270244 -0.19296627378386411 0.2245008089005987
leaf_weight=1.3237329162657259 2.2144425697624683 9.8187215402722376 239.07580821262673 110.34025572054088 12.455836962908505 3.0387320477748281 1.8213568516075636
leaf_count=12 23 56 1316 552 75 26 14
internal_value=0.000140498 0.0358946 -0.00251857 -0.000940281 0.00461954 -0.128917 0.208486
internal_weight=380.089 26.3104 353.779 349.416 22.2746 4.36246 4.0358
internal_count=2074 168 1906 1868 131 38 37
is_linear=0
shrinkage=0.252688


Tree=315
num_leaves=5
num_cat=0
split_feature=14 19 8 13
split_gain=0.514673 0.539279 1.67876 1.59062
threshold=-1.7569443583488462 -0.44178643822669977 -0.32604986429214472 -0.34795320034027094
decision_type=2 2 2 2
left_child=-1 3 -3 -2
right_child=1 2 -4 -5
leaf_value=-0.12853073268074972 -0.071589964466931902 0.080415882839849809 0.00096744342522161835 0.0036792134697800948
leaf_weight=1.9809219501912583 24.349420613783877 18.146976377349347 264.39741001697257 67.958395156776533
leaf_count=10 141 109 1389 425
internal_value=-8.68113e-05 0.000592132 0.00607032 -0.016176
internal_weight=376.833 374.852 282.544 92.3078
internal_count=2074 2064 1498 566
is_linear=0
shrinkage=0.252688


Tree=316
num_leaves=7
num_cat=0
split_feature=24 12 1 24 14 17
split_gain=0.550822 1.66684 1.64464 0.832201 1.86949 0.0117949
threshold=-1.8564782142639158 -0.37246672809123987 -0.048132911324501031 -1.6465092897415159 1.2986111640930178 6.7130093574523935
decision_type=2 2 2 2 2 2
left_child=1 5 -3 -2 -5 -1
right_child=3 2 -4 4 -6 -7
leaf_value=-0.17984308816992381 0.1015021702333893 -0.081694264135626651 0.044816372094521405 0.0045533142205713166 -0.095293996235046391 -0.21489529422825973
leaf_weight=3.1138292001560361 5.35509687103331 11.595994393341247 15.11031656269915 353.05797978211194 12.393260866403578 0.7867235280573367
leaf_count=66 24 97 74 1716 89 8
internal_value=-7.29628e-05 -0.0326532 -0.0101156 0.0026163 0.00116713 -0.186941
internal_weight=401.413 30.6069 26.7063 370.806 365.451 3.90055
internal_count=2074 245 171 1829 1805 74
is_linear=0
shrinkage=0.252688


Tree=317
num_leaves=8
num_cat=0
split_feature=11 3 14 11 4 10 3
split_gain=0.523336 2.37893 2.2495 1.36722 1.51299 0.976262 0.895336
threshold=0.41354462504386907 -0.025383396074175831 1.0347222089767458 0.37590582668781286 0.42431688308715826 -0.58754032850265492 1.0087531208992007
decision_type=2 2 2 2 2 2 2
left_child=3 5 -3 6 -5 -2 -1
right_child=1 2 -4 4 -6 -7 -8
leaf_value=0.0014486849284514193 0.038785749600560325 -0.0090645483127915309 0.19625854764588394 -0.11065590981126316 0.096102130350598766 0.21070016842089967 -0.10562522948755197
leaf_weight=283.76635667018127 3.4968997295945883 60.589131452143192 3.6095322892069808 13.45567796379328 2.7155352532863608 5.3154380321502668 5.0750637184828511
leaf_count=1483 23 374 23 72 17 48 34
internal_value=0.000164019 0.0193807 0.00248112 -0.00443591 -0.0759342 0.142488 -0.000432833
internal_weight=378.024 73.011 64.1987 305.013 16.1712 8.81234 288.841
internal_count=2074 468 397 1606 89 71 1517
is_linear=0
shrinkage=0.252688


Tree=318
num_leaves=8
num_cat=0
split_feature=10 10 21 10 2 18 8
split_gain=0.630303 2.74723 1.73131 1.21772 1.97328 1.6108 1.18862
threshold=0.14612852036952975 0.066787932068109526 1.538093149662018 0.2065602391958237 0.31523510813713079 -0.17727780342102048 -0.42947210371494288
decision_type=2 2 2 2 2 2 2
left_child=1 2 -1 5 -5 -2 -3
right_child=3 6 -4 4 -6 -7 -8
leaf_value=-0.004305198344293935 0.26573194857246629 0.046553655955075005 0.19596248175029113 0.022586381919653502 -0.043864103245359186 0.038378383315982527 -0.15198917800817741
leaf_weight=195.27047867048532 2.6326432907953849 2.3165571726858607 2.7951967422850421 114.60197242745198 37.99301351676695 8.1445762563962472 11.393093029968439
leaf_count=1081 16 16 28 594 230 44 65
internal_value=4.67996e-05 -0.00905042 -0.0014784 0.0118393 0.00604147 0.0939264 -0.11844
internal_weight=375.148 211.775 198.066 163.372 152.595 10.7772 13.7097
internal_count=2074 1190 1109 884 824 60 81
is_linear=0
shrinkage=0.252688


Tree=319
num_leaves=8
num_cat=0
split_feature=12 19 18 9 2 9 2
split_gain=0.582088 2.07478 2.47586 2.35769 1.76053 3.42228 1.69713
threshold=-0.46992701292037958 -0.014865371398627756 -0.33754126727581019 0.74516552686691295 0.56787192821502697 0.55920940637588512 0.41370615363121038
decision_type=2 2 2 2 2 2 2
left_child=1 2 -1 -3 6 -6 -2
right_child=4 3 -4 -5 5 -7 -8
leaf_value=0.19226994298707273 -0.0055653851582513018 -0.089975677978601676 0.027082186539179917 0.090645165116939388 -0.15898087070638475 0.016384180569703082 0.051574345314989847
leaf_weight=7.3403061348944894 275.96262754732743 15.702204392757269 27.485906853806227 6.5342621952295294 13.14220488839783 15.468339006183667 37.726980275008827
leaf_count=22 1346 113 169 21 125 103 175
internal_value=-0.000227277 0.0234004 0.0619012 -0.0368987 -0.00416612 -0.0641709 0.0013068
internal_weight=399.363 57.0627 34.8262 22.2365 342.3 28.6105 313.69
internal_count=2074 325 191 134 1749 228 1521
is_linear=0
shrinkage=0.252688


Tree=320
num_leaves=8
num_cat=0
split_feature=1 3 3 12 1 15 15
split_gain=0.50582 1.26267 1.89106 1.80938 1.18335 5.38109 2.23638
threshold=0.060193467885255821 0.27273608744144445 0.22892215847969058 0.40589228272438055 0.76818522810935985 0.20158231258392337 0.096322812139987959
decision_type=2 2 2 2 2 2 2
left_child=1 2 -1 -3 6 -6 -2
right_child=4 3 -4 -5 5 -7 -8
leaf_value=0.018306240152837588 -0.041539500165675342 -0.050886456570245271 0.14716032647191551 0.019698470379607782 0.098828815572645667 -0.068119944884273961 0.036673834205323767
leaf_weight=97.352264176355675 96.253950038924813 42.552697792998515 7.8590045645833007 50.955744441598654 27.281409994931892 22.488793347030878 30.815627738833427
leaf_count=518 462 261 41 289 170 142 191
internal_value=0.000194931 0.008943 0.027932 -0.0124226 -0.0096355 0.0233926 -0.0225719
internal_weight=375.559 198.72 105.211 93.5084 176.84 49.7702 127.07
internal_count=2074 1109 559 550 965 312 653
is_linear=0
shrinkage=0.252688


Tree=321
num_leaves=6
num_cat=0
split_feature=14 14 13 18 6
split_gain=0.540883 0.528093 0.522489 1.8361 1.07232
threshold=1.6458333730697634 1.673611104488373 -1.0204677581787107 1.1311745047569277 -0.76367613673210133
decision_type=2 2 2 2 2
left_child=2 -2 3 -1 -4
right_child=1 -3 4 -5 -6
leaf_value=-0.16215633655360706 -0.018954894151447427 -0.19363699304255061 0.044054746439543109 0.033284692803670912 -0.0020821258719945076
leaf_weight=5.3424568288028222 2.8941703103482714 1.7872089873999355 35.767899615690112 7.2119944193400443 319.37535136881343
leaf_count=44 12 20 154 69 1775
internal_value=-0.000313084 -0.0856579 0.000773609 -0.0498871 0.00256456
internal_weight=372.379 4.68138 367.698 12.5545 355.143
internal_count=2074 32 2042 113 1929
is_linear=0
shrinkage=0.252688


Tree=322
num_leaves=8
num_cat=0
split_feature=10 18 21 8 9 4 13
split_gain=0.481841 2.52628 3.15779 2.20114 1.8313 1.7381 1.61024
threshold=-0.24402727186679837 0.25466518104076391 0.52361974120140087 0.10655900835990907 -0.80613571405410755 -1.6558450460433958 0.28947366774082189
decision_type=2 2 2 2 2 2 2
left_child=4 3 -3 -2 6 -6 -1
right_child=1 2 -4 -5 5 -7 -8
leaf_value=-0.18187308325354165 -0.024928685485540565 -0.099123832340001675 0.0071142132308764736 0.034976512261732914 -0.11636549654472236 0.0223176850764269 0.051378026833592001
leaf_weight=5.6350946649909002 66.618182849138975 36.245108525268734 35.226753726252355 95.030836624093354 6.0022398773580781 148.98773061390966 2.8428704142570496
leaf_count=32 378 265 218 440 44 684 13
internal_value=0.000173059 -0.00720244 -0.046762 0.0102886 0.0106912 0.0169466 -0.10366
internal_weight=396.589 233.121 71.4719 161.649 163.468 154.99 8.47797
internal_count=2074 1301 483 818 773 728 45
is_linear=0
shrinkage=0.252688


Tree=323
num_leaves=5
num_cat=0
split_feature=11 15 23 24
split_gain=0.69756 0.596547 1.30461 0.825975
threshold=-1.3355544209480283 -0.59412834048271168 -0.5509091019630431 -0.033040521666407578
decision_type=2 2 2 2
left_child=-1 3 -3 -2
right_child=1 2 -4 -5
leaf_value=0.20295277891582078 0.032799829755543831 0.15606126452756916 -0.00043047632575968697 -0.13293334287636435
leaf_weight=1.0790397226810444 3.1444632560014725 3.4334282539784899 359.62139671226032 4.9297913201153261
leaf_count=9 12 27 2002 24
internal_value=0.00012883 -0.000461155 0.0010497 -0.0683916
internal_weight=372.208 371.129 363.055 8.07425
internal_count=2074 2065 2029 36
is_linear=0
shrinkage=0.252688


Tree=324
num_leaves=8
num_cat=0
split_feature=20 9 7 14 14 2 2
split_gain=0.511147 2.76621 2.33477 2.09462 2.06732 2.01869 0.443484
threshold=0.593804031610489 -0.58497241139411915 -0.0075039195362478486 -1.0763888359069822 1.5486110448837282 -0.19305032491683957 -0.14840336889028546
decision_type=2 2 2 2 2 2 2
left_child=3 5 -3 6 -5 -2 -1
right_child=1 2 -4 4 -6 -7 -8
leaf_value=-0.026708079165863072 0.014283730862575346 0.077223319622365214 -0.021305437858614409 0.0013005188501075263 -0.13964016905175253 0.22066310641927689 -0.18779787237631759
leaf_weight=1.4142255838960407 5.494862899184227 19.577372789615765 71.214581310283393 255.26775384791836 6.8222007453441611 6.7358316993340832 4.7802898734807959
leaf_count=7 25 97 403 1421 47 35 39
internal_value=8.62409e-06 0.015138 -5.94455e-05 -0.00580114 -0.00236844 0.127948 -0.151026
internal_weight=371.307 103.023 90.792 268.284 262.09 12.2307 6.19452
internal_count=2074 560 500 1514 1468 60 46
is_linear=0
shrinkage=0.252688


Tree=325
num_leaves=8
num_cat=0
split_feature=7 7 17 3 3 10 7
split_gain=0.491529 2.10014 3.2002 2.17439 1.3646 3.0555 1.74146
threshold=-0.52000975608825672 -0.36839337646961207 1.3918377161026003 -1.2028251290321348 -0.33900259435176844 -0.6134158968925475 -0.73561677336692799
decision_type=2 2 2 2 2 2 2
left_child=4 2 -2 -3 5 -1 -6
right_child=1 3 -4 -5 6 -7 -8
leaf_value=-0.23292652979329173 -0.099618724012094081 0.18613872920970406 0.1483269392117173 -0.00045823078451492542 -0.023928624486315286 0.0082644821215738466 0.099336213650766794
leaf_weight=3.5873006265610448 26.175350289326165 4.0460893847048274 3.8067412246018639 272.77722518879455 11.050449021160601 51.399984133662656 21.666087700985372
leaf_count=27 156 8 12 1381 52 371 67
internal_value=0.000157897 -0.00461089 -0.0681357 0.00226944 0.01684 -0.00747257 0.0577021
internal_weight=394.509 306.805 29.9821 276.823 87.7038 54.9873 32.7165
internal_count=2074 1557 168 1389 517 398 119
is_linear=0
shrinkage=0.252688


Tree=326
num_leaves=6
num_cat=0
split_feature=19 23 23 19 23
split_gain=0.517911 2.06541 1.61653 1.50241 1.18305
threshold=0.11016586050391199 -0.5509091019630431 -0.59690457582473744 0.29171383380889898 -0.54984304308891285
decision_type=2 2 2 2 2
left_child=1 -1 -2 -4 -3
right_child=2 4 3 -5 -6
leaf_value=0.222699537094974 -0.17443922195152456 -0.17093233727983062 -0.051116948983693671 0.0059090080159058967 0.0079137711519671611
leaf_weight=2.8410767372697583 3.7386380247771731 2.3911147415637961 37.710912827402353 135.4632581040496 188.27668163529597
leaf_count=21 11 8 201 716 1117
internal_value=-0.000176813 0.00885744 -0.0100586 -0.00650924 0.00567043
internal_weight=370.422 193.509 176.913 173.174 190.668
internal_count=2074 1146 928 917 1125
is_linear=0
shrinkage=0.252688


Tree=327
num_leaves=7
num_cat=0
split_feature=10 10 13 5 21 12
split_gain=0.648201 2.6029 2.25321 0.974802 1.5601 1.42931
threshold=1.5025941729545595 1.5680126547813418 -0.52923977375030506 1.3106144666671755 0.9773848056793214 0.251966342329979
decision_type=2 2 2 2 2 2
left_child=3 -2 -3 4 -1 -5
right_child=1 2 -4 5 -6 -7
leaf_value=-0.0055670273656626031 0.2569701635600396 0.20056400571709093 -0.019982798145981525 -0.19308211938936787 0.057748525850952415 -0.0098653610745074276
leaf_weight=301.29422499705106 3.0600273124873665 3.4250279404223027 21.660542618948963 4.1738544628024083 27.081454784798552 7.7967172926291823
leaf_count=1616 16 20 156 35 175 56
internal_value=0.00012041 0.0369737 0.0101328 -0.00292729 -0.000345245 -0.0737545
internal_weight=368.492 28.1456 25.0856 340.346 328.376 11.9706
internal_count=2074 192 176 1882 1791 91
is_linear=0
shrinkage=0.252688


Tree=328
num_leaves=8
num_cat=0
split_feature=17 2 2 17 12 2 3
split_gain=0.473248 2.13598 2.93179 2.09921 1.19768 0.655045 0.00261851
threshold=-0.31808340549468989 0.56787192821502697 0.06855709478259088 -0.31271600723266596 0.11937572434544565 -0.52283427119255055 -0.5574190318584441
decision_type=2 2 2 2 2 2 2
left_child=1 2 -1 4 -2 -5 -3
right_child=3 6 -4 5 -6 -7 -8
leaf_value=-0.0071667692275130665 -0.25401999670835657 -0.18351565249751489 0.078476152341753216 0.019396224367540099 -0.0076386905358643087 -0.0099549729311355518 -0.19996559721431501
leaf_weight=85.79115775693208 3.3751963740214697 2.2881996873766188 36.329519166611135 64.512761492282152 2.0098799709230661 196.20457815809641 0.98550616949796577
leaf_count=415 20 38 113 286 12 1183 7
internal_value=0.00011299 0.0129112 0.0183112 -0.00591787 -0.162073 -0.00269219 -0.1885
internal_weight=391.497 125.394 122.121 266.102 5.38508 260.717 3.27371
internal_count=2074 573 528 1501 32 1469 45
is_linear=0
shrinkage=0.252688


Tree=329
num_leaves=7
num_cat=0
split_feature=5 11 2 8 5 2
split_gain=0.525396 1.55891 1.55253 1.21841 2.36022 2.18656
threshold=-1.0766156911849973 -0.73087137937545765 0.21542301028966906 -0.32604986429214472 -0.49836373329162592 0.49905665218830114
decision_type=2 2 2 2 2 2
left_child=1 -1 -3 5 -5 -2
right_child=3 2 -4 4 -6 -7
leaf_value=0.14639760468397447 0.086916117379886818 -0.12796742689717946 -0.0021751133561689426 -0.077626880173137083 0.0031605600569691405 -0.015271219918707253
leaf_weight=2.7968841772526529 27.664470674470067 10.380854934453966 15.798210884677244 25.338758032768965 260.18434204603545 25.875117288902402
leaf_count=23 181 62 112 131 1409 156
internal_value=-0.000240753 -0.0328994 -0.0520575 0.00255026 -0.00400905 0.0375304
internal_weight=368.039 28.9759 26.1791 339.063 285.523 53.5396
internal_count=2074 197 174 1877 1540 337
is_linear=0
shrinkage=0.252688


Tree=330
num_leaves=8
num_cat=0
split_feature=6 23 24 24 6 16 14
split_gain=0.6592 1.79222 2.54728 1.7274 1.62464 2.98473 2.80581
threshold=0.14660833030939105 0.8590436875820161 -2.7584699392318721 -1.6465092897415159 0.22538296878337863 -0.27611891925334925 0.24305555969476703
decision_type=2 2 2 2 2 2 2
left_child=1 3 -3 -1 5 -2 -6
right_child=4 2 -4 -5 6 -7 -8
leaf_value=-0.15451793314985993 0.20916414155282442 -0.066711028602225303 0.19451947117592105 -0.011104224573247549 0.0080606849751936448 0.00077970721291283442 -0.2354940895191053
leaf_weight=5.5239185503742183 7.2252795025706318 3.871445544064045 6.1994334161281568 183.14059840788832 145.55044562672265 11.178034553304313 3.0836535617709151
leaf_count=40 35 16 29 1039 854 44 17
internal_value=7.51068e-05 -0.00975947 0.0940989 -0.0153037 0.011776 0.0825967 0.00300692
internal_weight=365.773 198.735 10.0709 188.665 167.037 18.4033 148.634
internal_count=2074 1124 45 1079 950 79 871
is_linear=0
shrinkage=0.252688


Tree=331
num_leaves=7
num_cat=0
split_feature=5 5 14 19 8 13
split_gain=0.632214 2.41912 1.61942 1.39965 3.84226 1.78563
threshold=0.27780885994434362 0.29431119561195379 -0.15972219407558438 0.11744860932230951 -0.20070851594209668 -0.95029237866401661
decision_type=2 2 2 2 2 2
left_child=3 -2 -3 5 -5 -1
right_child=1 2 -4 4 -6 -7
leaf_value=-0.21270074623149354 -0.2270746679120193 -0.0435208259306629 0.012019513233748735 0.22736193665012458 0.019560694438140725 -0.00093814279542774428
leaf_weight=2.5805680393241337 3.2950249649584284 52.608360038138926 92.384380906820297 6.2584215085953465 61.576778545975685 170.06004494149238
leaf_count=37 24 294 426 18 273 1002
internal_value=-2.18581e-05 -0.0129983 -0.00813251 0.00797999 0.0387339 -0.00410414
internal_weight=388.764 148.288 144.993 240.476 67.8352 172.641
internal_count=2074 744 720 1330 291 1039
is_linear=0
shrinkage=0.252688


Tree=332
num_leaves=6
num_cat=0
split_feature=20 23 20 19 3
split_gain=0.502395 1.4516 0.917185 1.18446 0.586587
threshold=-3.4520778656005855 0.40145595371723181 -2.212331891059875 -1.3852701187133787 -1.6941163539886472
decision_type=2 2 2 2 2
left_child=1 -1 3 -2 -4
right_child=2 -3 4 -5 -6
leaf_value=0.25111926240336779 0.073031535025261385 -0.016341739401631031 0.080781207779136471 -0.16642854935615045 -0.00084911387092018327
leaf_weight=1.9528744295239437 1.86495766043663 3.8478310729842633 5.7127035018056622 4.5022202990949145 347.41799978970084
leaf_count=11 15 25 50 30 1943
internal_value=-5.19388e-05 0.0737165 -0.00124235 -0.0962898 0.00047156
internal_weight=365.299 5.80071 359.498 6.36718 353.131
internal_count=2074 36 2038 45 1993
is_linear=0
shrinkage=0.252688


Tree=333
num_leaves=7
num_cat=0
split_feature=1 15 13 13 13 21
split_gain=0.53874 2.15689 1.35782 1.07828 1.39469 0.979627
threshold=1.0522961616516116 0.22449637204408648 -0.032163708470761769 -1.06725138425827 -1.0263156890869138 0.9773848056793214
decision_type=2 2 2 2 2 2
left_child=3 5 -3 -1 -5 -2
right_child=1 2 -4 4 -6 -7
leaf_value=0.19028244492978544 -0.17286111482053493 -0.081404955293281386 0.17381564265185384 -0.12487081321525237 0.0031376121625696189 0.0096423160132510389
leaf_weight=1.9337817560881365 6.6888630334287864 2.1518656127154827 3.4876085147261611 5.5223305821418753 340.09991039033048 2.6108656414216966
leaf_count=21 53 15 19 47 1886 33
internal_value=0.00012537 -0.0468601 0.0764319 0.00214505 0.00109211 -0.121626
internal_weight=362.495 14.9392 5.63947 347.556 345.622 9.29973
internal_count=2074 120 34 1954 1933 86
is_linear=0
shrinkage=0.252688


Tree=334
num_leaves=7
num_cat=0
split_feature=2 13 10 2 19 2
split_gain=0.530947 1.52048 1.44199 0.674535 1.84949 0.775261
threshold=0.76490977406501781 0.59941512346267711 -0.059827746823430054 0.59311631321907055 -1.2830806970596311 0.46541224420070654
decision_type=2 2 2 2 2 2
left_child=3 2 -2 5 -5 -1
right_child=1 -3 -4 4 -6 -7
leaf_value=-0.0025221031803965063 0.041885646551683663 0.17315653028205491 -0.20955928774210261 0.12004887352884251 -0.061868216561263734 0.038381539271358782
leaf_weight=309.71933186822571 7.0820806929841629 4.2973919808864585 1.8326925303554151 4.1169533736538169 26.759512971155345 32.710686857346445
leaf_count=1594 41 12 27 23 209 168
internal_value=-7.82076e-05 0.0497025 -0.00981542 -0.00184013 -0.0376104 0.00138527
internal_weight=386.519 13.2122 8.91477 373.306 30.8765 342.43
internal_count=2074 80 68 1994 232 1762
is_linear=0
shrinkage=0.252688


Tree=335
num_leaves=8
num_cat=0
split_feature=4 14 5 5 3 9 12
split_gain=0.529951 1.90927 1.6896 2.73273 1.37053 1.17015 0.254031
threshold=-0.34149339795112604 1.3125000000000002 0.4839599877595902 -0.076671306043863283 -0.69191482663154591 -0.12842410057783124 -0.42310072481632227
decision_type=2 2 2 2 2 2 2
left_child=2 5 3 -1 -4 -2 -3
right_child=1 6 4 -5 -6 -7 -8
leaf_value=-0.025579630116805488 0.026183043920236921 0.21201091329759766 0.10988241872841663 0.058223336492244385 -0.088519563306816221 -0.011415763618971553 0.084055069730953169
leaf_weight=78.084228943567723 90.703837358392775 3.041977770626545 2.4517212645150748 36.439729852369055 23.800011329702102 126.64692784240469 1.4706077203154553
leaf_count=450 469 24 15 230 142 732 12
internal_value=-4.19591e-05 0.00765263 -0.0121687 0.00108529 -0.0699884 0.00427482 0.170326
internal_weight=362.639 221.863 140.776 114.524 26.2517 217.351 4.51259
internal_count=2074 1237 837 680 157 1201 36
is_linear=0
shrinkage=0.252688


Tree=336
num_leaves=8
num_cat=0
split_feature=12 12 4 4 14 1 7
split_gain=0.511733 2.64352 2.29538 1.80798 1.38294 1.20555 0.884534
threshold=-0.29703865945339197 -0.28061693906784052 0.15546323359012607 0.2630134522914887 1.118055582046509 -1.4107555150985716 -0.88328832387924183
decision_type=2 2 2 2 2 2 2
left_child=3 2 -2 5 -5 -1 -3
right_child=1 6 -4 4 -6 -7 -8
leaf_value=-0.16171132242739575 0.23617233381215086 -0.047960848375088988 -0.035859671313414103 0.03477339823651001 0.25543298888425942 -0.021741730361303464 0.0055921936273756172
leaf_weight=4.1321847066283217 5.7361143529415113 21.493018830195069 3.0246427804231644 9.0931928865611535 2.2648869156837454 79.74029450933449 235.0973990864295
leaf_count=16 25 144 15 63 8 478 1325
internal_value=6.40326e-05 0.00576675 0.142257 -0.015826 0.0787845 -0.0286387 0.00110629
internal_weight=360.582 265.351 8.76076 95.2306 11.3581 83.8725 256.59
internal_count=2074 1509 40 565 71 494 1469
is_linear=0
shrinkage=0.252688


Tree=337
num_leaves=7
num_cat=0
split_feature=5 5 19 10 24 20
split_gain=0.511817 1.90034 1.34261 1.66426 1.63854 1.24295
threshold=0.27780885994434362 0.29431119561195379 0.47759969532489782 0.061833478510379798 -0.051233833655714982 -0.0045188260264694682
decision_type=2 2 2 2 2 2
left_child=2 -2 3 -1 -4 -3
right_child=1 5 4 -5 -6 -7
leaf_value=0.014079610204075119 -0.21603354798262456 -0.06164694192264189 0.16282383101023945 -0.036313397911613907 0.023420165653791233 0.002504411774751596
leaf_weight=151.77582439826801 2.8516823146492234 22.948656140593812 7.2017808426171568 57.773602462140843 21.321850446984172 120.76905868994072
leaf_count=800 24 140 18 438 74 580
internal_value=-4.52434e-05 -0.0117928 0.0071871 0.000185996 0.0586199 -0.00773937
internal_weight=384.642 146.569 238.073 209.549 28.5236 143.718
internal_count=2074 744 1330 1238 92 720
is_linear=0
shrinkage=0.252688


Tree=338
num_leaves=7
num_cat=0
split_feature=2 1 10 11 19 10
split_gain=0.47814 1.1296 0.871888 0.735723 3.7796 2.03634
threshold=-1.1777715682983396 -0.11476610228419303 1.3581468462944033 -0.64071163535118092 -0.32013371586799616 -0.94769051671028126
decision_type=2 2 2 2 2 2
left_child=1 2 -1 4 -2 -5
right_child=3 -3 -4 5 -6 -7
leaf_value=0.0012181064613531877 0.12530321884353129 -0.15341555903508572 -0.13355032565033381 0.23493754825323679 -0.011245158077662906 -0.0049414124812157175
leaf_weight=31.558643469470553 18.072385276667774 4.012908346951007 3.3943584430962792 2.2792565003037444 45.600733182393014 255.47774602007121
leaf_count=210 134 25 26 14 198 1467
internal_value=-1.57745e-05 -0.0264502 -0.0118713 0.00318882 0.0275122 -0.00281976
internal_weight=360.396 38.9659 34.953 321.43 63.6731 257.757
internal_count=2074 261 236 1813 332 1481
is_linear=0
shrinkage=0.252688


Tree=339
num_leaves=5
num_cat=0
split_feature=11 1 3 7
split_gain=0.521415 0.502587 0.894576 0.470123
threshold=-1.3154522180557249 1.1476124525070193 0.7259158492088319 0.23959073424339297
decision_type=2 2 2 2
left_child=-1 3 -3 -2
right_child=1 2 -4 -5
leaf_value=-0.1750728554609603 -0.0055762073892393679 -0.18929311896046216 0.086288772973527383 0.013507159744815461
leaf_weight=1.0819689412601281 222.55207998491824 2.2348407159151971 1.1331033706665037 130.91311564715579
leaf_count=27 1260 37 3 747
internal_value=3.47375e-05 0.000565951 -0.0965776 0.00149172
internal_weight=357.915 356.833 3.36794 353.465
internal_count=2074 2047 40 2007
is_linear=0
shrinkage=0.252688


Tree=340
num_leaves=6
num_cat=0
split_feature=3 3 21 3 18
split_gain=0.478804 0.539658 2.97035 0.922569 0.000252529
threshold=-1.805747866630554 -1.5399346947669981 0.54044088721275341 -1.4697948694229124 0.70746421813964855
decision_type=2 2 2 2 2
left_child=4 2 -2 -3 -1
right_child=1 3 -4 -5 -6
leaf_value=-0.1879541637000777 -0.21041351141742565 -0.18362870429124215 0.1136535580249132 -0.00044370720685419138 -0.1756625613785662
leaf_weight=0.37135598808526893 2.218658424448221 1.7633593529462803 9.6983468038961274 366.80734086665325 0.56315669510513544
leaf_count=6 38 27 43 1939 21
internal_value=-5.29873e-05 0.000390827 0.0533133 -0.00132039 -0.180652
internal_weight=381.422 380.488 11.917 368.571 0.934513
internal_count=2074 2047 81 1966 27
is_linear=0
shrinkage=0.252688


Tree=341
num_leaves=8
num_cat=0
split_feature=7 2 21 2 21 12 24
split_gain=0.585134 2.40563 2.81088 2.22457 2.07014 2.06583 2.03821
threshold=-0.037073919549584382 0.28899614512920385 -0.68685042858123768 0.40823872387409216 -0.77925342321395863 0.49218034744262701 -1.9039239883422849
decision_type=2 2 2 2 2 2 2
left_child=1 6 -3 4 -2 -5 -1
right_child=3 2 -4 5 -6 -7 -8
leaf_value=0.10074113327056232 -0.069269346761942199 0.25871721471264891 0.015816686410592862 -0.078544894913382235 0.033009234369452314 0.074790860172043658 -0.042607708195075297
leaf_weight=6.7546771522611371 13.941760811954735 3.1968318521976462 62.593380758538842 27.756249487400055 134.8330938211875 7.0308725963113821 101.40613267105073
leaf_count=49 68 19 402 148 805 48 535
internal_value=2.17503e-05 -0.0104795 0.0276215 0.00997323 0.0234244 -0.0475533 -0.0336551
internal_weight=357.513 173.951 65.7902 183.562 148.775 34.7871 108.161
internal_count=2074 1005 421 1069 873 196 584
is_linear=0
shrinkage=0.252688


Tree=342
num_leaves=8
num_cat=0
split_feature=10 16 5 5 12 23 2
split_gain=0.50533 1.345 1.56253 0.854168 0.664779 2.12793 1.90033
threshold=-0.76233309507369984 -0.73984748125076283 -0.98946654796600331 -0.45196428894996638 0.428179681301117 -0.4661372303962707 0.40307861566543585
decision_type=2 2 2 2 2 2 2
left_child=1 3 -3 -1 5 -2 -6
right_child=4 2 -4 -5 6 -7 -8
leaf_value=-0.045632378721816767 -0.093831484894390693 0.22662684602546679 -0.1170914329320762 0.15400207837865171 -0.0024722002073591792 0.014716637916743368 -0.11200190876271381
leaf_weight=2.5602741111069918 12.13798208767548 0.91531324386596757 10.843867980176579 2.9388574510812786 84.942601420916617 230.54898459056858 11.480815402748702
leaf_count=11 93 4 113 16 496 1251 90
internal_value=8.86459e-05 -0.0420894 -0.0903279 0.061061 0.00223528 0.00928741 -0.0155141
internal_weight=356.369 17.2583 11.7592 5.49913 339.11 242.687 96.4234
internal_count=2074 144 117 27 1930 1344 586
is_linear=0
shrinkage=0.252688


Tree=343
num_leaves=8
num_cat=0
split_feature=24 24 5 18 3 17 21
split_gain=0.466813 2.45601 5.65664 1.7109 1.6795 1.4206 1.09764
threshold=-0.17013187706470487 -0.033040521666407578 -0.076671306043863283 0.24533476680517199 0.5415475368499757 -0.31924152374267573 0.1102806255221367
decision_type=2 2 2 2 2 2 2
left_child=3 2 -2 6 -5 -3 -1
right_child=1 5 -4 4 -6 -7 -8
leaf_value=0.017495017514697463 0.033161234945171134 0.032799390861315489 -0.16106115722725378 -0.035840358384575423 0.10859486964712113 -0.011030020305194217 0.084125297123388385
leaf_weight=55.646152869798243 18.891824380960315 72.807995171286166 19.413525991141796 51.08000646380242 5.7151490561664096 134.34240441233851 22.038378922268748
leaf_count=307 89 308 119 358 26 769 98
internal_value=6.16758e-05 -0.00649437 -0.0652734 0.0120279 -0.0213053 0.00437492 0.0363979
internal_weight=379.935 245.456 38.3054 134.48 56.7952 207.15 77.6845
internal_count=2074 1285 208 789 384 1077 405
is_linear=0
shrinkage=0.252688


Tree=344
num_leaves=4
num_cat=0
split_feature=18 7 7
split_gain=0.841646 0.537176 0.608959
threshold=-0.7733260691165923 1.6332325935363772 -0.037073919549584382
decision_type=2 2 2
left_child=-1 2 -2
right_child=1 -3 -4
leaf_value=0.25378597003235187 -0.010778145003838788 -0.12659620696454929 0.01024174954279118
leaf_weight=0.83088231086730857 171.33259376324713 2.152072310447692 180.93905125267338
leaf_count=4 1001 8 1061
internal_value=-0.000154888 -0.000750588 1.84041e-05
internal_weight=355.255 354.424 352.272
internal_count=2074 2070 2062
is_linear=0
shrinkage=0.252688


Tree=345
num_leaves=6
num_cat=0
split_feature=10 10 11 10 12
split_gain=0.524274 2.10461 1.94861 0.976218 0.746162
threshold=1.5025941729545595 1.5680126547813418 -0.69636449217796315 1.4586469531059267 -0.30957783758640284
decision_type=2 2 2 2 2
left_child=3 -2 -3 4 -1
right_child=1 2 -4 -5 -6
leaf_value=-0.022006332422081876 0.23496447309121116 -0.20491446550276213 0.033261330589900412 -0.16797458479278782 0.0055440629053366327
leaf_weight=85.017914591589943 2.9570032022893455 2.4407457225024762 21.592471937648948 2.2688588872551909 239.85115090537147
leaf_count=505 16 17 159 8 1369
internal_value=-2.68685e-05 0.0338218 0.00906884 -0.00281957 -0.00166587
internal_weight=354.128 26.9902 24.0332 327.138 324.869
internal_count=2074 192 176 1882 1874
is_linear=0
shrinkage=0.252688


Tree=346
num_leaves=6
num_cat=0
split_feature=6 23 6 14 14
split_gain=0.390161 1.0212 0.361288 2.46092 0.680349
threshold=-0.78555795550346363 0.043720716610550887 -0.78118157386779774 0.92361101508140575 1.3125000000000002
decision_type=2 2 2 2 2
left_child=1 -1 3 -2 -4
right_child=2 -3 4 -5 -6
leaf_value=-0.21807225319538587 -0.068555236179540666 0.024052933204134871 0.0015544748290322679 0.1772112244982095 -0.061177464209349088
leaf_weight=1.8540588356554497 5.5200357772409898 2.7784644346684217 351.16861980210524 4.9194390177726746 11.396558588370679
leaf_count=19 25 16 1915 10 89
internal_value=1.18001e-05 -0.0728655 0.000917004 0.0472613 -0.000417469
internal_weight=377.637 4.63252 373.005 10.4395 362.565
internal_count=2074 35 2039 35 2004
is_linear=0
shrinkage=0.252688


Tree=347
num_leaves=8
num_cat=0
split_feature=14 24 14 18 2 6 6
split_gain=0.490189 1.76777 1.3678 1.94715 1.06161 0.995214 0.816074
threshold=-1.381944417953491 0.62032756209373485 -0.96527773141860951 1.0000000180025095e-35 -0.14840336889028546 0.10722105577588083 1.1422318816185
decision_type=2 2 2 2 2 2 2
left_child=1 4 3 -2 -1 -4 -3
right_child=2 6 5 -5 -6 -7 -8
leaf_value=0.09531752245472179 -0.028212276114151835 -0.039855798762169763 0.0073946606819325997 0.10028429078834221 -0.040710942048185386 -0.023736440760910093 -0.19278875926679534
leaf_weight=6.4815685153007498 12.049577377736567 4.0772926397621614 200.24999730929267 20.072982767596841 8.4237153306603449 97.489583749789745 4.9122364036738873
leaf_count=36 73 17 1098 131 42 655 22
internal_value=1.42953e-05 -0.0349337 0.00254594 0.0520839 0.0184423 -0.00279869 -0.123431
internal_weight=353.757 23.8948 329.862 32.1226 14.9053 297.74 8.98953
internal_count=2074 117 1957 204 78 1753 39
is_linear=0
shrinkage=0.252688


Tree=348
num_leaves=7
num_cat=0
split_feature=9 9 5 4 21 4
split_gain=0.468746 0.928912 0.960584 0.666367 0.452657 0.000462979
threshold=2.6204532384872441 2.0723637342453007 1.1773561239242556 -1.4228082895278928 2.246133685112 0.1407440006732941
decision_type=2 2 2 2 2 2
left_child=1 3 -3 -1 5 -2
right_child=4 2 -4 -5 -6 -7
leaf_value=0.039761578595747589 -0.18690321778356242 0.19569034947919145 -0.02073609151771548 -0.0039085490753420493 0.044025570098818377 -0.17639680921971043
leaf_weight=23.97874796949327 0.88700285222876052 3.123048923094756 2.2543925456702709 320.62740868120454 0.84350176213774819 0.83577761903870851
leaf_count=140 18 20 12 1854 11 19
internal_value=-3.25788e-05 0.000756486 0.104964 -0.000869788 -0.107622 -0.181863
internal_weight=352.55 349.984 5.37744 344.606 2.56628 1.72278
internal_count=2074 2026 32 1994 48 37
is_linear=0
shrinkage=0.252688


Tree=349
num_leaves=7
num_cat=0
split_feature=12 9 6 5 12 5
split_gain=0.425178 1.57612 2.74882 0.940149 2.58061 2.12204
threshold=-0.46992701292037958 -0.64599213004112233 -0.73304152488708485 -0.28617243468761439 -0.41263267397880549 -0.2185852378606796
decision_type=2 2 2 2 2 2
left_child=1 -1 -3 4 -2 -5
right_child=3 2 -4 5 -6 -7
leaf_value=0.13808874541021968 -0.21130902941987167 -0.17218516118781968 0.025859516602719297 0.094651587862439823 -0.015688345262685834 -0.0015772402127094433
leaf_weight=6.4393052831292144 4.5415192227810612 5.0066691236570469 42.098642211407423 15.677651921520008 82.813119913567789 219.33744037454017
leaf_count=18 30 58 249 63 547 1109
internal_value=-1.38359e-05 0.0208379 0.00480827 -0.00347728 -0.0258598 0.00484229
internal_weight=375.914 53.5446 47.1053 322.37 87.3546 235.015
internal_count=2074 325 307 1749 577 1172
is_linear=0
shrinkage=0.252688


Tree=350
num_leaves=8
num_cat=0
split_feature=23 17 21 23 17 8 13
split_gain=0.596545 1.84228 2.11931 1.24352 1.94393 0.988681 0.362346
threshold=1.950252413749695 1.8229389786720278 -0.20616623014211652 1.7737217545509341 1.3471857309341433 0.52743336558341991 0.98537999391555797
decision_type=2 2 2 2 2 2 2
left_child=3 6 -3 4 -1 -5 -2
right_child=1 2 -4 5 -6 -7 -8
leaf_value=-0.0031156068028144511 0.21869202397658341 -0.15773659300637388 0.050347852316175251 0.027049331199682194 0.12817259750915846 -0.15536196569398089 0.068740273835949037
leaf_weight=313.48824051278643 3.5469105504453209 4.0969308763742509 13.170960904099042 2.7925758920609933 7.3698441945016375 5.9159639850258827 1.4502587392926214
leaf_count=1771 31 32 124 18 47 38 13
internal_value=4.74322e-05 0.0400781 0.000974934 -0.00265704 -9.98152e-05 -0.0968697 0.175186
internal_weight=351.832 22.2651 17.2679 329.567 320.858 8.70854 4.99717
internal_count=2074 200 156 1874 1818 56 44
is_linear=0
shrinkage=0.252688


Tree=351
num_leaves=6
num_cat=0
split_feature=8 19 10 15 4
split_gain=0.471189 0.517242 0.499798 1.92737 1.29719
threshold=-3.7991987466812129 -0.89094039797782887 -0.36733645200729365 0.63846087455749523 0.38528367877006536
decision_type=2 2 2 2 2
left_child=1 -1 3 -2 -4
right_child=2 -3 4 -5 -6
leaf_value=0.0034780287071135133 -0.032007004292351045 -0.21088755645240947 0.018312667382268239 0.054141432545676237 -0.022550378082645952
leaf_weight=1.4626623674994337 79.936012105084956 1.4124435788253311 178.68204177193547 20.92172019300051 68.664372886065394
leaf_count=14 485 13 1031 128 403
internal_value=1.44576e-05 -0.101852 0.000855718 -0.0141363 0.00696889
internal_weight=351.079 2.87511 348.204 100.858 247.346
internal_count=2074 27 2047 613 1434
is_linear=0
shrinkage=0.252688


Tree=352
num_leaves=5
num_cat=0
split_feature=4 4 5 5
split_gain=0.397281 0.614229 0.446983 0.270608
threshold=-2.2395718097686763 -1.9652624130249021 -1.6580471992492674 -0.25234036147594446
decision_type=2 2 2 2
left_child=-1 3 -3 -2
right_child=1 2 -4 -5
leaf_value=0.062405912076216839 -0.031147560889288464 -0.068880073922651996 0.00084940910062812375 -0.19603893743006726
leaf_weight=6.3865973129868499 1.1295843943953516 5.9668809887953094 359.04225081822369 1.453101947903632
leaf_count=18 11 70 1959 16
internal_value=-7.38955e-05 -0.00115952 -0.000290568 -0.123942
internal_weight=373.978 367.592 365.009 2.58269
internal_count=2074 2056 2029 27
is_linear=0
shrinkage=0.252688


Tree=353
num_leaves=8
num_cat=0
split_feature=21 17 21 17 4 13 21
split_gain=0.542741 1.51845 2.3057 1.33261 2.11033 1.89122 1.09595
threshold=0.1441668123006821 1.2320468425750735 0.19166566431522372 1.2543684840202334 1.7535226941108706 1.0730993151664736 1.9654389619827273
decision_type=2 2 2 2 2 2 2
left_child=3 2 -2 4 -1 -5 -3
right_child=1 6 -4 5 -6 -7 -8
leaf_value=0.0081985527294327377 -0.13989315630996207 0.030717061179147066 -0.013310999800912793 -0.13947002701595873 0.13300979374316743 0.022921338872403683 0.23927694308011616
leaf_weight=188.85795465053525 10.115577889606355 21.171849371166903 100.16185841604602 9.0515828747302312 9.0645712865516526 9.2666899580508453 1.7405794076621521
leaf_count=1025 39 173 632 64 66 62 13
internal_value=6.45566e-05 -0.0126246 -0.0249228 0.00788024 0.0139151 -0.0573225 0.0465659
internal_weight=349.431 133.19 110.277 216.241 197.923 18.3183 22.9124
internal_count=2074 857 671 1217 1091 126 186
is_linear=0
shrinkage=0.252688


Tree=354
num_leaves=7
num_cat=0
split_feature=19 5 23 11 11 23
split_gain=0.516447 2.14342 1.57443 1.4014 3.82592 2.18202
threshold=-0.032874543219804757 0.7154299020767213 -0.46029926836490626 -0.43167817592620844 -0.32419642806053156 -0.33443517982959742
decision_type=2 2 2 2 2 2
left_child=1 2 -1 5 -5 -2
right_child=3 -3 -4 4 -6 -7
leaf_value=-0.083167711273464812 0.025140228683838209 0.19217706958315323 -0.0055164411098704395 -0.15093233074667434 0.0057037303273011044 0.22679670454539005
leaf_weight=19.084056740393862 77.112967753317207 3.2461890575941643 131.90164786846435 11.018049526959656 103.32834508223459 3.5849120616912833
leaf_count=188 384 24 770 69 622 17
internal_value=-3.66102e-05 -0.0109634 -0.0153316 0.00860376 -0.00938983 0.0341
internal_weight=349.276 154.232 150.986 195.044 114.346 80.6979
internal_count=2074 982 958 1092 691 401
is_linear=0
shrinkage=0.252688


Tree=355
num_leaves=6
num_cat=0
split_feature=6 12 6 18 6
split_gain=0.39511 1.06899 0.610682 1.41858 0.96497
threshold=1.3544857501983645 0.03851046413183213 1.2231946587562563 0.065312873572111144 1.0919036269187929
decision_type=2 2 2 2 2
left_child=2 -2 4 -4 -1
right_child=1 -3 3 -5 -6
leaf_value=-0.0024178387310398791 0.14823605023592484 -0.043474613514155824 -0.077810008519334131 0.088373412486045078 0.050417381305957125
leaf_weight=321.13928676093929 3.9230966288596383 3.5258512003347278 16.104095861315731 4.1180821992456904 23.700084457639605
leaf_count=1758 14 23 123 19 137
internal_value=-0.00011369 0.0574958 -0.00128927 -0.0439666 0.00121348
internal_weight=372.51 7.44895 365.062 20.2222 344.839
internal_count=2074 37 2037 142 1895
is_linear=0
shrinkage=0.252688


Tree=356
num_leaves=5
num_cat=0
split_feature=20 5 17 12
split_gain=0.459349 0.409618 1.31137 0.672972
threshold=-3.7129387855529781 -1.0766156911849973 -0.32559823989868159 -0.78999251127243031
decision_type=2 2 2 2
left_child=-1 2 -2 -3
right_child=1 3 -4 -5
leaf_value=0.13213902819096585 0.12825469309270746 -0.087562699360167279 -0.05111671594435676 0.0035047906034715165
leaf_weight=1.6751602909062047 2.931835280731323 5.2676221188157788 23.134221097454429 314.28120836883318
leaf_count=18 27 48 161 1820
internal_value=0.000158769 -0.000481123 -0.0309393 0.00200344
internal_weight=347.29 345.615 26.0661 319.549
internal_count=2074 2056 188 1868
is_linear=0
shrinkage=0.252688


Tree=357
num_leaves=8
num_cat=0
split_feature=21 6 7 21 10 6 23
split_gain=0.511398 3.18111 3.86311 2.24264 1.2106 1.00372 0.439972
threshold=-0.73515686392784108 0.32166306674480444 0.24931914359331134 -0.67796674370765675 0.11597081646323205 0.18161923438310626 -0.31514155864715571
decision_type=2 2 2 2 2 2 2
left_child=1 2 -1 4 -2 -5 -3
right_child=3 6 -4 5 -6 -7 -8
leaf_value=0.015500718141717945 -0.18531084726771019 -0.044047016933201948 0.24988733915813158 -0.012934361875980883 0.061959937228518683 0.016148585183024543 -0.2021882145381973
leaf_weight=21.332686759531502 6.345998663455247 1.6520165037363765 5.6863622465170911 169.18931932948908 1.5784056037664411 137.22750371776056 3.5120248009916386
leaf_count=136 55 12 35 976 9 821 30
internal_value=-0.000236049 0.0301015 0.0648331 -0.00334213 -0.136058 9.03163e-05 -0.151608
internal_weight=346.524 32.1831 27.019 314.341 7.9244 306.417 5.16404
internal_count=2074 213 171 1861 64 1797 42
is_linear=0
shrinkage=0.252688


Tree=358
num_leaves=8
num_cat=0
split_feature=7 9 9 9 15 17 16
split_gain=0.390824 1.86539 3.70132 1.13234 1.11118 1.7263 0.523165
threshold=1.0309869647026064 -0.42946225404739374 -0.19789001345634458 -0.5180695354938506 -0.60292181372642506 -0.44845800101757044 -0.44749185442924494
decision_type=2 2 2 2 2 2 2
left_child=4 3 -3 -2 6 -6 -1
right_child=1 2 -4 -5 5 -7 -8
leaf_value=-0.23122280309138515 0.053120918075707312 -0.17280059547837626 0.039620445278556196 0.21469602228659931 0.19720477112524051 -0.0028657694161868868 -0.047994341104729041
leaf_weight=1.9009274393320086 9.1989781651645881 6.990264103747907 20.883754383772612 3.9622218906879416 2.7768832594156256 322.69381929869996 2.0879688486456862
leaf_count=15 34 26 77 7 5 1898 12
internal_value=0.000113249 0.0233676 -0.0136529 0.10177 -0.00278318 -0.00115847 -0.135332
internal_weight=370.495 41.0352 27.874 13.1612 329.46 325.471 3.9889
internal_count=2074 144 103 41 1930 1903 27
is_linear=0
shrinkage=0.252688


Tree=359
num_leaves=7
num_cat=0
split_feature=7 18 17 7 7 23
split_gain=0.458736 2.24409 1.70665 0.851323 0.780181 0.604756
threshold=-0.90043389797210682 -0.054335882887244218 -0.26358215510845179 -0.88328832387924183 -0.82627108693122853 -0.48175072669982905
decision_type=2 2 2 2 2 2
left_child=1 5 -3 -2 -5 -1
right_child=3 2 -4 4 -6 -7
leaf_value=0.23060651452238473 -0.12504734015036828 -0.14966855162810927 0.022780173367094911 0.10257886751951897 -0.0031328258177815652 0.074713534668573042
leaf_weight=3.6170696318149567 3.6068209279328576 4.2929435819387463 25.005156179890037 4.5240191910415879 302.05987585952971 2.834678314626216
leaf_count=26 16 15 197 32 1773 15
internal_value=0.000115155 0.0272195 -0.0024903 -0.00300869 -0.00157274 0.162124
internal_weight=345.941 35.7498 29.2981 310.191 306.584 6.45175
internal_count=2074 253 212 1821 1805 41
is_linear=0
shrinkage=0.252688


Tree=360
num_leaves=7
num_cat=0
split_feature=15 24 15 24 15 24
split_gain=0.465938 2.98618 1.00734 1.87816 1.07029 0.0404779
threshold=-0.57107892632484425 0.027463735081255439 -0.55524483323097218 0.11581755056977273 -0.50990599393844593 -0.01676829811185598
decision_type=2 2 2 2 2 2
left_child=1 5 3 -2 -4 -1
right_child=2 -3 4 -5 -6 -7
leaf_value=-0.17697188669427466 0.016469356827159259 0.14089368071285435 0.072537905363310756 -0.24115042142675921 -0.002335129349978423 -0.25182420592518601
leaf_weight=0.81879455735906947 4.2195856163743874 6.4506086204200983 12.679139357525854 3.1596102993935347 315.96084852424246 1.0797934383153895
leaf_count=25 33 25 89 21 1877 4
internal_value=-5.44305e-05 0.0589089 -0.00151961 -0.093847 0.000553628 -0.219602
internal_weight=344.368 8.3492 336.019 7.3792 328.64 1.89859
internal_count=2074 54 2020 54 1966 29
is_linear=0
shrinkage=0.252688


Tree=361
num_leaves=8
num_cat=0
split_feature=17 20 17 9 7 16 17
split_gain=0.370717 1.83478 1.70593 1.9192 1.27147 1.19879 0.748829
threshold=-0.34649430215358729 0.12596672028303149 -0.33775550127029413 -0.59322282671928395 0.36482475697994238 -0.86477848887443531 -0.33193983137607569
decision_type=2 2 2 2 2 2 2
left_child=1 5 3 -2 -3 -1 -4
right_child=2 4 6 -5 -6 -7 -8
leaf_value=0.10356990241605783 -0.04617752460556581 -0.26017423778895293 -0.081354749439173285 0.11900051551566404 -0.010501522035521602 -0.0184425030783563 0.000230251607111812
leaf_weight=5.8361042309552422 6.3131556939333704 3.2149943076074115 7.3688881807029238 15.56218869332224 2.1890414152294397 43.182290110737085 284.59935676667374
leaf_count=19 32 17 48 48 15 250 1645
internal_value=-6.80961e-05 -0.0193207 0.00327045 0.0713306 -0.159049 -0.00391478 -0.00182898
internal_weight=368.266 54.4224 313.844 21.8753 5.40404 49.0184 291.968
internal_count=2074 301 1773 80 32 269 1693
is_linear=0
shrinkage=0.252688


Tree=362
num_leaves=8
num_cat=0
split_feature=2 8 3 12 2 19 2
split_gain=0.498802 1.0046 1.70779 1.1994 0.594769 1.77118 0.869228
threshold=-1.3444033861160276 0.23992525786161426 0.2622606903314591 -0.1150824762880802 -1.2400144338607786 -0.57917311787605275 -1.1777715682983396
decision_type=2 2 2 2 2 2 2
left_child=1 3 -3 -1 5 -2 -6
right_child=4 2 -4 -5 6 -7 -8
leaf_value=-0.16042702587178934 -0.089551234079995171 0.24559793648369641 -0.029538238721042144 -0.023439644380818633 -0.10772430586816412 0.21649063237451741 0.003225665554630836
leaf_weight=5.5762430957984241 2.0616435147821903 2.0323052406311026 4.9431197112426162 15.217050194856709 4.575437329709529 2.9129054509103289 306.55175057961605
leaf_count=41 14 13 37 114 24 18 1813
internal_value=0.00012744 -0.0323425 0.0506356 -0.0601795 0.0029799 0.0896588 0.00159385
internal_weight=343.87 27.7687 6.97542 20.7933 316.102 4.97455 311.127
internal_count=2074 205 50 155 1869 32 1837
is_linear=0
shrinkage=0.252688


Tree=363
num_leaves=7
num_cat=0
split_feature=17 24 11 11 20 24
split_gain=0.517895 3.26847 0.702201 1.85201 1.46265 0.0375579
threshold=-0.40498991310596461 0.027463735081255439 -0.61606380343437184 -0.59537398815155018 -0.41433502733707422 0.020496732555329803
decision_type=2 2 2 2 2 2
left_child=1 5 4 -4 -2 -1
right_child=2 -3 3 -5 -6 -7
leaf_value=-0.17955421738883678 0.052220948923215001 0.16477702053990714 0.11408344116682101 0.00040525560003441618 -0.041058980730134427 -0.25063515747136733
leaf_weight=1.3569085951894515 13.170963092707096 5.6387887336313725 9.4912700168788415 254.70679784438107 57.982668557902798 0.73997524380683888
leaf_count=36 92 25 48 1523 348 2
internal_value=-2.01747e-05 0.0646179 -0.00151131 0.00448935 -0.023792 -0.204696
internal_weight=343.087 7.73567 335.352 264.198 71.1536 2.09688
internal_count=2074 63 2011 1571 440 38
is_linear=0
shrinkage=0.252688


Tree=364
num_leaves=7
num_cat=0
split_feature=3 8 3 13 15 21
split_gain=0.382396 1.30286 1.1292 1.33377 0.83001 0.00251752
threshold=1.1265262365341189 5.7616593837738046 1.2000581026077273 0.75730985403060924 -0.60292181372642506 -0.47349262237548823
decision_type=2 2 2 2 2 2
left_child=1 4 -2 -4 -1 -3
right_child=2 5 3 -5 -6 -7
leaf_value=-0.11930230216201708 0.11788149525352129 -0.19605038095861474 -0.094406322274120713 0.049094726508352511 0.00042186373785546821 -0.17760226823752071
leaf_weight=3.7379748579114667 6.8096952307969358 0.7460051774978641 6.4942790642380741 11.384773964993654 335.70338503352832 1.7780918478965748
leaf_count=28 24 4 29 51 1893 45
internal_value=-4.91718e-05 -0.00224185 0.0303211 -0.0030309 -0.000896735 -0.183095
internal_weight=366.654 341.965 24.6887 17.8791 339.441 2.5241
internal_count=2074 1970 104 80 1921 49
is_linear=0
shrinkage=0.252688


Tree=365
num_leaves=7
num_cat=0
split_feature=4 4 15 15 16 11
split_gain=0.422718 1.95812 1.36388 2.69163 0.674336 0.63505
threshold=-1.4228082895278928 -1.0449818968772886 -0.4587122350931167 -0.48480907082557673 -0.040522089228034013 -0.64071163535118092
decision_type=2 2 2 2 2 2
left_child=2 4 3 -1 -2 -3
right_child=1 5 -4 -5 -6 -7
leaf_value=-0.048178372020658319 0.24349547457725843 0.024636544781795239 -0.16573193847794684 0.17969371695755851 0.075803425468440822 -0.0055167660581688415
leaf_weight=17.907151933759458 2.4836567174643278 54.022421084577218 4.0442951065488151 4.0596983563154927 3.9932330285664639 255.60085169039667
leaf_count=102 19 311 21 30 33 1558
internal_value=7.2936e-05 0.00262092 -0.0308908 -0.00606191 0.140122 -0.000255642
internal_weight=342.111 316.1 26.0111 21.9669 6.47689 309.623
internal_count=2074 1921 153 132 52 1869
is_linear=0
shrinkage=0.252688


Tree=366
num_leaves=8
num_cat=0
split_feature=7 24 17 3 14 3 13
split_gain=0.487494 1.51557 1.32932 0.631862 1.72598 1.31072 0.185598
threshold=-0.88328832387924183 -1.6465092897415159 1.2991285324096682 -0.43428139388561243 0.14583333581686023 -0.101211279630661 0.38888882100582128
decision_type=2 2 2 2 2 2 2
left_child=1 6 -3 4 -2 -5 -1
right_child=3 2 -4 5 -6 -7 -8
leaf_value=0.064769733327663753 0.044692390413198849 -0.054666109266493845 0.14014655591190728 -0.038776219225040764 -0.092924355313246984 0.007129277891320048 0.18310834371706644
leaf_weight=1.4675963874906295 47.82369397279399 33.805933206342161 2.394399181008338 49.744955589994788 6.6248200749541857 196.94773796841037 2.0010813567787409
leaf_count=13 280 231 10 331 45 1149 15
internal_value=-0.000158274 -0.0264894 -0.0417787 0.00331033 0.0279476 -0.00212751 0.133057
internal_weight=340.81 39.669 36.2003 301.141 54.4485 246.693 3.46868
internal_count=2074 269 241 1805 325 1480 28
is_linear=0
shrinkage=0.252688


Tree=367
num_leaves=7
num_cat=0
split_feature=19 10 10 24 0 24
split_gain=0.339135 1.61359 1.54087 1.07803 2.38312 1.28408
threshold=0.54376906156539928 -0.73573341965675343 -0.38695202767848963 0.89484119415283214 1.0000000180025095e-35 0.45287805795669561
decision_type=2 2 2 2 2 2
left_child=3 -2 -3 5 -5 -1
right_child=1 2 -4 4 -6 -7
leaf_value=-0.0057472322950176177 0.17023829187201636 -0.10805313036760227 0.014056573414138912 -0.030115208934860246 -0.3017797984879011 0.062350104429694013
leaf_weight=216.24169396591606 3.9511916041374198 7.0810318607836953 96.694947973359376 19.248914144933227 2.3086431901901951 19.254634259268641
leaf_count=1308 7 34 443 160 21 101
internal_value=-0.000142657 0.0117589 0.00572404 -0.00513042 -0.0592151 -0.000179329
internal_weight=364.781 107.727 103.776 257.054 21.5576 235.496
internal_count=2074 484 477 1590 181 1409
is_linear=0
shrinkage=0.252688


Tree=368
num_leaves=8
num_cat=0
split_feature=7 13 6 13 15 15 24
split_gain=0.536611 1.92505 1.53701 1.06272 0.757116 2.89875 2.52336
threshold=-0.90043389797210682 0.14327484369277957 -0.048140022903680794 0.72222214937210094 -0.44153791666030878 -0.43470741808414454 0.14636498689651492
decision_type=2 2 2 2 2 2 2
left_child=1 2 -1 -3 6 -6 -2
right_child=4 3 -4 -5 5 -7 -8
leaf_value=0.042475419475270074 0.0048237049324507718 -0.043605742200359086 0.21481813972980326 0.13604454874293423 0.17854331269760804 -0.00090422384460390917 -0.10380004015554326
leaf_weight=10.319681480526922 46.477934312075377 17.422126661054794 4.8600798174738875 2.390490509569644 5.8922469802200785 233.68750017113052 19.335560505161993
leaf_count=53 269 133 38 29 32 1420 100
internal_value=0.000311357 0.0299507 0.0976598 -0.0219269 -0.0030848 0.0035095 -0.0270898
internal_weight=340.386 34.9924 15.1798 19.8126 305.393 239.58 65.8135
internal_count=2074 253 91 162 1821 1452 369
is_linear=0
shrinkage=0.252688


Tree=369
num_leaves=8
num_cat=0
split_feature=16 15 17 15 17 16 10
split_gain=0.454345 1.69298 1.98034 1.45147 1.44633 1.91468 1.49836
threshold=-0.29240749776363367 -0.45679071545600886 -0.343103677034378 -0.40401791036128992 -0.33437339961528773 -0.15401066839694974 -0.34037704765796656
decision_type=2 2 2 2 2 2 2
left_child=1 2 -1 -3 5 -2 -6
right_child=4 3 -4 -5 6 -7 -8
leaf_value=0.13100961682003395 -0.20372171884240411 -0.071751417091366954 -0.10608798595142237 0.014869745158816405 -0.034973061163205296 -0.028423740341405219 0.013217432588707839
leaf_weight=13.030260323081164 5.0210099588148323 14.898472383618353 2.7181860869750372 72.245220337761566 56.103831735439599 19.1535147781251 155.03905634189141
leaf_count=86 42 90 24 421 339 146 926
internal_value=-0.000166631 0.0138395 0.0900842 6.02459e-05 -0.00629082 -0.0648366 0.000412434
internal_weight=338.21 102.892 15.7484 87.1437 235.317 24.1745 211.143
internal_count=2074 621 110 511 1453 188 1265
is_linear=0
shrinkage=0.252688


Tree=370
num_leaves=7
num_cat=0
split_feature=8 10 4 10 8 7
split_gain=0.353359 2.39091 3.1285 2.52277 2.24991 1.22671
threshold=-0.10454804822802542 -0.50313338637351979 0.086068242788314833 -0.34037704765796656 -0.12033709883689879 0.44865271449089056
decision_type=2 2 2 2 2 2
left_child=4 2 -2 -3 5 -1
right_child=1 3 -4 -5 -6 -7
leaf_value=0.0070385338873551473 -0.03094077967925489 0.076586168391491835 -0.22856804459610594 -0.0070851046821828485 0.14672121343859304 -0.12743205769973254
leaf_weight=122.04929758375511 25.911651645321399 26.614064688794315 6.3719693897292009 169.82997375493869 7.2800005469471207 4.4905395788373417
leaf_count=775 135 125 49 904 24 62
internal_value=-0.000188377 -0.00622246 -0.0699505 0.00425077 0.0101252 0.00226603
internal_weight=362.547 228.728 32.2836 196.444 133.82 126.54
internal_count=2074 1213 184 1029 861 837
is_linear=0
shrinkage=0.252688


Tree=371
num_leaves=8
num_cat=0
split_feature=10 3 8 18 20 18 23
split_gain=0.505216 2.03212 1.08301 0.565282 1.92299 1.59878 0.364699
threshold=-0.84899231791496266 -0.21479148417711255 -0.17552258074283597 0.30790333449840551 1.4683172702789309 0.13776072114706042 -0.34322436153888697
decision_type=2 2 2 2 2 2 2
left_child=1 6 -3 5 -5 -2 -1
right_child=3 2 -4 4 -6 -7 -8
leaf_value=0.10731259663851681 -0.00054088726878304279 -0.095638538681306201 0.071823362131847882 0.0024653945715407671 0.11919938961079113 -0.064054297218611625 0.24817534818726253
leaf_weight=2.1933291107416153 186.86545174056664 5.3622276484966269 4.5643158908933392 96.750991960288957 9.9353340864181501 29.269547963514924 2.5271811708807936
leaf_count=11 1134 22 22 650 59 159 17
internal_value=0.000369377 0.0462685 -0.0186382 -0.00171323 0.013337 -0.00914218 0.182745
internal_weight=337.468 14.6471 9.92654 322.821 106.686 216.135 4.72051
internal_count=2074 72 44 2002 709 1293 28
is_linear=0
shrinkage=0.252688


Tree=372
num_leaves=8
num_cat=0
split_feature=2 2 2 16 13 13 10
split_gain=0.457977 1.54784 1.29517 1.95197 1.73936 0.800356 0.434918
threshold=-0.87879866361618031 -0.76330593228340138 -1.0897712707519529 0.1955983564257622 -0.89181277155876149 1.1725144386291506 -0.1203707456588745
decision_type=2 2 2 2 2 2 2
left_child=2 6 4 -4 -1 -3 -2
right_child=1 5 3 -5 -6 -7 -8
leaf_value=-0.1344133603816802 -0.20075212866907305 0.0011013663831135464 -0.0021106838233440118 0.23643688840847454 0.019826700517320665 -0.074913627952100242 -0.072489199996336628
leaf_weight=5.1848695650696746 2.674335649702698 258.79093624556117 4.6907489430159313 4.1081358478404582 46.818478664965369 9.1565034165978414 4.5783155974932006
leaf_count=17 17 1616 40 24 268 61 31
internal_value=-0.000229306 -0.00461432 0.0196178 0.109273 0.00444733 -0.00149641 -0.119796
internal_weight=336.002 275.2 60.8022 8.79888 52.0033 267.947 7.25265
internal_count=2074 1725 349 64 285 1677 48
is_linear=0
shrinkage=0.252688


Tree=373
num_leaves=5
num_cat=0
split_feature=6 5 5 5
split_gain=0.389988 0.495968 2.5156 1.29431
threshold=1.3807439208030703 -0.28617243468761439 -0.44350950419902796 -0.12474938854575156
decision_type=2 2 2 2
left_child=1 2 -1 -3
right_child=-2 3 -4 -5
leaf_value=0.0027510447895168094 0.084985126008112491 0.050246390129104999 -0.098362965415008441 -0.0020596503488229229
leaf_weight=88.405757415806875 3.4099332932382813 35.162216793978587 19.105077705229633 214.31567387771793
leaf_count=565 15 172 152 1170
internal_value=-5.78486e-05 -0.000870302 -0.0152177 0.00531262
internal_weight=360.399 356.989 107.511 249.478
internal_count=2074 2059 717 1342
is_linear=0
shrinkage=0.252688


Tree=374
num_leaves=7
num_cat=0
split_feature=23 11 16 24 23 13
split_gain=0.485258 1.64413 1.36093 1.22405 1.31116 0.315634
threshold=1.950252413749695 0.98287484049797069 0.26089218258857733 -5.1939418315887442 1.7737217545509341 1.0029238164424898
decision_type=2 2 2 2 2 2
left_child=3 5 -3 -1 -5 -2
right_child=1 2 -4 4 -6 -7
leaf_value=0.17647300287260823 0.20911820435218123 -0.12294536928875188 0.043716825016996225 -0.001033190291878316 -0.1096436056871028 0.063228807234218559
leaf_weight=2.4296266362071028 3.4159661903977421 4.276044685393571 11.652387468609957 305.16283896111418 7.2655436024069777 1.3108337298035619
leaf_count=19 34 34 120 1806 49 12
internal_value=0.000291783 0.0378109 -0.00102674 -0.00216959 -0.00355912 0.168672
internal_weight=335.513 20.6552 15.9284 314.858 312.428 4.7268
internal_count=2074 200 154 1874 1855 46
is_linear=0
shrinkage=0.252688


Tree=375
num_leaves=6
num_cat=0
split_feature=8 5 3 12 5
split_gain=0.420991 0.764589 0.724029 1.04763 0.912168
threshold=11.880712509155275 1.8740491271018984 1.3272922635078432 8.2104053497314471 1.9713184833526614
decision_type=2 2 2 2 2
left_child=2 -2 4 -4 -1
right_child=1 -3 3 -5 -6
leaf_value=0.00090955308339691677 -0.20428603942985957 0.039454462109431709 0.20020559818879291 -0.028953414965555663 -0.11029901789258401
leaf_weight=321.24249506330671 1.751209199894219 1.5475833415985105 2.7730158008635035 2.3554794415831566 4.7789508905261746
leaf_count=1978 23 9 14 14 36
internal_value=-0.000133634 -0.0899501 0.000761222 0.0949622 -0.000720758
internal_weight=334.449 3.29879 331.15 5.1285 326.021
internal_count=2074 32 2042 28 2014
is_linear=0
shrinkage=0.252688


Tree=376
num_leaves=7
num_cat=0
split_feature=8 7 8 8 1 24
split_gain=0.439807 1.53483 1.60434 1.35072 4.21818 1.16811
threshold=0.83647453784942638 -0.58269402384757985 1.1130715608596804 0.25071121007204061 0.40189196169376379 0.54553568363189708
decision_type=2 2 2 2 2 2
left_child=3 -2 -3 5 -5 -1
right_child=1 2 -4 4 -6 -7
leaf_value=0.0065865159436112684 0.17639932026301935 0.086718970839213719 -0.007381759176563335 -0.15612901359028106 0.024648421067802382 -0.060958361550483335
leaf_weight=221.3697159619187 3.6319731511175624 13.927278108894823 68.295291641261429 14.368458979763089 19.325998240150511 17.651201203232631
leaf_count=1203 10 55 415 138 94 159
internal_value=-0.000113155 0.0156593 0.00855794 -0.00507857 -0.0524424 0.00159834
internal_weight=358.57 85.8545 82.2226 272.715 33.6945 239.021
internal_count=2074 480 470 1594 232 1362
is_linear=0
shrinkage=0.252688


Tree=377
num_leaves=8
num_cat=0
split_feature=1 21 18 1 9 24 8
split_gain=0.467708 1.75099 2.00802 1.28775 0.710209 1.78863 0.908499
threshold=1.0374404788017275 0.75923487544059765 0.65203070640563976 1.063976049423218 1.3486014604568484 -5.1939418315887442 -3.1280809640884395
decision_type=2 2 2 2 2 2 2
left_child=4 2 -2 -3 6 -6 -1
right_child=1 3 -4 -5 5 -7 -8
leaf_value=0.13299808957932832 -0.08392658515129417 0.11969158087240991 0.18187856904518093 -0.10277247006643205 0.15954150216410592 -0.058057829858534075 0.00033385061272900589
leaf_weight=3.3343596905469886 2.4358249828219432 2.2634546905755979 7.1133440602570772 6.2421557335183024 2.6438916907645789 27.442448451183736 282.54896074777935
leaf_count=26 11 17 55 53 23 165 1724
internal_value=0.000255278 0.0398104 0.114075 -0.0435679 -0.00200499 -0.0389334 0.00188141
internal_weight=334.024 18.0548 9.54917 8.50561 315.97 30.0863 285.883
internal_count=2074 136 66 70 1938 188 1750
is_linear=0
shrinkage=0.252688


Tree=378
num_leaves=7
num_cat=0
split_feature=6 6 7 2 22 1
split_gain=0.441519 2.68077 1.53341 1.80626 0.63646 0.177695
threshold=1.0919036269187929 1.0700218081474306 -0.45636327564716334 0.23028657585382464 0.84076648950576793 0.13704852014780047
decision_type=2 2 2 2 2 2
left_child=1 4 5 -4 -1 -2
right_child=2 -3 3 -5 -6 -7
leaf_value=0.0047344640462142163 -0.10406315578962518 0.23643811418030183 -0.033864069303607282 0.097581153911402138 -0.040139027707895611 -0.20710568656696166
leaf_weight=261.1091097428216 1.8251682147383679 3.1286654039286068 33.732054421212524 8.3213515281677228 21.87182827165816 2.5843702228739858
leaf_count=1574 16 23 234 43 161 23
internal_value=0.000127906 0.00383817 -0.0227189 -0.00785331 0.00126608 -0.164473
internal_weight=332.573 286.11 46.4629 42.0534 282.981 4.40954
internal_count=2074 1758 316 277 1735 39
is_linear=0
shrinkage=0.252688


Tree=379
num_leaves=7
num_cat=0
split_feature=19 19 18 19 5 21
split_gain=0.405168 1.45467 1.35459 1.20334 1.02246 0.433435
threshold=1.0006890892982485 0.94520583748817455 0.61690452694892894 1.1100192070007326 1.6096717119216921 -1.0000000180025095e-35
decision_type=2 2 2 2 2 2
left_child=1 4 3 -2 -1 -3
right_child=2 5 -4 -5 -6 -7
leaf_value=0.00092956252638295859 0.072911651164605948 -0.047953823344970087 0.18372745567706458 -0.03051708710692163 -0.10434465881149931 -0.21832909984400406
leaf_weight=312.74906124157133 11.773547208867969 1.5391464065760372 3.1584495082497588 18.417400520294905 6.0033167302608481 2.506423767656087
leaf_count=1822 55 8 9 114 42 24
internal_value=-0.00022498 -0.00296446 0.0262908 0.00981748 -0.00105332 -0.153525
internal_weight=356.147 322.798 33.3494 30.1909 318.752 4.04557
internal_count=2074 1896 178 169 1864 32
is_linear=0
shrinkage=0.252688


Tree=380
num_leaves=8
num_cat=0
split_feature=2 5 10 10 20 18 16
split_gain=0.422688 0.954508 1.07971 0.660869 1.34669 0.531971 0.18088
threshold=-1.436538517475128 -0.42714437842369074 1.4295325279235842 -0.88360258936882008 -0.1795387268066406 0.29253567755222326 -0.25587598979473108
decision_type=2 2 2 2 2 2 2
left_child=1 6 -3 4 -2 -5 -1
right_child=3 2 -4 5 -6 -7 -8
leaf_value=-0.084577697708395599 -0.0058749265762814834 0.024793669013139799 -0.17016165833334926 -0.0074900368464503805 0.18500811052235974 0.014771732814997262 -0.17801692588835333
leaf_weight=2.9241450149565935 6.2508343905210495 12.932197794667443 2.1092526437714687 195.96875085681677 3.7907421439886075 105.40244043164421 2.4180617406964329
leaf_count=28 22 109 20 1146 23 712 14
internal_value=0.000113282 -0.0351384 -0.00254971 0.00242076 0.0661901 0.000295867 -0.126885
internal_weight=331.796 20.3837 15.0415 311.413 10.0416 301.371 5.34221
internal_count=2074 171 129 1903 45 1858 42
is_linear=0
shrinkage=0.252688


Tree=381
num_leaves=8
num_cat=0
split_feature=21 14 8 21 2 23 14
split_gain=0.469512 3.08496 2.90107 1.44049 1.55808 1.23369 0.899072
threshold=-0.73515686392784108 -0.090277761220931993 -0.1018451228737831 -0.67796674370765675 -1.1546255350112913 -0.40076243877410883 0.24305555969476703
decision_type=2 2 2 2 2 2 2
left_child=1 5 -3 4 -2 -1 -5
right_child=3 2 -4 6 -6 -7 -8
leaf_value=0.04039825230548004 0.14787351776588065 -0.008115453296009904 0.16755599189515374 0.011585947001105249 -0.17411602853855615 -0.20331835764688497 -0.016720835951567599
leaf_weight=1.9127246132120488 1.1590957306325433 13.379606607835743 10.885566910728809 170.58849506849219 5.5637565362267187 4.3229765070136663 123.52040227703401
leaf_count=18 8 92 57 1051 56 46 746
internal_value=8.26844e-05 0.0299556 0.0706942 -0.00294613 -0.118594 -0.128564 -0.000302392
internal_weight=331.333 30.5009 24.2652 300.832 6.72285 6.2357 294.109
internal_count=2074 213 149 1861 64 64 1797
is_linear=0
shrinkage=0.252688


Tree=382
num_leaves=8
num_cat=0
split_feature=19 2 8 2 24 19 19
split_gain=0.418553 1.06507 3.30395 2.34995 0.894405 1.73607 1.4862
threshold=0.54376906156539928 -0.050013586878776543 0.086778778582811369 -0.32191051542758936 -0.17013187706470487 -0.14320799708366391 -0.22554089128971097
decision_type=2 2 2 2 2 2 2
left_child=4 3 -3 -2 6 -6 -1
right_child=1 2 -4 -5 5 -7 -8
leaf_value=-0.012371386563981646 0.0036744921568789275 -0.23727808484511576 0.0050769926322238564 0.11427425141651375 0.018324644093070788 -0.042699789765572579 0.044983411238709525
leaf_weight=75.031324153940659 43.413751556538045 3.9490561988204709 39.63478191755712 17.096693076193333 46.756662876810879 81.916039278497919 46.865468546748161
leaf_count=516 230 26 172 56 308 516 250
internal_value=-0.000235961 0.0132319 -0.016885 0.0349242 -0.00583097 -0.0205249 0.00967981
internal_weight=354.664 104.094 43.5838 60.5104 250.569 128.673 121.897
internal_count=2074 484 198 286 1590 824 766
is_linear=0
shrinkage=0.252688


Tree=383
num_leaves=5
num_cat=0
split_feature=7 22 18 15
split_gain=0.458187 0.44715 2.01379 0.950121
threshold=1.6332325935363772 0.93180191516876232 0.35181109607219702 0.64803543686866771
decision_type=2 2 2 2
left_child=1 3 -3 -1
right_child=-2 2 -4 -5
leaf_value=0.00010777245794354502 -0.12057187631405128 0.0081566932093070019 0.19656340515997101 -0.07133862224765368
leaf_weight=264.9294439466903 1.9941095262765873 47.153071315959096 3.9232572505716226 12.442318821325896
leaf_count=1588 8 362 32 84
internal_value=0.000170346 0.000903606 0.0226304 -0.00309729
internal_weight=330.442 328.448 51.0763 277.372
internal_count=2074 2066 394 1672
is_linear=0
shrinkage=0.252688


Tree=384
num_leaves=8
num_cat=0
split_feature=6 23 3 19 6 6 16
split_gain=0.419932 2.24842 2.43215 1.93743 1.1667 2.02813 2.00613
threshold=-0.76367613673210133 0.037932123988866813 0.70221230387687694 -0.70279115438461293 -0.57111594080924977 -0.20787741243839261 -0.49674522876739496
decision_type=2 2 2 2 2 2 2
left_child=1 2 -1 -3 6 -6 -2
right_child=4 3 -4 -5 5 -7 -8
leaf_value=-0.16761867806601133 0.13029281086181166 -0.13018606893297957 0.027802102622172867 0.089387893746595046 0.084055428662343765 -0.0044248141020957529 -0.080421090505877299
leaf_weight=6.7370260823518064 3.2962797135114696 2.8580847852863398 10.256966253742574 25.057734896428883 17.767492302693427 239.60238985082833 23.095963892788859
leaf_count=81 19 19 43 123 85 1536 168
internal_value=8.82272e-05 0.0227919 -0.0496724 0.0669053 -0.00350502 0.00168356 -0.0541017
internal_weight=328.672 44.9098 16.994 27.9158 283.762 257.37 26.3922
internal_count=2074 266 124 142 1808 1621 187
is_linear=0
shrinkage=0.252688


Tree=385
num_leaves=8
num_cat=0
split_feature=2 24 3 14 1 5 1
split_gain=0.345115 1.16842 1.97372 1.01855 0.624766 1.96933 1.73567
threshold=0.76490977406501781 0.2164016664028168 -1.6000912785530088 -0.27083331346511835 0.66972169280052196 -0.13604515790939328 0.61234366893768322
decision_type=2 2 2 2 2 2 2
left_child=4 2 -2 -3 6 -6 -1
right_child=1 3 -4 -5 5 -7 -8
leaf_value=-0.0010517227913482224 0.17137313693287798 0.23896805088946813 -0.13665103614045704 0.032466249613418437 -0.12687728408356652 0.0022357319603122428 0.11043557641737363
leaf_weight=291.94585115835071 1.9580466151237486 2.5982520058751106 4.1268801619298738 3.6920210923999548 10.226550275110638 28.741385715082288 9.1966889165341836
leaf_count=1634 4 5 39 32 159 163 38
internal_value=-3.44017e-05 0.0414151 -0.0375266 0.117777 -0.00154264 -0.0316493 0.00235321
internal_weight=352.486 12.3752 6.08493 6.29027 340.11 38.9679 301.143
internal_count=2074 80 43 37 1994 322 1672
is_linear=0
shrinkage=0.252688


Tree=386
num_leaves=4
num_cat=0
split_feature=17 17 17
split_gain=0.449121 0.806688 0.49571
threshold=-0.44845800101757044 -0.42530220746994013 -0.40224094688892359
decision_type=2 2 2
left_child=-1 -2 -3
right_child=1 2 -4
leaf_value=-0.083574929121502314 0.15343661205912218 -0.069362856076139415 0.0013705807077844703
leaf_weight=4.059313252568244 2.2009047567844382 6.4551743231713763 315.51160643831827
leaf_count=18 18 36 2002
internal_value=-5.13981e-05 0.000994636 -4.76748e-05
internal_weight=328.227 324.168 321.967
internal_count=2074 2056 2038
is_linear=0
shrinkage=0.252688


Tree=387
num_leaves=6
num_cat=0
split_feature=14 4 6 23 10
split_gain=0.356057 0.756707 0.534805 1.70292 1.04252
threshold=1.6458333730697634 -0.44213131070137018 -0.76367613673210133 0.042846541851758964 -0.88360258936882008
decision_type=2 2 2 2 2
left_child=2 -2 3 -1 -4
right_child=1 -3 4 -5 -6
leaf_value=-0.030117050463848199 -0.16984925842073081 0.053505364883328875 -0.18206277943668528 0.074411373221310181 -0.00154121168694775
leaf_weight=17.82395538315177 2.2836169414222245 1.6811377434059966 2.0571483611129215 22.53059902600944 279.77138449548511
leaf_count=126 14 18 36 110 1770
internal_value=0.000110228 -0.0751474 0.00103647 0.028243 -0.00285923
internal_weight=326.148 3.96475 322.183 40.3546 281.829
internal_count=2074 32 2042 236 1806
is_linear=0
shrinkage=0.252688


Tree=388
num_leaves=7
num_cat=0
split_feature=12 11 1 12 21 14
split_gain=0.434896 1.66802 0.791462 0.740052 3.09961 0.813183
threshold=-0.46992701292037958 -0.61606380343437184 -0.30198310315608973 -0.41263267397880549 -0.18664074689149854 0.71527773141860973
decision_type=2 2 2 2 2 2
left_child=1 -1 -3 4 -2 -5
right_child=3 2 -4 5 -6 -7
leaf_value=0.18854862238685161 -0.23004502189658388 0.086600882886855024 -0.0051738295126165703 0.0031935654585512241 0.041087394687396646 -0.041903696745701165
leaf_weight=3.5574603900313368 4.4865393303334713 7.0926899872720233 38.930809373501688 261.03429752506781 6.7301968685351294 28.297465162351727
leaf_count=8 33 42 275 1498 39 179
internal_value=-6.89083e-05 0.0218571 0.00897039 -0.00368604 -0.0673674 -0.00121714
internal_weight=350.129 49.581 46.0235 300.548 11.2167 289.332
internal_count=2074 325 317 1749 72 1677
is_linear=0
shrinkage=0.252688


Tree=389
num_leaves=8
num_cat=0
split_feature=19 15 6 15 12 23 21
split_gain=0.423632 1.24653 2.17519 1.40175 1.22654 3.51635 1.57381
threshold=0.11016586050391199 -0.35236366093158716 -0.10722100362181662 -0.33576653897762293 -0.29334461688995356 0.29732422530651098 1.9022138714790346
decision_type=2 2 2 2 2 2 2
left_child=1 2 -1 -3 5 -2 -6
right_child=4 3 -4 -5 6 -7 -8
leaf_value=0.18100601885880624 0.13272406897451886 -0.10279293013993936 0.021765354811541994 0.0011792380181188452 -0.026787353343113961 -0.039062833767716909 0.10359236250227777
leaf_weight=6.0864563108189023 13.466962680220606 9.0382701903581601 54.676541020162404 98.565103587461635 120.91503639880102 17.486834792420268 6.2149167079478493
leaf_count=60 96 37 350 699 655 121 56
internal_value=-3.62154e-05 0.00878412 0.0377175 -0.00755447 -0.00943028 0.0356769 -0.0204132
internal_weight=326.45 168.366 60.763 107.603 158.084 30.9538 127.13
internal_count=2074 1146 410 736 928 217 711
is_linear=0
shrinkage=0.252688


Tree=390
num_leaves=8
num_cat=0
split_feature=7 7 14 14 7 12 2
split_gain=0.431292 2.92324 2.24062 2.7148 1.99258 1.36724 1.07876
threshold=0.23959073424339297 0.12629811465740207 1.0208333134651186 0.68749997019767772 0.35912017524242407 0.021443288773298267 0.29908345639705664
decision_type=2 2 2 2 2 2 2
left_child=1 6 3 -2 -4 -3 -1
right_child=2 5 4 -5 -6 -7 -8
leaf_value=0.017055575957015776 0.013282096343646407 -0.029133650779336526 0.075863071878385688 0.1876347456744262 -0.1648155670182597 -0.17413753574278376 -0.022689247534371251
leaf_weight=115.97633232350927 104.99815220935852 7.6220152159803574 3.0512586496770364 6.0292475819587699 7.8365024589002132 9.1201428300118987 69.876181426348921
leaf_count=697 702 60 18 31 49 51 466
internal_value=0.000148311 -0.00699781 0.0120235 0.022751 -0.0973656 -0.108126 0.00211243
internal_weight=324.51 202.595 121.915 111.027 10.8878 16.7422 185.853
internal_count=2074 1274 800 733 67 111 1163
is_linear=0
shrinkage=0.252688


Tree=391
num_leaves=8
num_cat=0
split_feature=8 8 14 12 14 16 17
split_gain=0.402114 2.28812 1.50989 2.20501 1.81521 1.355 0.636309
threshold=-0.10454804822802542 -0.090913552790880189 0.71527773141860973 -0.083836484700441347 0.59027779102325451 -0.30804131925106043 -0.34385664761066431
decision_type=2 2 2 2 2 2 2
left_child=2 5 4 -4 -1 -2 -3
right_child=1 6 3 -5 -6 -7 -8
leaf_value=0.010415450147107741 -0.00036648462858299315 -0.035309214529629949 -0.20359208148867805 0.0051838629028330974 0.1191840178397367 -0.26837110601668218 0.0030949653442884167
leaf_weight=103.72156201407779 1.881723443046212 32.482483194209635 4.9099986702203742 9.4390022493898851 10.818285826593636 3.3467142619192591 181.29559812624939
leaf_count=730 13 173 53 37 41 19 1008
internal_value=-0.000189439 -0.00677987 0.0110089 -0.0662607 0.0206892 -0.171926 -0.00274042
internal_weight=347.895 219.007 128.889 14.349 114.54 5.22844 213.778
internal_count=2074 1213 861 90 771 32 1181
is_linear=0
shrinkage=0.252688


Tree=392
num_leaves=8
num_cat=0
split_feature=8 3 4 9 17 10 8
split_gain=0.375279 0.840438 1.05907 0.699702 0.643336 0.501003 0.152824
threshold=9.7020187377929705 1.1519201993942263 1.7535226941108706 0.07030408084392549 1.2188711166381838 2.2414703369140629 11.880712509155275
decision_type=2 2 2 2 2 2 2
left_child=1 2 -1 6 -3 -5 -2
right_child=3 4 -4 5 -6 -7 -8
leaf_value=-0.002547251742395402 0.023242544338739381 -0.16121497078880934 0.065189489921826896 0.23103802798840639 -0.012233121848006947 0.042020080379668479 -0.095265608761848961
leaf_weight=294.06607569241896 1.4306190349161618 3.6309637650847426 15.515310700051485 1.7548220790922644 3.774359880015254 1.8282203655689953 1.3500334741547702
leaf_count=1843 16 27 120 19 28 11 10
internal_value=5.49721e-05 -0.00116479 0.000847616 0.0608086 -0.0852881 0.134614 -0.034301
internal_weight=323.35 316.987 309.581 6.36369 7.40532 3.58304 2.78065
internal_count=2074 2018 1963 56 55 30 26
is_linear=0
shrinkage=0.252688


Tree=393
num_leaves=8
num_cat=0
split_feature=12 2 2 23 15 20 6
split_gain=0.378167 1.77391 1.83473 1.46986 1.89179 1.75234 0.725916
threshold=0.428179681301117 0.40307861566543585 0.22431434690952304 -0.4661372303962707 -0.45409758388996119 -0.1892699524760246 -1.0000000180025095e-35
decision_type=2 2 2 2 2 2 2
left_child=3 2 -2 5 -5 -1 -3
right_child=1 6 -4 4 -6 -7 -8
leaf_value=-0.19687117834456216 -0.013258984046594752 0.027360515272186216 0.1182171319068811 0.10211270441434622 0.004025154596141254 0.013675908428240281 -0.14281293785879925
leaf_weight=4.9099252140149474 70.48823682568036 1.9676450408805983 7.4975111298263064 13.351701057981698 210.25629734928953 5.1932997261174005 8.574859981425103
leaf_count=47 486 22 31 72 1301 46 69
internal_value=0.000294857 -0.01377 -0.000618203 0.00562254 0.00988223 -0.0886497 -0.111052
internal_weight=322.239 88.5283 77.9857 233.711 223.608 10.1032 10.5425
internal_count=2074 608 517 1466 1373 93 91
is_linear=0
shrinkage=0.252688


Tree=394
num_leaves=7
num_cat=0
split_feature=5 3 4 4 21 13
split_gain=0.435767 1.65272 1.70007 1.57702 2.04203 2.03309
threshold=0.46964865922927862 -0.91226875782012928 0.31862710416316992 0.73196834325790416 0.1102806255221367 -0.99122801423072804
decision_type=2 2 2 2 2 2
left_child=3 -2 -3 5 -5 -1
right_child=1 2 -4 4 -6 -7
leaf_value=-0.16042110242674568 -0.22504281744890384 0.017558870634526901 -0.053060411264083666 0.013881996111081233 0.1527416762969494 0.0015244425355036974
leaf_weight=5.0659092351561403 2.3287448715418568 56.770443244487979 35.301008551381528 20.933213554322723 9.9882587008178216 214.98445669893408
leaf_count=78 21 321 194 130 23 1307
internal_value=-0.00020033 -0.0148353 -0.00951732 0.00530447 0.0587384 -0.00220417
internal_weight=345.372 94.4002 92.0715 250.972 30.9215 220.05
internal_count=2074 536 515 1538 153 1385
is_linear=0
shrinkage=0.252688


Tree=395
num_leaves=7
num_cat=0
split_feature=15 23 3 4 18 15
split_gain=0.431009 1.34772 1.31661 1.14539 1.02543 0.709475
threshold=4.6590611934661874 1.950252413749695 0.056301094591617591 0.22458894550800326 -0.41437987983226771 1.8631288409233095
decision_type=2 2 2 2 2 2
left_child=1 5 -2 -3 -4 -1
right_child=2 3 4 -5 -6 -7
leaf_value=0.00061771097185878425 0.20555382225616689 0.16746506788957749 0.062897020519541991 0.0077548574636308511 -0.15624754371165958 -0.063129735860005448
leaf_weight=290.14083697402384 1.0515057151205818 5.6490624472498876 1.8597440002486099 5.8219162877649069 5.1048843506723651 11.592459218576549
leaf_count=1802 17 64 21 56 42 72
internal_value=-8.0396e-05 0.00140044 -0.0579356 0.0864109 -0.0977295 -0.00183154
internal_weight=321.22 313.204 8.01613 11.471 6.96463 301.733
internal_count=2074 1994 80 120 63 1874
is_linear=0
shrinkage=0.252688


Tree=396
num_leaves=8
num_cat=0
split_feature=2 17 16 17 16 16 2
split_gain=0.377335 2.26849 1.66915 1.92526 1.56897 1.19695 1.1001
threshold=-0.32847115397453303 -0.31924152374267573 -0.35592114925384516 -0.34385664761066431 -0.88051149249076832 -0.21525684744119641 -0.30634818971157068
decision_type=2 2 2 2 2 2 2
left_child=2 4 3 -1 -2 -4 -3
right_child=1 6 5 -5 -6 -7 -8
leaf_value=0.12159396911358114 0.11174471185927039 -0.14551548393164146 -0.090424327742150895 0.012775645267645118 -0.082231506081132749 0.0014682031258898298 0.0080923353300206974
leaf_weight=15.290220171213148 2.9107362516224375 3.0277908798307172 11.147253807634113 32.334329056553543 31.164111144142225 48.112398947705515 175.5274411543578
leaf_count=84 18 21 86 190 240 341 1094
internal_value=0.000242051 -0.00591463 0.0124898 0.0477136 -0.0656602 -0.0158182 0.00548715
internal_weight=319.514 212.63 106.884 47.6245 34.0748 59.2597 178.555
internal_count=2074 1373 701 274 258 427 1115
is_linear=0
shrinkage=0.252688


Tree=397
num_leaves=7
num_cat=0
split_feature=11 1 11 19 1 7
split_gain=0.289934 2.51914 0.656536 0.969129 0.528546 0.0223875
threshold=-1.111419081687927 -1.5034211874008176 -1.1285312771797178 0.24591101706027987 -1.3337137103080747 0.52403396368026745
decision_type=2 2 2 2 2 2
left_child=2 5 3 -1 -3 -2
right_child=1 4 -4 -5 -6 -7
leaf_value=-0.041891318610146278 -0.19627677815798306 0.064131405166768574 0.13144959795526936 0.065841667762921066 -0.0015954009517086868 -0.23929758213244784
leaf_weight=11.055478712078189 1.3032658752053969 8.0154801420867425 3.2817488871514788 10.296613251790403 307.06622393819271 1.9835952473804352
leaf_count=92 17 24 10 43 1874 14
internal_value=-0.000175605 -0.00221918 0.0262351 0.010061 7.67479e-05 -0.222274
internal_weight=343.002 318.369 24.6338 21.3521 315.082 3.28686
internal_count=2074 1929 145 135 1898 31
is_linear=0
shrinkage=0.252688


Tree=398
num_leaves=8
num_cat=0
split_feature=14 20 10 15 14 18 16
split_gain=0.362009 1.52426 1.83545 1.06042 0.678243 1.15891 0.63552
threshold=-0.96527773141860951 0.58106446266174328 -0.045107722282409661 0.041022546589374549 -0.8402777612209319 -0.20032934844493863 1.0000000180025095e-35
decision_type=2 2 2 2 2 2 2
left_child=1 3 -3 -1 5 -2 -6
right_child=4 2 -4 -5 6 -7 -8
leaf_value=-0.038691860066142433 0.020132257378481309 -0.11663053021592279 0.024067563490151867 0.16293476716629446 0.0099215732335930437 -0.13171631377234994 -0.01555829995386511
leaf_weight=2.2032265961170179 6.0602691890671849 7.2159291170537463 32.957141173072159 6.821635328233242 147.80508964811452 6.8206179365515691 108.30071987211704
leaf_count=20 70 57 194 50 883 49 751
internal_value=-5.37566e-05 0.0198756 -0.00120594 0.113712 -0.0036989 -0.0602758 -0.00085323
internal_weight=318.185 49.1979 40.1731 9.02486 268.987 12.8809 256.106
internal_count=2074 321 251 70 1753 119 1634
is_linear=0
shrinkage=0.252688


Tree=399
num_leaves=7
num_cat=0
split_feature=10 18 21 10 5 13
split_gain=0.369482 1.44964 1.34434 1.06696 1.14804 0.958554
threshold=-0.63295421004295338 0.8737650215625764 -0.11003363877534865 -0.55706703662872303 0.23088417947292331 1.2368419766426089
decision_type=2 2 2 2 2 2
left_child=1 2 -1 4 -2 -5
right_child=3 -3 -4 5 -6 -7
leaf_value=-0.02059791237722956 0.10460479848093832 0.17397194566337743 -0.1909523843886434 0.0014612839026054852 -0.083873608962405866 -0.12232296001315456
leaf_weight=29.783415041281842 11.56127738044597 2.2070921370759597 3.2834403021261087 263.24094954701286 2.5113603062927714 4.0554455318488172
leaf_count=211 66 16 34 1697 14 36
internal_value=9.71552e-05 -0.0242811 -0.0375164 0.0031534 0.0709675 -0.000417015
internal_weight=316.643 35.2739 33.0669 281.369 14.0726 267.296
internal_count=2074 261 245 1813 80 1733
is_linear=0
shrinkage=0.252688


Tree=400
num_leaves=7
num_cat=0
split_feature=3 3 5 8 3 6
split_gain=0.324715 1.30276 1.15095 0.927817 0.72557 0.977646
threshold=1.1265262365341189 0.82602789998054515 0.82945460081100475 4.177692413330079 1.2000581026077273 1.1269145607948305
decision_type=2 2 2 2 2 2
left_child=1 3 -3 -1 -2 -6
right_child=4 2 -4 -5 5 -7
leaf_value=-0.00033480894690939272 0.10236959656081046 -0.13908949353191094 0.013210999739824193 0.12830369475862763 -0.10366142652912047 0.037714176554090054
leaf_weight=301.52766713261371 6.2525384668260839 8.1070261644199473 5.2003768887370816 3.6225377973169079 4.2143353559076813 12.058178253006188
leaf_count=1827 24 64 48 31 21 59
internal_value=-0.000108733 -0.0021826 -0.079574 0.00119252 0.0292108 0.00109777
internal_weight=340.983 318.458 13.3074 305.15 22.5251 16.2725
internal_count=2074 1970 112 1858 104 80
is_linear=0
shrinkage=0.252688


Tree=401
num_leaves=8
num_cat=0
split_feature=19 19 8 8 8 15 21
split_gain=0.498113 1.85288 1.37223 1.3555 1.18953 1.13259 1.09656
threshold=-0.048932828009128564 -0.098655831068754182 -0.17771297693252561 -0.15647432208061215 -0.23829748481512067 -0.34959925711154932 -0.60106384754180897
decision_type=2 2 2 2 2 2 2
left_child=1 5 6 -4 -3 -1 -2
right_child=2 4 3 -5 -6 -7 -8
leaf_value=0.03559716998645153 -0.1736295568341861 -0.051160354899511901 0.1402591720901028 -0.0056417617038694032 0.17427537259803963 -0.014068287054984542 -0.031795301550881477
leaf_weight=45.883572308637667 5.3211233951151362 1.9178037289530037 4.1708002947270861 160.78707243513782 6.7672932874411327 81.202644183882512 10.060933008790014
leaf_count=332 15 13 23 1012 59 562 58
internal_value=1.99646e-05 0.0115803 -0.00868337 -0.00195235 0.124495 0.00386313 -0.0808645
internal_weight=316.111 135.771 180.34 164.958 8.6851 127.086 15.3821
internal_count=2074 966 1108 1035 72 894 73
is_linear=0
shrinkage=0.252688


Tree=402
num_leaves=8
num_cat=0
split_feature=19 3 5 6 5 24 5
split_gain=0.374855 1.08431 2.32357 1.36966 1.04698 2.04268 0.742234
threshold=-0.44178643822669977 -0.6862225830554961 -0.25234036147594446 0.076586410403251662 -0.63091200590133656 -0.29045155644416804 -0.56702417135238636
decision_type=2 2 2 2 2 2 2
left_child=1 3 -3 -1 5 -2 -6
right_child=4 2 -4 -5 6 -7 -8
leaf_value=-0.094523163530169874 0.2132110582450894 -0.077137590706511536 0.066676191794964521 0.037034482123387218 -0.10576899252039432 0.012283029666593602 0.0025941337216554309
leaf_weight=6.0205741884128647 4.4360008907970068 30.977102840435691 9.3345830239122716 31.427123888395727 4.1121164448559275 11.886055629700421 216.44432626687922
leaf_count=55 30 250 50 211 19 52 1407
internal_value=0.000146458 -0.0150763 -0.0438356 0.0158825 0.00514363 0.0668964 0.000573526
internal_weight=314.638 77.7594 40.3117 37.4477 236.878 16.3221 220.556
internal_count=2074 566 300 266 1508 82 1426
is_linear=0
shrinkage=0.252688


Tree=403
num_leaves=8
num_cat=0
split_feature=24 24 13 24 24 14 24
split_gain=0.293321 1.49282 3.4432 1.29332 2.09811 1.84602 1.12323
threshold=-0.17013187706470487 -0.033040521666407578 -0.41228069365024561 -0.4591801762580871 -0.54126161336898793 -0.20138886570930478 0.04046412184834481
decision_type=2 2 2 2 2 2 2
left_child=3 2 -2 4 -1 -5 -3
right_child=1 6 -4 5 -6 -7 -8
leaf_value=-0.00013099479950478968 0.078037748006929947 0.055451896997898951 -0.1054717153678176 0.151475275955537 -0.17247233358800851 0.019570697328566023 -0.0043494676926615003
leaf_weight=67.957052203768399 8.9803333827294392 22.89653591811657 23.908254928188398 8.1377953477203828 4.8305563377216449 40.431716747116297 161.55072629998904
leaf_count=501 43 103 165 30 40 218 974
internal_value=-0.000212338 -0.00576907 -0.0553634 0.00973907 -0.0115696 0.0416727 0.00307416
internal_weight=338.693 217.336 32.8886 121.357 72.7876 48.5695 184.447
internal_count=2074 1285 208 789 541 248 1077
is_linear=0
shrinkage=0.252688


Tree=404
num_leaves=8
num_cat=0
split_feature=2 4 9 5 20 13 5
split_gain=0.442395 0.869866 0.514528 0.513601 1.30726 1.05261 0.0558504
threshold=-1.436538517475128 -0.68340793251991261 0.26419423520565039 -0.18375276029109952 -1.2918391227722166 -0.37134498357772822 -0.68142119050025929
decision_type=2 2 2 2 2 2 2
left_child=1 6 -3 5 -5 -2 -1
right_child=3 2 -4 4 -6 -7 -8
leaf_value=-0.11157224574746892 0.054086557546251308 -0.038698163260603782 0.067016915321235077 -0.14839655667503321 -0.0025721033087896549 0.00025265850863355569 -0.17836549639643218
leaf_weight=1.2931813076138499 32.724118512065616 11.649545783642678 3.9313183203339568 4.01274943165481 178.99090684717521 79.607106967130676 2.1109718121588257
leaf_count=9 196 105 33 32 1102 573 24
internal_value=8.21925e-05 -0.0373072 -0.012023 0.00248577 -0.00577005 0.0159356 -0.153014
internal_weight=314.32 18.985 15.5809 295.335 183.004 112.331 3.40415
internal_count=2074 171 138 1903 1134 769 33
is_linear=0
shrinkage=0.252688


Tree=405
num_leaves=8
num_cat=0
split_feature=7 24 9 2 2 4 21
split_gain=0.400674 1.12719 1.17475 0.576077 1.02784 0.600609 0.084295
threshold=-0.88328832387924183 -1.6855663061141966 -0.5180695354938506 0.76490977406501781 0.54596856236457836 0.1457173973321915 1.1252865195274355
decision_type=2 2 2 2 2 2 2
left_child=1 6 -3 4 -2 -5 -1
right_child=3 2 -4 5 -6 -7 -8
leaf_value=0.090517704984612452 -0.00071429763289732712 0.11881904702734096 -0.051312509412358154 -0.14827614293678687 0.046583965599346376 0.0112367701292155 0.18196276637730124
leaf_weight=1.2900133496150368 235.99912025925005 2.8276617713272563 30.962982807308435 3.2212627058179342 33.499805543106049 2.8319107443094254 1.2884015999734399
leaf_count=12 1554 23 220 37 198 16 14
internal_value=0.000143305 -0.0247848 -0.0370739 0.00343352 0.00516514 -0.0736551 0.13624
internal_weight=311.921 36.3691 33.7906 275.552 269.499 6.05317 2.57841
internal_count=2074 269 243 1805 1752 53 26
is_linear=0
shrinkage=0.252688


Tree=406
num_leaves=8
num_cat=0
split_feature=5 19 8 1 13 11 14
split_gain=0.355433 1.24118 1.11878 1.07106 1.6116 0.529637 0.0393478
threshold=-1.1328921914100645 -1.1289268136024473 -1.7211129069328306 -0.29077294468879694 -0.48830406367778773 -0.72190982103347767 -0.24305553734302518
decision_type=2 2 2 2 2 2 2
left_child=3 6 -3 5 -5 -1 -2
right_child=1 2 -4 4 -6 -7 -8
leaf_value=0.030019385343605213 -0.26434301320127068 -0.10362100167636265 0.0011996897731000476 -0.25931001881508831 0.019854221939571429 0.17503463408920394 -0.18284521291963332
leaf_weight=2.719770485535264 0.52676042995881278 6.6431633564643553 303.97799930337351 1.44176127761603 15.623596065328451 3.9349355250597027 1.3819767941022281
leaf_count=21 11 70 1780 8 140 11 33
internal_value=-2.73763e-05 -0.00229071 -0.00104225 0.0297931 -0.00373809 0.115774 -0.205404
internal_weight=336.25 312.53 310.621 23.7201 17.0654 6.65471 1.90874
internal_count=2074 1894 1850 180 148 32 44
is_linear=0
shrinkage=0.252688


Tree=407
num_leaves=8
num_cat=0
split_feature=7 13 19 19 7 7 14
split_gain=0.463275 1.3953 1.2268 1.21858 0.824072 1.22938 0.940331
threshold=-0.90043389797210682 0.14912279695272448 -0.7436692714691161 -1.5614286065101621 -0.49952119588851923 -0.33539634943008417 1.6319444775581362
decision_type=2 2 2 2 2 2 2
left_child=1 2 -1 -3 6 -6 -2
right_child=4 3 -4 -5 5 -7 -8
leaf_value=0.22430502904699778 -0.045932316693025013 0.22451844395705772 0.047211463831901467 -0.036078954294856441 0.053206342765949481 -0.0039821290152238968 0.083917961498323645
leaf_weight=3.2668378353118888 41.148642869666219 1.2305040135979677 10.604754351079466 16.533552477136254 27.127101065590978 208.26892126403982 3.897785607725381
leaf_count=25 254 11 69 148 192 1349 26
internal_value=-0.000113732 0.0288731 0.088925 -0.0180213 -0.00338369 0.00260838 -0.0346957
internal_weight=312.078 31.6356 13.8716 17.7641 280.442 235.396 45.0464
internal_count=2074 253 94 159 1821 1541 280
is_linear=0
shrinkage=0.252688


Tree=408
num_leaves=8
num_cat=0
split_feature=17 1 15 2 5 1 24
split_gain=0.387262 1.49149 1.4467 2.11192 1.39927 1.26716 1.15588
threshold=0.28550648689270025 0.76818522810935985 0.20158231258392337 0.20069272071123126 -1.6580471992492674 0.73531946539878856 0.9245545268058778
decision_type=2 2 2 2 2 2 2
left_child=1 5 4 -4 -2 -1 -3
right_child=2 6 3 -5 -6 -7 -8
leaf_value=0.0076993069875440469 0.10830144362002322 -0.15562663027339052 -0.034377718166218006 0.0400237267223746 -0.1261361022865915 0.14448098971318726 0.1474415989977694
leaf_weight=187.87279687076807 1.9077987000346173 5.583495406965084 54.938866066047922 43.766281246964354 10.975867532193659 4.4259523153305045 0.93815546529367555
leaf_count=1200 13 83 381 274 100 15 8
internal_value=0.000130766 0.00681727 -0.0117827 -0.00138775 -0.0914177 0.0108479 -0.112021
internal_weight=310.409 198.82 111.589 98.7051 12.8837 192.299 6.52165
internal_count=2074 1306 768 655 113 1215 91
is_linear=0
shrinkage=0.252688


Tree=409
num_leaves=5
num_cat=0
split_feature=6 13 10 13
split_gain=0.308261 0.374189 1.4008 0.965506
threshold=1.3807439208030703 1.0847952365875246 0.49936123192310339 1.0730993151664736
decision_type=2 2 2 2
left_child=1 3 -3 -1
right_child=-2 2 -4 -5
leaf_value=-0.00060153457643872003 0.078126791521153954 0.0029563331894080658 -0.20858560089554776 0.15543995902525154
leaf_weight=317.84275870176498 3.1778171285986891 8.5665059047751111 2.6064414442516854 2.5516835860908023
leaf_count=1949 15 78 21 11
internal_value=-0.000193014 -0.000943776 -0.0463999 0.00064146
internal_weight=334.745 331.567 11.1729 320.394
internal_count=2074 2059 99 1960
is_linear=0
shrinkage=0.252688


Tree=410
num_leaves=7
num_cat=0
split_feature=1 15 16 19 1 11
split_gain=0.463108 2.94105 2.09335 1.91094 1.73235 0.607278
threshold=0.76818522810935985 0.20158231258392337 1.1630382537841799 0.86170384287834179 0.74791625142097484 0.42075046896934515
decision_type=2 2 2 2 2 2
left_child=4 3 -3 -2 5 -1
right_child=1 2 -4 -5 -6 -7
leaf_value=-0.0079852918442877806 0.10647761032103681 -0.12492373475858065 0.050414789102675411 -0.16208543103123535 -0.20576552038204665 0.021399798740413405
leaf_weight=209.65083683340345 21.127200643881228 10.411053413525226 7.4643983598798505 1.8384779095649708 2.6821788959205142 57.145521079190075
leaf_count=1295 160 85 57 10 16 451
internal_value=7.73983e-05 0.0251518 -0.0517068 0.084975 -0.00372282 -0.00169122
internal_weight=310.32 40.8411 17.8755 22.9657 269.479 266.796
internal_count=2074 312 142 170 1762 1746
is_linear=0
shrinkage=0.252688


Tree=411
num_leaves=8
num_cat=0
split_feature=5 10 10 18 5 0 2
split_gain=0.420139 1.37514 2.81438 1.13794 1.07178 0.970937 0.0165741
threshold=0.36243793368339544 0.066787932068109526 0.14612852036952975 1.8413830995559695 0.34189043939113622 1.0000000180025095e-35 0.42272341251373297
decision_type=2 2 2 2 2 2 2
left_child=3 5 -3 4 -1 -2 -5
right_child=1 2 -4 6 -6 -7 -8
leaf_value=-0.0020967300427317424 0.087838214297269082 -0.16512708027082224 0.0093468500415980101 -0.15157092764334287 -0.12496613961041406 -0.0087496537226713546 -0.19809661994406089
leaf_weight=195.90896166750463 21.172685903962702 6.4744691527448586 66.850831660151016 0.72528690390754436 4.6398355364799491 9.6848026025109011 1.5794057420607712
leaf_count=1363 145 29 414 15 22 60 26
internal_value=-0.00027009 0.0127729 -0.00605989 -0.00696882 -0.00493973 0.0575239 -0.183494
internal_weight=307.036 104.183 73.3253 202.853 200.549 30.8575 2.30469
internal_count=2074 648 443 1426 1385 205 41
is_linear=0
shrinkage=0.252688


Tree=412
num_leaves=7
num_cat=0
split_feature=9 24 24 21 21 24
split_gain=0.342869 2.13375 1.56888 1.38734 1.40755 1.25804
threshold=1.0947036147117617 2.3228778839111333 4.5174303054809579 -0.24271505326032636 -0.022723059169948098 1.8908402323722842
decision_type=2 2 2 2 2 2
left_child=1 5 -3 -2 -5 -1
right_child=3 2 -4 4 -6 -7
leaf_value=-0.0015705599302155912 0.13018828499846732 -0.21673498069414976 -0.028380149797380651 -0.13148776222899422 0.018766075434482093 0.10602281496345316
leaf_weight=264.85555462248158 6.3109657987952223 4.9756002535577846 6.5280665280297399 4.4345616102218619 38.871218474698253 7.1250717313960186
leaf_count=1579 20 79 89 27 241 39
internal_value=0.000131222 -0.00326043 -0.109854 0.0195092 0.00337846 0.00124826
internal_weight=333.101 283.484 11.5037 49.6167 43.3058 271.981
internal_count=2074 1786 168 288 268 1618
is_linear=0
shrinkage=0.252688


Tree=413
num_leaves=8
num_cat=0
split_feature=19 19 16 16 1 5 7
split_gain=0.417293 1.40201 1.30953 2.89744 1.13566 0.893209 0.839943
threshold=-0.048932828009128564 -0.1178610362112522 1.1058323979377749 0.67822262644767772 -0.67749565839767445 0.37124939262866979 -0.10937428101897238
decision_type=2 2 2 2 2 2 2
left_child=1 5 3 -2 -4 -1 -3
right_child=2 6 4 -5 -6 -7 -8
leaf_value=0.007617282926184292 -0.011296507241101091 0.030346441810326336 0.027643818974631272 0.11153555167723726 -0.12209098689725026 -0.10357663886678727 0.17229940705794994
leaf_weight=114.94908963720081 147.9810214554891 5.5208651022985578 4.5879700910300025 13.369242637418209 10.959275963716205 4.8050569226033977 5.1389104146510345
leaf_count=837 902 42 47 96 63 41 46
internal_value=0.00012761 0.0109722 -0.00786735 -0.00111849 -0.0779049 0.00315525 0.098785
internal_weight=307.311 130.414 176.898 161.35 15.5472 119.754 10.6598
internal_count=2074 966 1108 998 110 878 88
is_linear=0
shrinkage=0.252688


Tree=414
num_leaves=7
num_cat=0
split_feature=12 6 4 8 20 2
split_gain=0.471094 1.76342 1.51584 1.34681 2.08895 0.0129918
threshold=-0.18155469745397565 1.3063456416130068 -0.39667810499668116 -1.4979361295700071 -0.93085792660713185 -0.66352301836013783
decision_type=2 2 2 2 2 2
left_child=1 2 -1 5 -5 -2
right_child=3 -3 -4 4 -6 -7
leaf_value=0.032797441383612957 -0.22705195108371812 -0.20903101874836424 -0.027944519375574673 0.15501442731291828 0.0051061518699361749 -0.18430293591804742
leaf_weight=39.407540274085477 0.77623554319143284 2.8425004780292502 78.463877466041595 6.1415944113396099 176.30962023118263 1.1640030663693313
leaf_count=256 2 12 529 57 1191 27
internal_value=-0.000108342 -0.01238 -0.0076368 0.00792546 0.0101527 -0.201463
internal_weight=305.105 120.714 117.871 184.391 182.451 1.94024
internal_count=2074 797 785 1277 1248 29
is_linear=0
shrinkage=0.252688


Tree=415
num_leaves=8
num_cat=0
split_feature=5 10 7 7 8 13 19
split_gain=0.326542 1.80813 1.20258 3.28036 1.51626 1.06827 0.0212513
threshold=0.46964865922927862 -0.46938240528106684 0.68464031815528881 0.41263797879219061 0.024640317074954513 -0.6461987793445586 0.56976673007011425
decision_type=2 2 2 2 2 2 2
left_child=2 6 3 -1 -4 -3 -2
right_child=1 5 4 -5 -6 -7 -8
leaf_value=0.0056757846567166616 -0.19056285756218311 0.045869223190447957 -0.061191614170489912 -0.1350039455164917 0.084214830310765418 -0.021474355886987585 -0.23513356849836894
leaf_weight=200.82069500733633 1.3503589779138558 19.266613800544292 5.775233656633648 11.171701605431734 22.100733373779804 68.556720516178757 1.4329319782555101
leaf_count=1262 20 84 44 130 102 423 9
internal_value=-0.000131901 -0.0130557 0.00474988 -0.00173815 0.0540895 -0.00670037 -0.21355
internal_weight=330.475 90.6066 239.868 211.992 27.876 87.8233 2.78329
internal_count=2074 536 1538 1392 146 507 29
is_linear=0
shrinkage=0.252688


Tree=416
num_leaves=8
num_cat=0
split_feature=1 18 21 6 16 16 1
split_gain=0.394035 1.07723 1.54649 1.07745 0.644551 2.01778 1.61803
threshold=0.96104153990745556 0.65203070640563976 0.19166566431522372 1.0437636375427248 1.1058323979377749 0.84800541400909435 -0.31381061673164362
decision_type=2 2 2 2 2 2 2
left_child=4 3 -3 -2 5 -1 -6
right_child=1 2 -4 -5 6 -7 -8
leaf_value=-0.0044429607774105631 -0.16134706555812267 0.22744959116620869 0.027956921993360251 0.082127704277040692 0.048586436436418669 0.092282595810821086 -0.10239212078880164
leaf_weight=247.69869461539201 3.1652856422588256 2.9607857065275338 15.305421960190868 1.8317600712180135 7.1797358877956894 14.580932235345243 12.290051186457275
leaf_count=1594 30 29 128 13 66 118 96
internal_value=0.000251291 0.0318583 0.0602986 -0.0720973 -0.00235846 0.000934481 -0.0467169
internal_weight=305.013 23.2633 18.2662 4.99705 281.749 262.28 19.4698
internal_count=2074 200 157 43 1874 1712 162
is_linear=0
shrinkage=0.252688


Tree=417
num_leaves=7
num_cat=0
split_feature=11 11 12 12 23 10
split_gain=0.394497 1.36878 1.2392 2.11021 0.853262 0.634567
threshold=-0.61606380343437184 -0.59537398815155018 -0.46992701292037958 -0.38867013156414026 -0.4661372303962707 -0.45946946740150446
decision_type=2 2 2 2 2 2
left_child=2 5 -1 -4 -3 -2
right_child=1 4 3 -5 -6 -7
leaf_value=-0.2011216570709482 0.015116683676872222 -0.08468633070302696 0.32046863087343758 -0.016550799895834706 0.0040662333837865857 0.15822008329748261
leaf_weight=2.2499989196658126 3.1573950909078121 7.1432395111769429 1.2073875311762083 66.210423122160137 217.4524924520374 5.2994042411446554
leaf_count=8 23 60 5 490 1463 25
internal_value=1.37205e-05 0.00500113 -0.0166701 -0.0105126 0.00124327 0.104796
internal_weight=302.72 233.053 69.6678 67.4178 224.596 8.4568
internal_count=2074 1571 503 495 1523 48
is_linear=0
shrinkage=0.252688


Tree=418
num_leaves=7
num_cat=0
split_feature=24 12 1 24 5 5
split_gain=0.341831 1.04927 1.10192 0.554849 0.51584 0.0122645
threshold=-1.8564782142639158 -0.37246672809123987 -0.031696058809757226 -1.6855663061141966 -0.29138095676898951 -0.043095655739307397
decision_type=2 2 2 2 2 2
left_child=1 5 -3 -2 -5 -1
right_child=3 2 -4 4 -6 -7
leaf_value=-0.1766666135533409 0.10639328858764949 -0.068577214079845614 0.045638649784152746 -0.016335471525171747 0.0072899732893509711 -0.22157578268845413
leaf_weight=1.9536784694064411 3.2203987129032603 10.77885466453154 10.793948411708694 80.625478802830912 220.09890717978124 0.49859813880175607
leaf_count=68 16 105 66 549 1264 6
internal_value=-0.000220361 -0.029236 -0.0114295 0.0020732 0.00095587 -0.185844
internal_weight=327.97 24.0251 21.5728 303.945 300.724 2.45228
internal_count=2074 245 171 1829 1813 74
is_linear=0
shrinkage=0.252688


Tree=419
num_leaves=8
num_cat=0
split_feature=19 6 14 23 8 14 8
split_gain=0.386727 1.53458 1.382 0.883238 0.825975 1.63073 0.931712
threshold=-0.38992404937744135 0.40481397509574896 -0.35416664183139795 0.40145595371723181 -0.18067439645528791 -0.36805552244186396 -0.014141931198537348
decision_type=2 2 2 2 2 2 2
left_child=1 3 -3 -1 5 -2 -6
right_child=4 2 -4 -5 6 -7 -8
leaf_value=0.052418408807141909 0.11030287164611098 -0.012326857955288711 -0.18118430800401475 -0.020282450976351105 0.037279547760317791 -0.058225829789006485 -0.0072210630974003922
leaf_weight=45.569849471386988 4.1232243739068499 14.887016462045723 3.9065766194835296 13.931881004944442 37.595868431730196 33.035189900081605 149.49347047600895
leaf_count=328 40 149 41 96 252 181 987
internal_value=0.000225148 0.0155144 -0.047431 0.035396 -0.00511307 -0.039524 0.00172147
internal_weight=302.543 78.2953 18.7936 59.5017 224.248 37.1584 187.089
internal_count=2074 614 190 424 1460 221 1239
is_linear=0
shrinkage=0.252688


Tree=420
num_leaves=7
num_cat=0
split_feature=12 6 24 12 10 8
split_gain=0.428651 1.41691 1.53006 1.18863 1.86696 0.990111
threshold=-0.18155469745397565 1.3063456416130068 6.46960473060608 -0.1150824762880802 0.28340676426887518 -1.4979361295700071
decision_type=2 2 2 2 2 2
left_child=1 2 -1 4 -2 -5
right_child=3 -3 -4 5 -6 -7
leaf_value=-0.011723177929432518 0.01907300472045419 -0.20141438227038211 0.20998665797375551 -0.19580663539088361 0.21964387420503759 0.0035575913476010158
leaf_weight=114.29849895113148 10.196368787437676 2.4658164493739596 2.0221493579447261 1.6054493887349952 4.1767629221430971 165.99026795358077
leaf_count=767 69 12 18 27 19 1162
internal_value=-7.94626e-05 -0.0118866 -0.00786797 0.00762804 0.077364 0.0016472
internal_weight=300.755 118.786 116.321 181.969 14.3731 167.596
internal_count=2074 797 785 1277 88 1189
is_linear=0
shrinkage=0.252688


Tree=421
num_leaves=8
num_cat=0
split_feature=10 9 4 10 18 16 18
split_gain=0.338113 1.3028 1.88713 1.23953 0.922065 2.17493 1.16522
threshold=-0.24402727186679837 -0.24302295595407483 -1.6558450460433958 -0.30172300338745112 0.25466518104076391 -0.2044902294874191 0.22228306531906131
decision_type=2 2 2 2 2 2 2
left_child=1 2 -1 -3 6 -6 -2
right_child=4 3 -4 -5 5 -7 -8
leaf_value=-0.22281237456484845 0.00016286583605446464 0.019557794197421357 -0.0079477118578755741 0.11664764065808257 -0.22908715663077633 -0.02135403575085551 0.13196409302162576
leaf_weight=2.7325440719723693 131.42773968540132 62.449695579707623 57.960771887097508 9.699840569868682 3.4210695074871174 54.118604044720996 4.4266237188130608
leaf_count=26 796 395 309 43 38 445 22
internal_value=-0.000155048 0.00966018 -0.0176233 0.0326114 -0.00689717 -0.033707 0.00445793
internal_weight=326.237 132.843 60.6933 72.1495 193.394 57.5397 135.854
internal_count=2074 773 335 438 1301 483 818
is_linear=0
shrinkage=0.252688


Tree=422
num_leaves=8
num_cat=0
split_feature=10 8 3 11 4 17 10
split_gain=0.375372 1.10676 1.4214 1.07117 0.743619 1.51707 1.07001
threshold=0.90055882930755626 0.25071121007204061 -1.282146632671356 -0.29425467550754542 1.62702351808548 1.2320468425750735 0.83535388112068187
decision_type=2 2 2 2 2 2 2
left_child=4 2 -2 -3 6 -6 -1
right_child=1 3 -4 -5 5 -7 -8
leaf_value=-0.00082845158855500303 0.025570888674261598 0.22016625143937396 -0.13653470920028979 -0.0037947512185314263 0.1117224145768911 -0.096768384711379052 0.16467764064439952
leaf_weight=240.34165631281212 5.4393377816304556 1.4313146099448228 9.4598351912572962 28.601253102999181 9.7050354676321131 2.8921451251953831 2.5198218785226336
leaf_count=1587 56 13 70 229 83 17 19
internal_value=0.000247953 -0.0210507 -0.0773549 0.00688259 0.00399415 0.0638535 0.000889114
internal_weight=300.39 44.9317 14.8992 30.0326 255.459 12.5972 242.861
internal_count=2074 368 126 242 1706 100 1606
is_linear=0
shrinkage=0.252688


Tree=423
num_leaves=8
num_cat=0
split_feature=20 9 7 14 14 9 20
split_gain=0.403796 2.06742 1.42825 1.42204 1.25446 1.22635 0.655319
threshold=0.593804031610489 -0.58497241139411915 -0.0075039195362478486 1.5486110448837282 -1.0763888359069822 -0.83673954010009755 -0.8964998424053191
decision_type=2 2 2 2 2 2 2
left_child=3 5 -3 4 -1 -2 -5
right_child=1 2 -4 6 -6 -7 -8
leaf_value=-0.13084827778377545 -0.053484039238158421 0.067985046050527645 -0.017803130979998118 0.029207050457376985 0.00055656258811995088 0.16919994388240406 -0.17796181621291296
leaf_weight=4.7456418056972316 1.979773476719856 15.74412094929721 58.180531384656206 1.2570153474807737 205.01848229626921 7.7972558694891614 4.3416151455603531
leaf_count=46 15 97 403 5 1421 45 42
internal_value=1.7172e-05 0.0149108 0.000467964 -0.00577131 -0.00241662 0.124108 -0.131449
internal_weight=299.064 83.7017 73.9247 215.363 209.764 9.77703 5.59863
internal_count=2074 560 500 1514 1467 60 47
is_linear=0
shrinkage=0.252688


Tree=424
num_leaves=7
num_cat=0
split_feature=3 21 20 21 24 23
split_gain=0.354892 0.656008 0.543461 1.58454 0.375196 0.00213004
threshold=-1.7130728960037229 3.1994150876998906 -2.5909008979797359 1.3939296007156374 -1.4892950654029844 0.066219005733728423
decision_type=2 2 2 2 2 2
left_child=1 5 3 -2 -4 -1
right_child=2 -3 4 -5 -6 -7
leaf_value=-0.1768144421582527 -0.01803029258069264 0.076512633822420073 -0.028085499575717446 0.22494783138108387 0.0017797464087824179 -0.19612650030794582
leaf_weight=1.0403173115337261 4.8524980423389925 0.95323263853788365 29.662266035855282 2.6487697809934616 284.19136997358873 0.6876238950062542
leaf_count=42 47 4 268 11 1694 8
internal_value=-0.000200222 -0.0917427 0.000563694 0.0677772 -0.00104285 -0.184558
internal_weight=324.036 2.68117 321.355 7.50127 313.854 1.72794
internal_count=2074 54 2020 58 1962 50
is_linear=0
shrinkage=0.252688


Tree=425
num_leaves=5
num_cat=0
split_feature=7 8 20 17
split_gain=0.421046 0.375626 0.748915 0.528262
threshold=1.6332325935363772 9.7020187377929705 6.2816896438598642 3.8942382335662846
decision_type=2 2 2 2
left_child=1 2 -1 -3
right_child=-2 3 -4 -5
leaf_value=0.0011224502949467761 -0.11768826956895936 0.20455401110356772 -0.12129706817796966 0.020499826527398464
leaf_weight=288.18677138525527 1.921460673213004 1.3466693516820658 3.2259953618049613 3.8168194396421313
leaf_count=1971 8 17 40 38
internal_value=0.000200142 0.000964132 -0.00023297 0.0685186
internal_weight=298.498 296.576 291.413 5.16349
internal_count=2074 2066 2011 55
is_linear=0
shrinkage=0.252688


Tree=426
num_leaves=7
num_cat=0
split_feature=19 23 17 19 19 16
split_gain=0.345773 1.07714 1.67662 1.51529 0.92164 0.600672
threshold=-0.032874543219804757 -0.46029926836490626 -0.21033404767513272 -0.068404082208871828 -0.019945944659411904 -0.89194950461387623
decision_type=2 2 2 2 2 2
left_child=1 2 -1 -3 -2 -6
right_child=4 3 -4 -5 5 -7
leaf_value=-0.097548333797789141 0.15474674634710561 0.0035984439473199172 0.21249728993944331 -0.16948693965645184 -0.096674011359061882 0.0074223581088502539
leaf_weight=14.035115587525068 2.6712512085214248 110.9224259579496 1.2091447953134764 3.3258859491907051 3.6182779958471647 161.39415610418655
leaf_count=179 16 758 10 35 28 1048
internal_value=-5.11432e-05 -0.00985947 -0.0729495 -0.001441 0.00752327 0.00513949
internal_weight=297.176 129.493 15.2443 114.248 167.684 165.012
internal_count=2074 982 189 793 1092 1076
is_linear=0
shrinkage=0.252688


Tree=427
num_leaves=7
num_cat=0
split_feature=7 7 4 7 5 1
split_gain=0.337554 1.01049 0.877263 0.849163 0.400116 0.00780898
threshold=-1.2097107172012327 -1.3090813755989072 -2.2395718097686763 -1.1587916016578672 -1.5869712829589842 0.71440574526786815
decision_type=2 2 2 2 2 2
left_child=1 2 -1 -2 -5 -3
right_child=3 5 -4 4 -6 -7
leaf_value=0.23259552776932782 0.13576904299426401 -0.22162027121992869 -0.033445202752815491 -0.082529756103787724 0.0011566200154825008 -0.18946859521546625
leaf_weight=0.88104691728949447 2.9761111093685022 0.87831453606486265 7.7374503468163303 3.6914866180159143 305.44681226165267 1.1810572822578249
leaf_count=2 18 8 97 52 1878 19
internal_value=-6.09358e-05 -0.0442381 -0.00623579 0.00145049 0.000157159 -0.203235
internal_weight=322.792 10.6779 8.6185 312.114 309.138 2.05937
internal_count=2074 126 99 1948 1930 27
is_linear=0
shrinkage=0.252688


Tree=428
num_leaves=4
num_cat=0
split_feature=15 9 1
split_gain=0.47553 0.417216 0.396488
threshold=-0.61191478371620167 -1.0215492248535154 -2.0647237300872798
decision_type=2 2 2
left_child=-1 -2 -3
right_child=1 2 -4
leaf_value=-0.17978442086389534 0.10829016967782293 -0.057315356389066888 0.0013559712420666754
leaf_weight=0.93467657268047233 2.282469753175973 7.5476588107412672 286.44136264704866
leaf_count=9 17 72 1976
internal_value=0.000117324 0.000685202 -0.000150409
internal_weight=297.206 296.271 293.989
internal_count=2074 2065 2048
is_linear=0
shrinkage=0.252688


Tree=429
num_leaves=7
num_cat=0
split_feature=10 8 3 2 2 2
split_gain=0.385773 0.746349 0.999291 0.601647 1.44368 0.954805
threshold=-0.76233309507369984 -0.28882873058319086 0.061182133853435523 -0.89512509107589711 -1.1949508786201475 -0.76330593228340138
decision_type=2 2 2 2 2 2
left_child=1 -1 -3 4 -2 -5
right_child=3 2 -4 5 -6 -7
leaf_value=0.084032335408691025 0.006032217514226096 -0.11489711340430601 0.06342120362454827 -0.094120719101199221 0.11708314215586614 -0.00042667525365481103
leaf_weight=2.4372623413801184 37.762567198835313 8.1119483194779587 2.6657083951868108 7.1619329578243187 9.3189293030882236 228.52428071000395
leaf_count=18 223 86 40 53 75 1579
internal_value=-3.66355e-05 -0.0422345 -0.0707914 0.00193552 0.0280138 -0.00327402
internal_weight=295.983 13.2149 10.7777 282.768 47.0815 235.686
internal_count=2074 144 126 1930 298 1632
is_linear=0
shrinkage=0.252688


Tree=430
num_leaves=5
num_cat=0
split_feature=8 10 10 24
split_gain=0.304715 0.7536 0.831433 0.387916
threshold=13.693320751190187 1.9999334216117861 2.2861287593841557 3.24232029914856
decision_type=2 2 2 2
left_child=1 3 -3 -1
right_child=-2 2 -4 -5
leaf_value=0.00217737453344076 0.072986836034639749 -0.20366949875413209 0.0036615090821632708 -0.054186327506465418
leaf_weight=305.34608361800201 3.613073398359119 2.4393324842676511 2.5008371982257813 8.0003914500121009
leaf_count=1877 24 34 22 117
internal_value=2.26542e-05 -0.000805724 -0.0987239 0.000738198
internal_weight=321.9 318.287 4.94017 313.346
internal_count=2074 2050 56 1994
is_linear=0
shrinkage=0.252688


Tree=431
num_leaves=8
num_cat=0
split_feature=2 14 12 5 12 2 3
split_gain=0.397235 0.898059 1.44004 0.629744 0.616163 1.60595 0.827244
threshold=-1.1777715682983396 1.0486110448837282 -0.53142458200454701 -1.2082955837249754 1.0246115922927859 0.45712885260581976 0.27273608744144445
decision_type=2 2 2 2 2 2 2
left_child=1 3 -3 -1 6 -6 -2
right_child=4 2 -4 -5 5 -7 -8
leaf_value=0.20489951643141174 0.0068950230192558488 -0.024371975836246278 0.25109080595735506 -0.051896578520695756 0.016889205103828485 0.20048294783305146 -0.028610246122965824
leaf_weight=0.62395915016532555 167.7815433985088 3.6720952345058322 1.807977832853793 25.87360208039172 37.343410898465663 3.3114917460479765 55.846397446934134
leaf_count=11 1105 24 12 214 305 33 370
internal_value=1.1982e-05 -0.0265878 0.0665235 -0.0458456 0.00323055 0.031846 -0.00197172
internal_weight=296.26 31.9776 5.48007 26.4976 264.283 40.6549 223.628
internal_count=2074 261 36 225 1813 338 1475
is_linear=0
shrinkage=0.252688


Tree=432
num_leaves=6
num_cat=0
split_feature=20 21 9 4 20
split_gain=0.340375 0.592963 0.384075 1.21034 0.869138
threshold=-3.5437908172607417 1.0419643521308901 0.2906180620193482 -0.83752316236495961 0.593804031610489
decision_type=2 2 2 2 2
left_child=1 -1 4 -4 -2
right_child=2 -3 3 -5 -6
leaf_value=0.029509381194118812 -0.016954575989679574 -0.20875397282514244 -0.056296617262576017 0.024458069203257639 0.020275880967315415
leaf_weight=1.3303228095755906 134.60879593237769 1.3366498299874363 13.727485594014068 86.651807067333721 56.985913432319649
leaf_count=14 976 13 109 596 366
internal_value=-6.8398e-05 -0.0899221 0.000752507 0.0134141 -0.00588111
internal_weight=294.641 2.66697 291.974 100.379 191.595
internal_count=2074 27 2047 705 1342
is_linear=0
shrinkage=0.252688


Tree=433
num_leaves=5
num_cat=0
split_feature=16 5 0 5
split_gain=0.513051 0.31399 2.00285 0.589004
threshold=-0.92156407237052906 -1.1328921914100645 1.0000000180025095e-35 -0.85884380340576161
decision_type=2 2 2 2
left_child=-1 2 -2 -3
right_child=1 3 -4 -5
leaf_value=-0.18856267277608987 0.055519787267211775 -0.069562304866057828 -0.2017694938765715 0.00019055688990912521
leaf_weight=0.91894699446856876 19.409585920453541 7.9409087595995507 2.1448596306145182 289.91052393769496
leaf_count=18 154 89 26 1787
internal_value=-8.05032e-05 0.000462076 0.0299128 -0.00166921
internal_weight=320.325 319.406 21.5544 297.851
internal_count=2074 2056 180 1876
is_linear=0
shrinkage=0.252688


Tree=434
num_leaves=5
num_cat=0
split_feature=1 3 2 12
split_gain=0.348965 0.345976 0.497382 0.488722
threshold=-2.2955566644668575 1.4310742616653445 -0.36267860233783716 4.2228784561157235
decision_type=2 2 2 2
left_child=-1 3 -3 -2
right_child=1 2 -4 -5
leaf_value=-0.10796370386603579 -0.00049828639878832009 -0.15502664793497795 0.028377853399686463 0.047734691902616373
leaf_weight=1.8932984945131455 274.76999206535402 2.1512047313153748 1.6820483775809396 14.101396759040652
leaf_count=18 1901 20 12 123
internal_value=0.000155945 0.000855493 -0.0745548 0.00185631
internal_weight=294.598 292.705 3.83325 288.871
internal_count=2074 2056 32 2024
is_linear=0
shrinkage=0.252688


Tree=435
num_leaves=6
num_cat=0
split_feature=15 15 21 11 11
split_gain=0.385545 1.1365 1.03642 1.07872 0.67144
threshold=2.01805591583252 1.9238811731338503 -0.65396240353584278 0.98287484049797069 0.7253674864768983
decision_type=2 2 2 2 2
left_child=1 4 -2 -4 -1
right_child=2 -3 3 -5 -6
leaf_value=-0.00097844924328811984 0.14350313893518446 0.18450636133939025 -0.14851699106180266 -0.015388959394444263 0.072875772999043631
leaf_weight=260.3361339299081 1.9819736285135174 2.1778704840689889 5.1235989599954364 16.088758328929543 8.1042188424617034
leaf_count=1799 12 16 53 151 43
internal_value=4.6691e-05 0.0027265 -0.0312191 -0.0475475 0.00125134
internal_weight=293.813 270.618 23.1943 21.2124 268.44
internal_count=2074 1858 216 204 1842
is_linear=0
shrinkage=0.252688


Tree=436
num_leaves=7
num_cat=0
split_feature=12 11 23 12 21 16
split_gain=0.321184 0.962933 1.14758 0.693634 1.84359 0.447556
threshold=-0.46992701292037958 -0.61606380343437184 0.049117410555481918 -0.41263267397880549 -0.18664074689149854 1.0929128527641299
decision_type=2 2 2 2 2 2
left_child=1 -1 -3 4 -2 -5
right_child=3 2 -4 5 -6 -7
leaf_value=0.15259724632113456 -0.21386676191526668 -0.2099764578461987 0.01731736614545254 -0.0044082120528849897 0.01776445798925139 0.030171405469967306
leaf_weight=3.2283462136983863 3.5627754614688456 1.4686314887367178 40.996931841829792 237.88374399754684 5.7092439997941238 26.567375743092271
leaf_count=8 33 27 290 1486 39 191
internal_value=-4.22498e-05 0.019569 0.00945408 -0.00331609 -0.0712469 -0.000934205
internal_weight=319.417 45.6939 42.4656 273.723 9.27202 264.451
internal_count=2074 325 317 1749 72 1677
is_linear=0
shrinkage=0.252688


Tree=437
num_leaves=6
num_cat=0
split_feature=15 17 15 11 2
split_gain=0.36501 1.68409 1.711 1.41711 1.17623
threshold=-0.44153791666030878 -0.36881996691226954 -0.43470741808414454 -0.46491746604442591 0.34794615209102636
decision_type=2 2 2 2 2
left_child=3 -2 -3 4 -1
right_child=1 2 -4 -5 -6
leaf_value=-0.024219871423509138 0.35301120370796918 0.14517879289141331 9.7923176914568611e-05 -0.17980455504530818 0.06341258755711919
leaf_weight=53.12043919210555 0.88336265087127586 5.3156930468976489 219.23979703633813 3.2198467180132857 11.986060332506893
leaf_count=356 4 32 1569 16 97
internal_value=-7.54568e-07 0.00490286 0.00353263 -0.0161799 -0.00808639
internal_weight=293.765 225.439 224.555 68.3263 65.1065
internal_count=2074 1605 1601 469 453
is_linear=0
shrinkage=0.252688


Tree=438
num_leaves=8
num_cat=0
split_feature=12 21 3 12 19 24 1
split_gain=0.340899 1.78939 1.69586 1.53282 1.35434 1.01599 0.413883
threshold=-0.29703865945339197 1.6977474689483645 0.7857116460800172 -0.28061693906784052 0.10342597588896753 4.9866347312927255 0.76093080639839183
decision_type=2 2 2 2 2 2 2
left_child=1 2 -1 4 -2 -5 -3
right_child=3 6 -4 5 -6 -7 -8
leaf_value=-0.028651470073617021 0.2227048393403539 0.25918949688516746 0.20477083463814411 0.0039235759740584948 -0.0087375390108752581 -0.12414276311235238 0.078861589392582504
leaf_weight=72.600747030344792 3.8225617855787268 1.6286870725452893 2.0427580904215565 203.70762850352548 2.7943195477128029 4.0331617388874283 1.6229128660634158
leaf_count=514 19 8 20 1414 21 55 23
internal_value=4.82039e-05 -0.0142681 -0.022262 0.0052506 0.124973 0.00143693 0.169214
internal_weight=292.253 77.8951 74.6435 214.358 6.61688 207.741 3.2516
internal_count=2074 565 534 1509 40 1469 31
is_linear=0
shrinkage=0.252688


Tree=439
num_leaves=7
num_cat=0
split_feature=7 21 21 7 2 21
split_gain=0.316614 1.52891 2.33981 0.558955 0.381644 0.0590584
threshold=-1.2097107172012327 0.54044088721275341 0.88911902904510509 -1.1587916016578672 0.76490977406501781 0.48377609252929693
decision_type=2 2 2 2 2 2
left_child=1 5 -3 -2 -5 -1
right_child=3 2 -4 4 -6 -7
leaf_value=-0.18228654585018328 0.1118235835246132 0.1537759873506663 -0.12832670040885905 -0.00099569080551436141 0.057679539797791134 -0.26828718743426971
leaf_weight=2.1174621055833982 2.9016155120916656 3.8373298740480095 3.6743572872364894 297.32495049934369 7.2501996719802255 0.676228149794042
leaf_count=49 18 18 51 1869 61 8
internal_value=-7.42394e-06 -0.0435734 0.0157854 0.0014528 0.000401125 -0.203151
internal_weight=317.782 10.3054 7.51169 307.477 304.575 2.79369
internal_count=2074 126 69 1948 1930 57
is_linear=0
shrinkage=0.252688


Tree=440
num_leaves=8
num_cat=0
split_feature=1 13 21 13 1 11 8
split_gain=0.344869 1.32513 1.26135 1.02806 0.500183 3.37407 0.777488
threshold=0.96104153990745556 0.26608186960220342 0.42507880926132208 0.71052628755569469 0.20901288092136386 -0.64071163535118092 -0.17552258074283597
decision_type=2 2 2 2 2 2 2
left_child=4 2 -2 -3 6 -6 -1
right_child=1 3 -4 -5 5 -7 -8
leaf_value=-0.019361068372303808 0.20614703925932859 -0.097263095075931283 0.032876811439185083 0.13473872941205373 0.19635981711545958 -0.029528278454938658 0.016250948443064017
leaf_weight=57.10860929498449 3.565234947018328 6.3920477945357552 10.83232672215672 1.5065827444195745 4.4457188681699327 83.778975509107113 124.43756554630818
leaf_count=401 32 55 100 13 42 542 889
internal_value=-4.01525e-05 0.0301626 0.0757894 -0.0530049 -0.00253643 -0.0181445 0.00504852
internal_weight=292.067 22.2962 14.3976 7.89863 269.771 88.2247 181.546
internal_count=2074 200 132 68 1874 584 1290
is_linear=0
shrinkage=0.252688


Tree=441
num_leaves=7
num_cat=0
split_feature=13 8 18 20 13 13
split_gain=0.322107 1.41763 2.34077 1.72617 1.27195 0.360964
threshold=-0.89181277155876149 0.56666100025177013 1.0279912352561953 0.14265734702348712 -0.87426894903182972 -0.48830406367778773
decision_type=2 2 2 2 2 2
left_child=1 3 -3 -1 -2 -6
right_child=4 2 -4 -5 5 -7
leaf_value=-0.0033799672724553515 0.18572141962652292 -0.090535852941932449 0.15370232271838866 -0.16514622199102838 0.022794312896164421 -0.002999276022415748
leaf_weight=10.262540261473992 2.4038930870592585 4.3922309093177301 5.8315490707755089 7.1432827906683078 41.162090444478963 218.70420767570613
leaf_count=59 14 21 32 87 264 1597
internal_value=4.52118e-05 -0.0259051 0.0487759 -0.0697713 0.00277908 0.00108639
internal_weight=289.9 27.6296 10.2238 17.4058 262.27 259.866
internal_count=2074 199 53 146 1875 1861
is_linear=0
shrinkage=0.252688


Tree=442
num_leaves=8
num_cat=0
split_feature=18 18 19 21 12 21 12
split_gain=0.262465 1.03844 0.991458 0.318029 1.61876 1.06325 0.00279752
threshold=1.5439078211784365 1.7442370653152468 0.28354707360267645 -0.7139349877834319 -0.37502494454383845 -0.70332953333854664 -0.2657861709594726
decision_type=2 2 2 2 2 2 2
left_child=3 6 -3 4 -1 -5 -2
right_child=1 2 -4 5 -6 -7 -8
leaf_value=-0.21630916338266298 -0.18771188877242931 -0.038366787868822784 0.19588878013241631 0.19010942217519869 -0.0066817434135848768 0.0031635931193621852 -0.20729509786877573
leaf_weight=2.4982844814658156 1.2796579296700659 6.7850709789781813 1.389393016695976 1.9565858263522375 40.061734932474792 261.04757772525772 0.87496935622766514
leaf_count=22 25 82 5 7 210 1713 10
internal_value=-6.37923e-05 -0.0396787 0.00145896 0.00127538 -0.0189895 0.00455474 -0.195714
internal_weight=315.893 10.3291 8.17446 305.564 42.56 263.004 2.15463
internal_count=2074 122 87 1952 232 1720 35
is_linear=0
shrinkage=0.252688


Tree=443
num_leaves=8
num_cat=0
split_feature=10 8 20 3 3 16 6
split_gain=0.343069 0.629392 0.826099 0.770611 0.469471 0.953763 0.899982
threshold=1.0696959495544436 0.25071121007204061 1.8662975430488589 -1.282146632671356 0.94336631894111644 1.8220110535621645 1.2231946587562563
decision_type=2 2 2 2 2 2 2
left_child=4 3 -3 -2 5 -1 -6
right_child=1 2 -4 -5 6 -7 -8
leaf_value=0.0004487088245013348 -0.00066671670797619929 0.099575099422055557 -0.022067265439774976 -0.13964203538320438 -0.00033547170109069808 0.17032054623842882 0.24397191551383257
leaf_weight=247.47613638220355 4.7021586252376437 4.2678454616107073 21.624742680229247 5.5593932373449189 2.6865618248702949 2.1280320432852013 1.4999909847974775
leaf_count=1677 55 36 178 51 22 36 19
internal_value=2.42917e-05 -0.0230046 -0.00201542 -0.0759627 0.00330495 0.00189734 0.0872163
internal_weight=289.945 36.1541 25.8926 10.2616 253.791 249.604 4.18655
internal_count=2074 320 214 106 1754 1713 41
is_linear=0
shrinkage=0.252688


Tree=444
num_leaves=5
num_cat=0
split_feature=3 8 21 24
split_gain=0.2979 0.401855 0.870813 0.729391
threshold=1.5388656258583071 3.5369168519973759 -0.62836474180221547 -11.710699558258055
decision_type=2 2 2 2
left_child=1 3 -3 -1
right_child=-2 2 -4 -5
leaf_value=0.15216447616994166 0.097223086928126437 0.21328941666133014 -0.047599229260091219 0.00070404487824981307
leaf_weight=2.0452934521017587 1.998073405586182 0.8544801995158221 18.345672346651554 265.23404895567182
leaf_count=24 16 4 149 1881
internal_value=5.02863e-06 -0.000673199 -0.0359831 0.00186336
internal_weight=288.478 286.479 19.2002 267.279
internal_count=2074 2058 153 1905
is_linear=0
shrinkage=0.252688


Tree=445
num_leaves=8
num_cat=0
split_feature=7 7 4 7 21 7 17
split_gain=0.290764 0.852514 0.751973 0.744474 0.789776 0.631638 0.325611
threshold=1.0309869647026064 0.94584134221076976 3.8190512657165532 1.1159803271293642 0.44800242781639105 0.89772677421569835 -0.39008536934852595
decision_type=2 2 2 2 2 2 2
left_child=1 5 -3 6 -5 -1 -2
right_child=3 2 -4 4 -6 -7 -8
leaf_value=-0.0023866071441697567 0.16101705944362776 -0.22641092825100606 -0.016598056262674164 0.034658193670973586 -0.056241827038829482 0.097663948512143051 0.054266827674933626
leaf_weight=270.90542376358644 2.5355996936559677 2.0195570564828804 2.3709630388766527 15.996605653781446 9.8670336958020908 4.0893027316778889 6.5054173860698921
leaf_count=1866 10 26 14 59 45 24 30
internal_value=5.41823e-05 -0.00266245 -0.113124 0.0217985 -2.07454e-05 -0.000898618 0.0842133
internal_weight=314.29 279.385 4.39052 34.9047 25.8636 274.995 9.04102
internal_count=2074 1930 40 144 104 1890 40
is_linear=0
shrinkage=0.252688


Tree=446
num_leaves=7
num_cat=0
split_feature=10 24 8 2 8 2
split_gain=0.341005 1.01216 1.20088 0.507212 1.08395 0.629863
threshold=-0.84899231791496266 -0.18172465264797208 -0.17771297693252561 -1.1777715682983396 -0.42947210371494288 -0.94950577616691578
decision_type=2 2 2 2 2 2
left_child=1 -1 -3 4 -2 -5
right_child=3 2 -4 5 -6 -7
leaf_value=0.21056336170796644 0.25149612587639952 -0.0731197057874894 0.0936763817491965 0.074973956974625333 -0.042550816564831846 -0.00049836553728059747
leaf_weight=1.8961266539990891 0.82396396994591015 5.4827102720737448 5.5409956667572251 7.2743443939834824 27.481011666997802 239.67814785803785
leaf_count=14 6 26 32 58 238 1700
internal_value=-6.41308e-05 0.0400564 0.0107196 -0.00194736 -0.0339865 0.00172493
internal_weight=288.177 12.9198 11.0237 275.257 28.305 246.952
internal_count=2074 72 58 2002 244 1758
is_linear=0
shrinkage=0.252688


Tree=447
num_leaves=5
num_cat=0
split_feature=8 11 15 2
split_gain=0.323918 0.332897 0.480375 0.280168
threshold=-3.7991987466812129 -1.3154522180557249 -0.57107892632484425 0.59311631321907055
decision_type=2 2 2 2
left_child=3 -2 -3 -1
right_child=1 2 -4 -5
leaf_value=-0.013001747429977294 -0.17315015204733031 0.073259134729104947 -0.00024691423330462826 -0.19650477751526213
leaf_weight=1.1480988804250949 0.70005087228491802 5.79419364593923 278.94012964724425 0.98841663822531689
leaf_count=18 27 27 1993 9
internal_value=8.7159e-05 0.000820971 0.00124902 -0.097924
internal_weight=287.571 285.434 284.734 2.13652
internal_count=2074 2047 2020 27
is_linear=0
shrinkage=0.252688


Tree=448
num_leaves=7
num_cat=0
split_feature=9 9 7 23 15 9
split_gain=0.30701 1.65479 1.26335 0.731597 1.03858 0.675786
threshold=-0.69837439060211171 -0.72513332962989796 -0.0075039195362478486 -0.54984304308891285 -0.59412834048271168 -0.5278005301952361
decision_type=2 2 2 2 2 2
left_child=1 2 -1 4 -2 -5
right_child=3 -3 -4 5 -6 -7
leaf_value=0.037845606126544751 -0.0094763363297961922 0.1344294275440103 -0.066946629746040848 -0.032994753575660972 -0.2063051930773202 0.0042832339395711934
leaf_weight=18.651266159955416 4.6890576388686895 6.7856364902108899 12.117779868189244 35.84983090357855 2.6953406564425668 231.93408119888045
leaf_count=110 30 24 79 198 29 1604
internal_value=5.37556e-05 0.0214849 -0.00342514 -0.00287117 -0.0813296 -0.000707443
internal_weight=312.723 37.5547 30.769 275.168 7.3844 267.784
internal_count=2074 213 189 1861 59 1802
is_linear=0
shrinkage=0.252688


Tree=449
num_leaves=7
num_cat=0
split_feature=5 7 7 7 9 9
split_gain=0.353998 0.46522 1.49413 1.06351 0.316913 0.0344129
threshold=-1.9094588160514829 -0.73561677336692799 -0.77332270145416249 -0.49952119588851923 1.6389029622077944 -0.078276801854372011
decision_type=2 2 2 2 2 2
left_child=4 2 -2 -3 5 -1
right_child=1 3 -4 -5 -6 -7
leaf_value=-0.1066215459179994 0.012073166928022407 -0.053350363260906759 0.19743201082134049 0.0020950664809096095 0.044339813744956075 -0.1758451393310532
leaf_weight=0.78635695576667797 38.712353402748704 24.579300072509795 2.9907511211931697 217.98584897912224 0.77670335769653309 1.1127087259665123
leaf_count=6 301 167 21 1540 12 27
internal_value=-0.00014594 0.000715224 0.0253686 -0.00352336 -0.0916168 -0.14722
internal_weight=286.944 284.268 41.7031 242.565 2.67577 1.89907
internal_count=2074 2029 322 1707 45 33
is_linear=0
shrinkage=0.252688


Tree=450
num_leaves=5
num_cat=0
split_feature=19 12 18 12
split_gain=0.505475 0.34524 1.30056 0.960078
threshold=-1.7712110280990598 -0.18155469745397565 -0.50274431705474842 -0.092089302837848649
decision_type=2 2 2 2
left_child=-1 2 -2 -3
right_child=1 3 -4 -5
leaf_value=-0.19942040956351317 0.13977490963660136 0.060238022759752596 -0.015295561655897183 0.00091233308553978888
leaf_weight=0.80877647548913856 3.5662228455767027 19.636459057161119 108.61638578085694 154.1146455322687
leaf_count=9 22 124 774 1145
internal_value=-2.4616e-06 0.000561964 -0.0103653 0.00761719
internal_weight=286.742 285.934 112.183 173.751
internal_count=2074 2065 796 1269
is_linear=0
shrinkage=0.252688


Tree=451
num_leaves=7
num_cat=0
split_feature=1 19 18 1 13 18
split_gain=0.300841 0.774016 0.476691 0.436154 0.887967 0.5076
threshold=1.1476124525070193 0.30959428846836096 1.0757409334182741 1.0710772871971133 -1.06725138425827 1.2815588116645815
decision_type=2 2 2 2 2 2
left_child=3 2 -2 5 -5 -1
right_child=1 -3 -4 4 -6 -7
leaf_value=0.0025363325198335014 0.087439985836329365 0.13201618198534573 -0.19472840306594835 0.14900129435362286 -0.13427484970211376 -0.047186546539936446
leaf_weight=288.52578016300686 0.6349567025899876 3.3033035807311535 0.95921003320836462 0.87742094974964846 3.619717823341488 13.732697557425125
leaf_count=1843 2 10 28 8 48 135
internal_value=0.000106915 0.0622372 -0.0823481 -0.00088512 -0.0789945 0.000277159
internal_weight=311.653 4.89747 1.59417 306.756 4.49714 302.258
internal_count=2074 40 30 2034 56 1978
is_linear=0
shrinkage=0.252688


Tree=452
num_leaves=5
num_cat=0
split_feature=20 3 17 8
split_gain=0.3662 0.337494 1.06413 0.523194
threshold=-3.7129387855529781 1.1519201993942263 1.3292229175567629 4.3754858970642099
decision_type=2 2 2 2
left_child=-1 3 -3 -2
right_child=1 2 -4 -5
leaf_value=0.13641970277952126 -0.00050000668394604574 -0.12495004094430533 0.034198927089452505 0.081822768390688014
leaf_weight=1.2483102638507251 268.92952947827871 5.3176567852497083 5.4126998521387577 5.020879888907074
leaf_count=18 1888 43 53 72
internal_value=-0.00011406 -0.000713011 -0.0446729 0.00100893
internal_weight=285.929 284.681 10.7304 273.95
internal_count=2074 2056 96 1960
is_linear=0
shrinkage=0.252688


Tree=453
num_leaves=8
num_cat=0
split_feature=10 7 5 24 24 14 2
split_gain=0.412769 0.723482 0.967379 0.414851 1.74552 1.40478 0.125976
threshold=-0.76233309507369984 0.022729379124939445 -0.28114238381385798 0.04046412184834481 1.0000000180025095e-35 1.0486110448837282 -0.17539228498935697
decision_type=2 2 2 2 2 2 2
left_child=1 2 -1 4 -2 -5 -3
right_child=3 6 -4 5 -6 -7 -8
leaf_value=-0.0091885372688757117 -0.00075349033363111416 0.17250350430691982 -0.16607510028237807 0.020853636136393929 -0.12539462556115313 -0.06340896444590062 0.038148198413679897
leaf_weight=6.4471091718878588 130.6546481741243 0.8700681459158659 4.1085108288098118 121.32611774397083 7.5904280967079094 14.100734546780584 0.91367065161466487
leaf_count=60 954 9 58 814 52 110 17
internal_value=0.000101538 -0.0451054 -0.0702581 0.00213993 -0.00759745 0.0120799 0.103716
internal_weight=286.011 12.3394 10.5556 273.672 138.245 135.427 1.78374
internal_count=2074 144 118 1930 1006 924 26
is_linear=0
shrinkage=0.252688


Tree=454
num_leaves=8
num_cat=0
split_feature=2 2 10 13 2 13 13
split_gain=0.281792 1.6016 2.1136 1.44708 1.12423 2.67788 1.03294
threshold=0.11418353021144868 0.17414457350969317 -0.74336761236190785 0.16666663438081744 -0.050013586878776543 0.10818716138601304 -0.89181277155876149
decision_type=2 2 2 2 2 2 2
left_child=4 3 -3 -2 6 -6 -1
right_child=1 2 -4 -5 5 -7 -8
leaf_value=0.064327494863639992 0.12926004619034664 -0.2570404199080939 0.0028616425494798242 -0.033340489696584118 -0.13318478752175397 0.019947291636556268 -0.0044727024940887199
leaf_weight=15.435064475052057 11.940022717230024 2.0366700976155689 103.55495796952164 4.9405753687024108 13.695909988135101 15.592797211604191 143.19368983269669
leaf_count=75 42 16 800 35 109 99 898
internal_value=-2.97996e-05 0.00940121 -0.00215264 0.0816709 -0.00617633 -0.051661 0.00222195
internal_weight=310.39 122.472 105.592 16.8806 187.917 29.2887 158.629
internal_count=2074 893 816 77 1181 208 973
is_linear=0
shrinkage=0.252688


Tree=455
num_leaves=5
num_cat=0
split_feature=7 11 18 10
split_gain=0.330786 0.34904 1.10392 0.7128
threshold=1.6332325935363772 0.41354462504386907 0.35181109607219702 1.4295325279235842
decision_type=2 2 2 2
left_child=1 3 -3 -1
right_child=-2 2 -4 -5
leaf_value=-0.00097081328185278845 -0.10863132871194141 0.0054347502386767298 0.11654617843521395 -0.077839190275403453
leaf_weight=222.20767736760899 1.780360274016856 46.25367088848725 6.5128720639040685 7.9787336047738782
leaf_count=1517 8 404 56 89
internal_value=-6.95046e-05 0.000613771 0.0191501 -0.00363541
internal_weight=284.733 282.953 52.7665 230.186
internal_count=2074 2066 460 1606
is_linear=0
shrinkage=0.252688


Tree=456
num_leaves=6
num_cat=0
split_feature=10 16 10 10 5
split_gain=0.335626 1.47848 1.29082 0.868998 0.541917
threshold=1.5025941729545595 -0.40530443191528315 1.5680126547813418 1.4586469531059267 1.3106144666671755
decision_type=2 2 2 2 2
left_child=3 -2 -3 4 -1
right_child=1 2 -4 -5 -6
leaf_value=0.0010688201900642237 0.24395308429590978 0.19524227696868907 -0.012812655250859752 -0.1712765737064651 -0.061935973845042076
leaf_weight=251.8300154662993 1.8890134976245487 2.1368167530745295 17.443328839028254 1.9298884626477946 9.0287462449632567
leaf_count=1785 16 14 162 8 89
internal_value=0.00011977 0.0304968 0.00989734 -0.00236201 -0.00111199
internal_weight=284.258 21.4692 19.5801 262.789 260.859
internal_count=2074 192 176 1882 1874
is_linear=0
shrinkage=0.252688


Tree=457
num_leaves=7
num_cat=0
split_feature=9 9 3 0 16 3
split_gain=0.314693 1.33744 1.09651 0.752955 1.51401 0.85286
threshold=1.2128003835678103 1.2329859733581545 -0.6862225830554961 -1.0000000180025095e-35 0.40623152256011968 -0.38418330252170557
decision_type=2 2 2 2 2 2
left_child=3 -2 -3 4 -1 -5
right_child=1 2 -4 5 -6 -7
leaf_value=-0.072959339313664842 0.17970380080790718 -0.06922655351389663 0.030555335677733178 -0.039790274481300847 0.0039110180771385269 0.010854718702686401
leaf_weight=26.839385822939221 3.105474315583705 9.1435649185150378 30.443977655901108 24.211800070013851 41.898454193258658 172.4324702816084
leaf_count=276 8 91 165 204 400 930
internal_value=-9.95435e-05 0.0200355 0.00750799 -0.00333879 -0.0261041 0.00461896
internal_weight=308.075 42.693 39.5875 265.382 68.7378 196.644
internal_count=2074 264 256 1810 676 1134
is_linear=0
shrinkage=0.252688


Tree=458
num_leaves=8
num_cat=0
split_feature=8 11 5 10 20 5 2
split_gain=0.311406 1.71292 1.47449 1.33357 1.01572 0.837418 0.384066
threshold=-0.31670975685119623 -0.73087137937545765 -0.64765453338623036 0.27334628999233251 0.38632327318191534 -0.63091200590133656 -1.2629500627517698
decision_type=2 2 2 2 2 2 2
left_child=1 6 4 -3 -2 -4 -1
right_child=2 3 5 -5 -6 -7 -8
leaf_value=0.045811282776088903 -0.14495982334293436 0.034416179250025103 0.25833813253946047 -0.044866791363780724 0.032553131784917866 -0.00083231532867457706 0.21875609304436042
leaf_weight=1.1220487579703329 7.6316089406609517 35.939192403107882 0.79854788864031334 21.740656328562181 2.8179178535938263 210.15043832745869 3.0477305110543957
leaf_count=13 47 304 8 189 23 1455 35
internal_value=-1.19237e-05 0.01584 -0.00444032 0.00453273 -0.0970906 0.000149413 0.17223
internal_weight=283.248 61.8496 221.399 57.6798 10.4495 210.949 4.16978
internal_count=2074 541 1533 493 70 1463 48
is_linear=0
shrinkage=0.252688


Tree=459
num_leaves=8
num_cat=0
split_feature=7 7 20 7 3 5 20
split_gain=0.279651 2.1052 1.59782 1.24937 2.94929 0.915017 0.822423
threshold=0.23959073424339297 0.12629811465740207 0.43544094264507299 0.29169768095016485 0.50157824158668529 -0.41650025546550745 -0.032153033651411526
decision_type=2 2 2 2 2 2 2
left_child=1 2 -1 4 -2 -3 -5
right_child=3 5 -4 6 -6 -7 -8
leaf_value=-0.0086538905783119461 0.16369411448748244 0.064472606008388292 0.061879210440195759 0.066147730586546216 -0.1251362232071915 -0.12503411029614403 -0.0077720110702359747
leaf_weight=136.66274622147466 8.6250161118114175 1.8758900616376202 24.127391723217443 10.834542624579624 3.0570958051830521 12.239294890001471 85.028051763656549
leaf_count=1009 48 17 154 131 16 94 605
internal_value=-4.9089e-05 -0.00628377 0.00193013 0.0100907 0.0881076 -0.0998473 0.00058282
internal_weight=282.45 174.905 160.79 107.545 11.6821 14.1152 95.8626
internal_count=2074 1274 1163 800 64 111 736
is_linear=0
shrinkage=0.252688


Tree=460
num_leaves=8
num_cat=0
split_feature=24 24 6 17 21 24 21
split_gain=0.274367 1.19165 3.32518 1.28964 0.906966 1.42468 1.32966
threshold=-0.17013187706470487 -0.033040521666407578 -0.1684901416301727 -0.31924152374267573 0.1102806255221367 -0.42522649466991419 0.02069074381142855
decision_type=2 2 2 2 2 2 2
left_child=4 2 -2 -3 6 -6 -1
right_child=1 3 -4 -5 5 -7 -8
leaf_value=-0.0011148125621127237 0.075141762649673177 0.032000375615954778 -0.1085511306604945 -0.014146922944532399 0.010807208188552358 0.11777650666565294 -0.20071130574906876
leaf_weight=66.512092505116016 9.0577766031492519 60.454826021101326 20.604678159870673 107.29051180556417 28.661808558681514 11.001051646191625 2.2011159423273048
leaf_count=471 47 308 161 769 235 52 31
internal_value=-0.000163058 -0.00577131 -0.052458 0.00248444 0.0100524 0.0404779 -0.00751008
internal_weight=305.784 197.408 29.6625 167.745 108.376 39.6629 68.7132
internal_count=2074 1285 208 1077 789 287 502
is_linear=0
shrinkage=0.252688


Tree=461
num_leaves=8
num_cat=0
split_feature=12 12 15 15 2 4 5
split_gain=0.381527 1.36035 1.11333 0.879133 0.835189 0.7046 0.618807
threshold=0.52186670899391185 0.14079063385725024 -0.3843159675598144 -0.40401791036128992 0.53885754942893993 -0.73710441589355458 -0.059314839541912072
decision_type=2 2 2 2 2 2 2
left_child=1 2 -1 -3 5 -2 -6
right_child=4 3 -4 -5 6 -7 -8
leaf_value=-0.033169852703874451 -0.022605360058507235 0.021053635421968898 0.015674499217371962 -0.069254359431876078 -0.055902306653689289 0.02930276332856482 0.2086765277222779
leaf_weight=38.698295671492815 26.45076498016715 8.9738438390195352 129.52433422667673 29.535900801885873 0.74447728242375921 45.278438363689929 2.3308241921477011
leaf_count=231 188 59 1003 213 12 338 30
internal_value=0.000226354 -0.00536914 0.00443816 -0.04821 0.0156902 0.0101611 0.144628
internal_weight=281.537 206.732 168.223 38.5097 74.8045 71.7292 3.0753
internal_count=2074 1506 1234 272 568 526 42
is_linear=0
shrinkage=0.252688


Tree=462
num_leaves=7
num_cat=0
split_feature=2 2 11 7 7 21
split_gain=0.309062 1.21151 1.12326 1.00491 0.91443 0.859117
threshold=-0.32847115397453303 -0.34094305336475367 -0.71955183148384083 1.1448020935058596 0.38521349430084234 -0.23081218451261518
decision_type=2 2 2 2 2 2
left_child=1 3 4 -1 -2 -4
right_child=2 -3 5 -5 -6 -7
leaf_value=-4.5291127609083779e-05 -0.18479287431200103 0.20511490329648702 -0.032825961965442602 0.098178912774606442 0.021171204671484076 0.0077376205249136557
leaf_weight=85.312751509132795 3.9437456356827161 2.0260292505845419 44.288647816865705 7.2123496388085178 2.1139254849404097 134.83712102892241
leaf_count=649 69 16 337 36 18 949
internal_value=9.06046e-05 0.011845 -0.00591098 0.00761181 -0.112922 -0.00229174
internal_weight=279.735 94.5511 185.183 92.5251 6.05767 179.126
internal_count=2074 701 1373 685 87 1286
is_linear=0
shrinkage=0.252688


Tree=463
num_leaves=5
num_cat=0
split_feature=9 9 9 9
split_gain=0.269372 0.271916 1.09608 0.457932
threshold=-1.0215492248535154 -0.69837439060211171 -0.72513332962989796 -0.5278005301952361
decision_type=2 2 2 2
left_child=-1 2 -2 -3
right_child=1 3 -4 -5
leaf_value=-0.093884813755257243 -1.3056348241260989e-05 -0.028769103617908937 0.11597167579411873 0.0018069540051640299
leaf_weight=1.9474185789003957 28.012224915903062 36.186816021800041 6.3885088553652158 230.42656109566451
leaf_count=18 171 208 24 1653
internal_value=-0.000221174 0.000384944 0.0215277 -0.00234311
internal_weight=302.962 301.014 34.4007 266.613
internal_count=2074 2056 195 1861
is_linear=0
shrinkage=0.252688


Tree=464
num_leaves=7
num_cat=0
split_feature=10 8 8 6 13 14
split_gain=0.342466 2.02494 0.399359 0.351209 1.47867 1.15182
threshold=-0.88360258936882008 -0.17771297693252561 -0.12898289412260053 0.10722105577588083 1.0000000180025095e-35 -0.14583331346511838
decision_type=2 2 2 2 2 2
left_child=1 -1 -3 4 -2 -5
right_child=3 2 -4 5 -6 -7
leaf_value=-0.063086552603706256 0.0019322823344668555 0.25285895461869146 0.095277141433541754 0.0048741122200514804 0.14340454202315597 -0.049942336236004518
leaf_weight=4.7748762145638466 150.9449775738467 2.1805083155632019 1.942484475672243 79.15628299472155 4.8689967952668658 35.43029478052631
leaf_count=25 1037 14 15 688 28 267
internal_value=0.000149162 0.0489252 0.178639 -0.00145596 0.0063536 -0.0120753
internal_weight=279.298 8.89787 4.12299 270.401 155.814 114.587
internal_count=2074 54 29 2020 1065 955
is_linear=0
shrinkage=0.252688


Tree=465
num_leaves=7
num_cat=0
split_feature=9 1 9 20 18 20
split_gain=0.30015 0.534496 0.42726 0.432129 0.396842 0.0113726
threshold=2.6204532384872441 -1.631294250488281 2.0723637342453007 -3.5437908172607417 0.85345762968063366 -0.93085792660713185
decision_type=2 2 2 2 2 2
left_child=2 -2 3 -1 -4 -3
right_child=1 5 4 -5 -6 -7
leaf_value=-0.12856202511843037 0.16863464510362502 -0.13218670799638135 0.0015759621571347858 0.00012589355419130994 0.15091212970279735 -0.18079207144474044
leaf_weight=1.6759215601487074 0.37822274118661869 0.44110369056579646 2.2365117287263265 270.45093070226721 2.3090059692622162 1.0833650409967948
leaf_count=18 2 12 18 1976 14 34
internal_value=-7.13679e-05 -0.100076 0.000616554 -0.000666887 0.0774439 -0.16678
internal_weight=278.575 1.90269 276.672 272.127 4.54552 1.52447
internal_count=2074 48 2026 1994 32 46
is_linear=0
shrinkage=0.252688


Tree=466
num_leaves=5
num_cat=0
split_feature=8 10 16 10
split_gain=0.263907 0.535566 0.825368 0.72282
threshold=13.693320751190187 1.9999334216117861 1.2535509467124941 1.9778499603271487
decision_type=2 2 2 2
left_child=1 3 -3 -1
right_child=-2 2 -4 -5
leaf_value=-0.00042846242446229073 0.068156696693373084 -0.19699559129078614 0.019032080588889111 0.15748585721506769
leaf_weight=291.85592164230184 3.5905961953103533 2.2191089196130624 2.2986312033608556 1.8620682694017876
leaf_count=1988 24 41 15 6
internal_value=6.47435e-05 -0.000755161 -0.0870908 0.000572935
internal_weight=301.826 298.236 4.51774 293.718
internal_count=2074 2050 56 1994
is_linear=0
shrinkage=0.252688


Tree=467
num_leaves=8
num_cat=0
split_feature=20 7 6 4 14 15 14
split_gain=0.341492 1.57712 1.47622 1.4028 1.13069 3.30766 0.915929
threshold=0.09490168467164041 -0.0075039195362478486 0.076586410403251662 0.22458894550800326 1.118055582046509 0.037819771096110351 -1.118055462837219
decision_type=2 2 2 2 2 2 2
left_child=4 2 -2 -3 6 -6 -1
right_child=1 3 -4 -5 5 -7 -8
leaf_value=0.19519633522631452 -0.14403885103169944 0.040856049035647671 -0.016102335630370883 -0.022125051009824509 -0.16098134817250362 0.21404760645710783 0.00095668664202174772
leaf_weight=1.5654431432485569 9.7412236630916613 39.107702777720988 14.085453435778616 53.433185913600028 2.1179347708821288 5.157063115388155 152.77138781599933
leaf_count=23 59 332 127 348 8 52 1125
internal_value=1.21804e-06 -0.0104361 -0.0684096 0.00449078 0.00751654 0.104863 0.00292754
internal_weight=277.979 116.368 23.8267 92.5409 161.612 7.275 154.337
internal_count=2074 866 186 680 1208 60 1148
is_linear=0
shrinkage=0.252688


Tree=468
num_leaves=8
num_cat=0
split_feature=3 20 1 21 15 20 3
split_gain=0.268932 1.10014 1.92163 1.25399 1.08725 1.17153 0.00237381
threshold=-0.101211279630661 -0.053483590483665459 0.37427954375743872 -0.65396240353584278 1.760958790779114 0.51895195245742809 -0.13559880852699277
decision_type=2 2 2 2 2 2 2
left_child=4 2 -2 -3 5 -1 -6
right_child=1 3 -4 -5 6 -7 -8
leaf_value=-0.015206074167475292 0.021626096822853429 0.066234131589036571 0.19087707214557811 -0.012471279855657692 -0.18407987015965688 0.066385651610780708 -0.20275611027064086
leaf_weight=100.09271424014878 26.801482625043722 14.550230976194142 5.0975419221213079 115.73579413909465 1.240707786229905 12.65683310292661 0.81345503008924325
leaf_count=814 237 103 27 782 32 72 7
internal_value=-7.86647e-06 0.00661653 0.0486756 -0.00368128 -0.00936626 -0.00604662 -0.191527
internal_weight=276.989 162.185 31.899 130.286 114.804 112.75 2.05416
internal_count=2074 1149 264 885 925 886 39
is_linear=0
shrinkage=0.252688


Tree=469
num_leaves=8
num_cat=0
split_feature=5 5 2 5 2 23 5
split_gain=0.282287 1.80093 2.09383 1.08498 1.20974 0.984593 0.828209
threshold=-0.28617243468761439 -0.44350950419902796 -0.3122828602790832 -0.12474938854575156 -1.1777715682983396 -0.35765683650970453 -0.098627749830484376
decision_type=2 2 2 2 2 2 2
left_child=1 5 -3 4 -2 -1 -5
right_child=3 2 -4 6 -6 -7 -8
leaf_value=-0.046673249298321395 0.16694208396854066 -0.22578414623910398 -0.025693021190544098 -0.12883340926829775 0.027643024804456913 0.021326761582101745 -0.00019158509160981148
leaf_weight=18.069419682491571 4.6728625316172865 4.9646676341071716 10.198119705775751 3.2535991747863582 26.860926105407998 54.910751770745264 177.49370167602319
leaf_count=187 17 51 101 32 159 386 1141
internal_value=4.68262e-05 -0.0119737 -0.0912134 0.00503798 0.0482877 0.00449016 -0.00250762
internal_weight=300.424 88.143 15.1628 212.281 31.5338 72.9802 180.747
internal_count=2074 725 152 1349 176 573 1173
is_linear=0
shrinkage=0.252688


Tree=470
num_leaves=8
num_cat=0
split_feature=19 15 10 1 4 15 14
split_gain=0.349478 1.25409 2.58957 1.06754 1.02945 1.07143 0.922647
threshold=-0.048932828009128564 -0.34959925711154932 -0.28689551353454584 -1.1568758487701414 -0.60288161039352406 -0.45292150974273676 0.40972219407558447
decision_type=2 2 2 2 2 2 2
left_child=1 2 -1 -3 6 -6 -2
right_child=4 3 -4 -5 5 -7 -8
leaf_value=0.13398421658649684 -0.026470251111419936 0.19019286742478939 0.00060615137762840682 -0.013788788310501709 -0.042255869358839723 0.014056572505764113 -0.13347568023381032
leaf_weight=14.038823187351225 23.975373289780695 1.6756274346262205 27.501480769191403 72.369631296838634 27.35604865528876 102.05314175691456 6.5505336392670861
leaf_count=107 194 18 250 591 177 702 35
internal_value=-4.31451e-05 0.010543 0.0456833 -0.00917139 -0.00769377 0.00215245 -0.0494344
internal_weight=275.521 115.586 41.5403 74.0453 159.935 129.409 30.5259
internal_count=2074 966 357 609 1108 879 229
is_linear=0
shrinkage=0.252688


Tree=471
num_leaves=4
num_cat=0
split_feature=24 20 10
split_gain=0.304592 0.374103 0.486224
threshold=10.188266754150392 13.386305809020998 1.1780862212181094
decision_type=2 2 2
left_child=1 2 -1
right_child=-2 -3 -4
leaf_value=-0.0038082733977091508 0.1065283060138979 -0.10897821232980853 0.028887807131745543
leaf_weight=237.93243082001572 1.7039010128937651 2.019006614573299 33.078060489846393
leaf_count=1771 24 19 260
internal_value=3.98109e-05 -0.000624954 0.000182475
internal_weight=274.733 273.029 271.01
internal_count=2074 2050 2031
is_linear=0
shrinkage=0.252688


Tree=472
num_leaves=7
num_cat=0
split_feature=19 19 2 12 17 12
split_gain=0.240947 0.906479 0.704717 0.634748 1.40866 1.08977
threshold=0.54376906156539928 0.56560364365577709 -0.81830847263336171 -0.30957783758640284 -0.32825841009616846 -0.22716131806373593
decision_type=2 2 2 2 2 2
left_child=3 -2 -3 4 -1 -5
right_child=1 2 -4 5 -6 -7
leaf_value=-0.24866616893650378 0.11882670465393984 -0.044565605761328467 0.015723344631273908 -0.077797559296798477 0.024928580176617001 -0.0059679652033196541
leaf_weight=1.2287588976323593 4.7185058072209349 15.044312510872258 69.881252260878682 14.939749120560007 53.355858212686144 138.59257671702653
leaf_count=12 16 111 357 130 413 1035
internal_value=8.06628e-05 0.0110329 0.00504311 -0.0046369 0.0187673 -0.0129577
internal_weight=297.761 89.6441 84.9256 208.117 54.5846 153.532
internal_count=2074 484 468 1590 425 1165
is_linear=0
shrinkage=0.252688


Tree=473
num_leaves=8
num_cat=0
split_feature=8 8 15 4 4 16 4
split_gain=0.325057 1.33289 1.14965 1.07039 2.18253 1.72269 0.994484
threshold=0.10887519642710687 0.094584163278341307 -0.38188248872756952 0.22458894550800326 0.41467599570751196 -0.56792891025543202 1.6456030607223513
decision_type=2 2 2 2 2 2 2
left_child=1 6 -3 5 -5 -2 -1
right_child=3 2 -4 4 -6 -7 -8
leaf_value=-0.0015466635065367095 0.23430388659759233 0.22595035488034221 -0.010175667826912418 -0.12487760141004267 -0.0065909232517054311 0.0043775282523645497 0.095987669232598036
leaf_weight=150.64330208970932 2.1615007962100199 3.2336624190211296 2.2204263899475327 13.400082427076994 38.792368050199002 55.279752698726952 6.9839573516510418
leaf_count=1130 22 20 15 80 286 452 69
internal_value=-0.000128181 0.00702466 0.129829 -0.0107681 -0.0369613 0.0130317 0.00277507
internal_weight=272.715 163.081 5.45409 109.634 52.1925 57.4413 157.627
internal_count=2074 1234 35 840 366 474 1199
is_linear=0
shrinkage=0.252688


Tree=474
num_leaves=5
num_cat=0
split_feature=12 16 12 21
split_gain=0.270322 0.289647 1.33565 1.02046
threshold=-0.84207814931869496 -0.29240749776363367 2.517490148544312 -0.31885439157485956
decision_type=2 2 2 2
left_child=-1 2 -2 -3
right_child=1 3 -4 -5
leaf_value=0.085262025167461522 0.0038272092531808485 -0.050342956375073286 0.14093917670414879 0.0017006830755829307
leaf_weight=2.3586338749155393 79.823845313687343 28.361055029905401 4.809213599190115 158.4771851226069
leaf_count=18 587 238 30 1201
internal_value=9.58613e-05 -0.00064425 0.0116193 -0.00619938
internal_weight=273.83 271.471 84.6331 186.838
internal_count=2074 2056 617 1439
is_linear=0
shrinkage=0.252688


Tree=475
num_leaves=8
num_cat=0
split_feature=11 23 2 11 2 11 24
split_gain=0.276839 1.63716 0.712036 1.17032 0.888865 0.369543 0.0409959
threshold=-1.111419081687927 -0.49832223355770106 -1.1777715682983396 -1.1992403864860532 -1.6691988110542295 -0.87884214520454396 0.084864731878042235
decision_type=2 2 2 2 2 2 2
left_child=2 6 4 -4 -1 -3 -2
right_child=1 5 3 -5 -6 -7 -8
leaf_value=0.0007405357978551659 -0.24421079232803386 0.050398189592479437 0.027352841267572401 -0.18689953088954747 0.13503488611626072 -0.0019756530736344501 -0.17826493578534922
leaf_weight=6.4796616034582257 1.053110130131244 8.8915842175483686 6.1846864563412964 2.2088304022327048 6.1179883722215909 263.74969189954572 1.4325830496381966
leaf_count=44 7 36 48 28 25 1849 37
internal_value=5.23378e-06 -0.00212889 0.0279762 -0.0290377 0.065963 -0.000267498 -0.206251
internal_weight=296.118 275.127 20.9912 8.39352 12.5976 272.641 2.48569
internal_count=2074 1929 145 76 69 1885 44
is_linear=0
shrinkage=0.252688


Tree=476
num_leaves=6
num_cat=0
split_feature=2 2 15 14 23
split_gain=0.333171 0.579971 0.466678 0.4499 0.407357
threshold=-1.1777715682983396 -1.2109523415565489 -0.38649132847785944 -1.8263887166976926 -0.36153110861778254
decision_type=2 2 2 2 2
left_child=1 2 -1 -2 -5
right_child=3 -3 -4 4 -6
leaf_value=-0.052408566155667788 0.21568485681480831 -0.14267930584914276 0.01560757017997874 0.015593658932966376 -0.0057534576290282418
leaf_weight=11.652778548887005 0.6324802041053762 2.48017544299364 14.400561626534907 92.196485473774374 149.84144959354308
leaf_count=113 5 16 132 596 1212
internal_value=-0.00010251 -0.0259309 -0.0148141 0.00293447 0.00237804
internal_weight=271.204 28.5335 26.0533 242.67 242.038
internal_count=2074 261 245 1813 1808
is_linear=0
shrinkage=0.252688


Tree=477
num_leaves=8
num_cat=0
split_feature=4 2 10 17 10 13 10
split_gain=0.29466 0.885862 1.97944 1.76992 0.769611 0.882566 0.607132
threshold=1.1085863113403323 -0.87879866361618031 1.1288967728614809 1.2188711166381838 1.5025941729545595 -0.23099418729543683 0.70323345065116893
decision_type=2 2 2 2 2 2 2
left_child=4 2 -2 -3 6 -6 -1
right_child=1 3 -4 -5 5 -7 -8
leaf_value=0.004691667891843704 -0.034105296476757176 -0.15275314055135278 0.18037649390246713 0.0023527877250034135 0.18048231164661355 0.023530354686523206 -0.035238751863131454
leaf_weight=200.30139796796175 9.4621978021459636 7.5214135639835176 3.8710074145346871 12.510029105702413 3.1661559566855422 8.2414806322194618 27.6717189969022
leaf_count=1520 65 84 26 81 26 100 172
internal_value=-5.08675e-05 -0.0222975 0.0281694 -0.0558889 0.00304988 0.0670984 -0.000155211
internal_weight=272.745 33.3646 13.3332 20.0314 239.381 11.4076 227.973
internal_count=2074 256 91 165 1818 126 1692
is_linear=0
shrinkage=0.252688


Tree=478
num_leaves=7
num_cat=0
split_feature=9 9 17 5 5 19
split_gain=0.22555 1.37849 1.58892 0.493689 3.41547 1.11642
threshold=1.6908938288688662 1.7930300831794741 0.44509713351726538 -0.34819495677947992 -0.44350950419902796 -0.72240945696830738
decision_type=2 2 2 2 2 2
left_child=3 -2 -3 4 -1 -5
right_child=1 2 -4 5 -6 -7
leaf_value=-0.0040404966804180589 0.14231320151735671 -0.12683213299584031 0.065382220189934656 0.095501236147531143 -0.21411117463193302 0.00078300743218319045
leaf_weight=65.66654469439527 4.8075294522568575 4.9211757754092087 6.2112113331095316 8.2748400324489904 5.343480610579717 199.41114444471896
leaf_count=527 16 60 44 40 81 1306
internal_value=1.04071e-05 0.0292437 -0.0195898 -0.00166163 -0.0198497 0.00455711
internal_weight=294.636 15.9399 11.1324 278.696 71.01 207.686
internal_count=2074 120 104 1954 608 1346
is_linear=0
shrinkage=0.252688


Tree=479
num_leaves=7
num_cat=0
split_feature=3 2 2 18 23 15
split_gain=0.329489 1.24482 2.49074 1.54516 1.01975 0.761264
threshold=0.061182133853435523 0.14697373658418658 -0.098888970911502824 0.34138306975364691 -0.5509091019630431 -0.41691245138645167
decision_type=2 2 2 2 2 2
left_child=4 2 -2 -3 -1 -6
right_child=1 3 -4 -5 5 -7
leaf_value=0.22040258565977089 -0.014823341080137194 -0.089221413524744664 0.086723853898315648 0.026095171623449705 -0.023111049240846351 0.018235888042071883
leaf_weight=1.4351985435932864 77.267372885602526 22.429204170592129 19.268258438445628 11.08603790681809 39.909533548168838 98.867341014440171
leaf_count=14 578 148 160 79 301 794
internal_value=3.99843e-05 -0.00912109 0.00544556 -0.0510776 0.00853716 0.00634526
internal_weight=270.263 130.051 96.5356 33.5152 140.212 138.777
internal_count=2074 965 738 227 1109 1095
is_linear=0
shrinkage=0.252688


Tree=480
num_leaves=7
num_cat=0
split_feature=16 5 10 16 24 16
split_gain=0.279684 0.824052 0.722912 0.387411 1.55373 0.580105
threshold=1.8220110535621645 2.0953937768936162 1.2437337040901186 1.3078675866127016 -0.96609088778495777 1.1339079141616824
decision_type=2 2 2 2 2 2
left_child=3 2 -2 5 -5 -1
right_child=1 -3 -4 4 -6 -7
leaf_value=0.0024253819283544102 -0.19514610640098332 0.10281359147010827 -0.014904621737785482 -0.21075454111070721 0.10056499887335611 -0.056570574646419743
leaf_weight=243.44075939169852 2.5334273160151488 1.7743678726255891 3.234719954431057 1.1965772693802135 7.0627863919362408 11.128154482226817
leaf_count=1835 40 8 31 14 66 80
internal_value=0.000217027 -0.0477564 -0.0940793 0.00159384 0.0554517 -0.000153657
internal_weight=270.371 7.54252 5.76815 262.828 8.25936 254.569
internal_count=2074 79 71 1995 80 1915
is_linear=0
shrinkage=0.252688


Tree=481
num_leaves=7
num_cat=0
split_feature=8 19 8 13 19 12
split_gain=0.242358 1.46051 0.87413 0.806919 0.629418 0.5533
threshold=-0.32604986429214472 -0.27349731326103205 -0.31032371520996088 -0.57602334022521962 -0.7436692714691161 -0.73461750149726857
decision_type=2 2 2 2 2 2
left_child=1 3 -2 -1 -4 -3
right_child=2 5 4 -5 -6 -7
leaf_value=-0.10934943969122862 0.11195004837585583 0.034723633215723707 0.070035535587666148 0.0074390333395128938 -0.0014991192384952467 -0.20193931292393977
leaf_weight=4.153594845411134 4.6180869471281758 0.77206027135252941 8.1321233999915403 41.65886876831064 228.97531298478134 3.442451898707076
leaf_count=34 24 7 44 430 1481 54
internal_value=-0.000237947 -0.0162469 0.00307524 -0.00315072 0.000954465 -0.158586
internal_weight=291.752 50.027 241.726 45.8125 237.107 4.21451
internal_count=2074 525 1549 464 1525 61
is_linear=0
shrinkage=0.252688


Tree=482
num_leaves=8
num_cat=0
split_feature=1 13 18 13 8 19 19
split_gain=0.333351 0.96126 1.03729 0.739808 0.386777 1.27614 0.81224
threshold=0.96104153990745556 0.26608186960220342 0.6745334565639497 0.71052628755569469 -0.87833279371261586 -1.5614286065101621 -0.34785033762454981
decision_type=2 2 2 2 2 2 2
left_child=4 2 -2 -3 5 -1 -6
right_child=1 3 -4 -5 6 -7 -8
leaf_value=0.19231875716452954 -0.1328909438203473 -0.083474524382547585 0.096808962872837578 0.11831804236207552 0.030285779856061838 -0.054593941349970511 -0.007186987548372035
leaf_weight=1.4417230393737579 1.4063323405571306 5.7611056230962268 11.656270133127689 1.4520045798271892 46.344962111208588 18.23598693497479 181.86547990154941
leaf_count=15 22 55 110 13 378 184 1297
internal_value=4.006e-05 0.0311909 0.0720748 -0.0428476 -0.00250794 -0.0364987 0.000423026
internal_weight=268.164 20.2757 13.0626 7.21311 247.888 19.6777 228.21
internal_count=2074 200 132 68 1874 199 1675
is_linear=0
shrinkage=0.252688


Tree=483
num_leaves=8
num_cat=0
split_feature=4 12 9 4 1 6 13
split_gain=0.277998 0.954922 1.02677 0.650629 2.76041 1.08608 0.516943
threshold=1.1085863113403323 2.2611832618713383 0.082072030752897276 0.31862710416316992 -0.40993380546569819 1.3063456416130068 -0.47076022624969477
decision_type=2 2 2 2 2 2 2
left_child=3 6 -3 5 -5 -1 -2
right_child=1 2 -4 4 -6 -7 -8
leaf_value=-0.0011655457656186226 -0.016755779722635311 0.032037273215245791 -0.066378875655844646 0.24272736915217571 0.011655295536413651 -0.19378166137162531 -0.21493082634470875
leaf_weight=193.483882084176 1.3125061579048636 17.341050047078173 11.101661250693722 3.6166314072906962 37.769603865221143 1.886858751066028 2.3368377666920415
leaf_count=1490 10 131 94 16 296 16 21
internal_value=7.88498e-05 -0.021991 -0.00637665 0.00307043 0.0318509 -0.00302633 -0.143669
internal_weight=268.849 32.0921 28.4427 236.757 41.3862 195.371 3.64934
internal_count=2074 256 225 1818 312 1506 31
is_linear=0
shrinkage=0.252688


Tree=484
num_leaves=7
num_cat=0
split_feature=1 4 24 1 1 3
split_gain=0.277265 0.80445 0.595459 0.419193 1.22197 0.968807
threshold=1.1476124525070193 -0.81985852122306813 0.9245545268058778 0.92750355601310741 0.88081493973732006 0.12471677735447885
decision_type=2 2 2 2 2 2
left_child=3 -2 -3 4 -1 -5
right_child=1 2 -4 5 -6 -7
leaf_value=-0.0015777361215619972 0.20658468920244424 -0.15002145449574 0.082171335952854738 -0.020119638821322224 0.10410944409412855 -0.22810127071535766
leaf_weight=263.04082529689185 1.5896958622033706 1.2335933680878945 1.6450064398813991 13.936377369100226 7.1753323073498896 1.5930848522111762
leaf_count=1826 9 20 11 159 32 17
internal_value=-0.0001146 0.0623401 -0.0173412 -0.00109134 0.00122888 -0.0414625
internal_weight=290.214 4.4683 2.8786 285.746 270.216 15.5295
internal_count=2074 40 31 2034 1858 176
is_linear=0
shrinkage=0.252688


Tree=485
num_leaves=6
num_cat=0
split_feature=20 15 20 19 14
split_gain=0.368644 0.656547 0.453194 0.86635 0.365349
threshold=-3.4520778656005855 0.35567730665206915 -2.212331891059875 -1.3852701187133787 -0.38194441795349116
decision_type=2 2 2 2 2
left_child=1 -1 3 -2 -4
right_child=2 -3 4 -5 -6
leaf_value=0.21380298060113626 0.074408559608881902 0.0039934195081200588 0.017261055604113132 -0.159420604679644 -0.0050812833548622739
leaf_weight=1.4227943550795306 1.5272936820983884 2.8779452274902724 61.317705215886235 2.9950757939368478 196.46317332569743
leaf_count=11 15 25 547 30 1446
internal_value=4.52305e-05 0.0734218 -0.001158 -0.0804521 0.000233253
internal_weight=266.604 4.30074 262.303 4.52237 257.781
internal_count=2074 36 2038 45 1993
is_linear=0
shrinkage=0.252688


Tree=486
num_leaves=8
num_cat=0
split_feature=18 16 22 20 18 20 18
split_gain=0.226543 1.06746 1.64538 1.19996 0.767203 0.941042 0.609202
threshold=1.3326014876365664 1.1058323979377749 -0.042105251923203461 -0.0070684785023331633 1.1668496727943423 -1.6888294816017149 0.85345762968063366
decision_type=2 2 2 2 2 2 2
left_child=4 2 -2 -3 6 -6 -1
right_child=1 3 -4 -5 5 -7 -8
leaf_value=-0.0019047437089046893 -0.18028750322577133 -0.10893247876021246 0.11694922711364286 0.12641368153305355 -0.18493252309099456 -0.020951029794714467 0.053164079661330542
leaf_weight=224.70586637835368 1.3643766769673682 5.3019460031537164 9.2352940430864692 1.8710752266924817 3.0985275626881039 8.0109036401845497 13.60277199372649
leaf_count=1708 36 52 73 14 16 51 124
internal_value=0.000176886 0.0277401 0.0786821 -0.0475377 -0.00178722 -0.0666938 0.00123872
internal_weight=267.191 17.7727 10.5997 7.17302 249.418 11.1094 238.309
internal_count=2074 175 109 66 1899 67 1832
is_linear=0
shrinkage=0.252688


Tree=487
num_leaves=8
num_cat=0
split_feature=10 19 20 19 4 19 12
split_gain=0.339266 0.911694 1.63947 1.04358 0.880974 1.29022 1.13212
threshold=-0.24402727186679837 -0.78349384665489186 -0.6186997890472411 -0.73182156682014454 -1.6558450460433958 -0.68109318614006031 0.44114588201045996
decision_type=2 2 2 2 2 2 2
left_child=4 2 -2 -3 5 -1 -6
right_child=1 3 -4 -5 6 -7 -8
leaf_value=0.10841223317038978 0.0019601285374776616 0.11868233812448346 -0.16053235691290643 -0.004899282047389663 0.0050764135538597828 -0.20807381762916075 0.083148046090933292
leaf_weight=1.1970483288168909 9.784377678268358 4.4926674813032141 6.6649924421217284 150.56873188004829 99.88896064623259 2.6259668576531103 13.457002327078952
leaf_count=6 150 19 91 1041 646 40 81
internal_value=-0.00015897 -0.00731887 -0.0638819 -0.00131829 0.0103216 -0.108975 0.0143458
internal_weight=288.68 171.511 16.4494 155.061 117.169 3.82302 113.346
internal_count=2074 1301 241 1060 773 46 727
is_linear=0
shrinkage=0.252688


Tree=488
num_leaves=7
num_cat=0
split_feature=7 3 7 4 23 24
split_gain=0.298838 1.74571 1.13658 1.13775 0.961006 0.855855
threshold=-0.037073919549584382 0.4177402406930924 0.042187189683318145 0.29058158397674566 0.045702902600169189 3.24232029914856
decision_type=2 2 2 2 2 2
left_child=1 4 3 -2 -1 -4
right_child=2 -3 5 -5 -6 -7
leaf_value=0.012662335151223145 0.14471422724173505 -0.22556958494122498 -0.0046110846877952536 -0.017769830904346577 -0.033040967812638114 0.075998731533457778
leaf_weight=76.830335015896708 7.2939799760933948 2.3295583301223806 117.6683666909521 4.4181788004934788 47.561363704502583 9.0567517355084401
leaf_count=587 54 15 888 23 403 104
internal_value=-5.1647e-06 -0.00887164 0.00811092 0.0834222 -0.00481245 0.00115019
internal_weight=265.159 126.721 138.437 11.7122 124.392 126.725
internal_count=2074 1005 1069 77 990 992
is_linear=0
shrinkage=0.252688


Tree=489
num_leaves=6
num_cat=0
split_feature=8 20 20 8 2
split_gain=0.276939 0.302314 1.21859 0.853011 0.166374
threshold=-3.7991987466812129 -0.41433502733707422 -0.5615238845348357 -0.36941918730735773 0.55543681979179393
decision_type=2 2 2 2 2
left_child=4 2 -2 -3 -1
right_child=1 3 -4 -5 -6
leaf_value=-0.020312779562970496 0.0019943820663947138 -0.074595123814690079 0.12306908437654543 0.00040627628758220508 -0.17359075615293371
leaf_weight=0.88624858490947989 34.389935151066311 10.144259687994234 6.2761217861789182 212.44437764259055 0.9230148671194911
leaf_count=16 332 114 48 1553 11
internal_value=-2.91293e-05 0.000648079 0.0206816 -0.003012 -0.0985378
internal_weight=265.064 263.255 40.6661 222.589 1.80926
internal_count=2074 2047 380 1667 27
is_linear=0
shrinkage=0.252688


Tree=490
num_leaves=8
num_cat=0
split_feature=5 6 3 24 15 3 9
split_gain=0.224928 1.48195 1.1241 0.943359 1.92176 1.04328 0.0339698
threshold=0.27780885994434362 1.2625820040702822 -0.91226875782012928 0.2057510390877724 -0.37416915595531458 1.1519201993942263 1.007164537906647
decision_type=2 2 2 2 2 2 2
left_child=3 2 -2 5 -5 -1 -3
right_child=1 6 -4 4 -6 -7 -8
leaf_value=-0.0082316279253675951 -0.14236344613930432 -0.18857905928785287 -4.8580726333048928e-05 0.11706772665248465 0.0033353982021367386 0.19393239571987073 -0.25599284604406852
leaf_weight=127.1831981712312 3.666416378458961 1.6535336636006825 105.55984199303202 13.399814328178762 32.478794211405329 1.6505353525280941 0.68056197836995114
leaf_count=1003 35 38 666 79 244 4 5
internal_value=-0.000220417 -0.00908425 -0.00482637 0.00543947 0.0365543 -0.00564084 -0.208289
internal_weight=286.273 111.56 109.226 174.712 45.8786 128.834 2.3341
internal_count=2074 744 701 1330 323 1007 43
is_linear=0
shrinkage=0.252688


Tree=491
num_leaves=5
num_cat=0
split_feature=15 21 20 3
split_gain=0.301278 0.323509 1.11976 0.692285
threshold=-0.61191478371620167 1.9654389619827273 -1.3646637201309202 1.3645594716072085
decision_type=2 2 2 2
left_child=-1 3 -3 -2
right_child=1 2 -4 -5
leaf_value=-0.17599255250856227 0.00073285088155411644 -0.17568564283640031 0.10849783282553908 -0.12252434354733301
leaf_weight=0.61720018461346526 253.31710319098784 1.0748840831220148 5.008478960429783 2.9428517755586645
leaf_count=9 1936 24 73 32
internal_value=0.000269325 0.000684365 0.0582736 -0.000682861
internal_weight=262.961 262.343 6.08336 256.26
internal_count=2074 2065 97 1968
is_linear=0
shrinkage=0.252688


Tree=492
num_leaves=7
num_cat=0
split_feature=10 8 0 10 10 19
split_gain=0.249376 0.551826 0.628047 0.350873 0.903189 0.727274
threshold=-0.76233309507369984 -0.0056506777182221404 -1.0000000180025095e-35 -0.71483695507049549 -0.69972696900367726 0.076709561049938216
decision_type=2 2 2 2 2 2
left_child=1 2 -1 5 -5 -2
right_child=3 -3 -4 4 -6 -7
leaf_value=0.1593006590790193 0.14526299908538695 -0.18297725029917339 -0.039147692027323579 -0.13768663095727426 0.0018841335426855511 -0.048314728216496412
leaf_weight=1.1563260806724418 3.059865557588636 1.4411172766704101 8.5002549991477263 2.9961999654769889 244.57100876503864 2.0821435991674662
leaf_count=15 23 20 109 17 1877 13
internal_value=-7.63907e-05 -0.0371489 -0.015377 0.00155171 0.000194673 0.0668808
internal_weight=263.807 11.0977 9.65658 252.709 247.567 5.14201
internal_count=2074 144 124 1930 1894 36
is_linear=0
shrinkage=0.252688


Tree=493
num_leaves=7
num_cat=0
split_feature=4 4 12 4 4 9
split_gain=0.259076 1.46005 1.63831 0.905677 0.859243 0.777487
threshold=-0.61156034469604481 -0.47596079111099238 -0.11229412630200385 -0.44859194755554194 -0.61858841776847828 -0.61259722709655751
decision_type=2 2 2 2 2 2
left_child=4 2 -2 -3 5 -1
right_child=1 3 -4 -5 -6 -7
leaf_value=0.049758354346143348 -0.010775630000129977 0.14069772943285674 -0.16550337532687787 -0.00047005933053040989 0.16959050787357066 -0.0077340226763620455
leaf_weight=20.55854747723788 10.810736165847631 2.9474477404728523 7.3330821635900056 185.34218036403763 2.1534839915111652 55.734792570510763
leaf_count=108 82 24 86 1325 8 441
internal_value=-0.000159212 -0.00485669 -0.0733141 0.00174013 0.0122022 0.0077585
internal_weight=284.88 206.433 18.1438 188.29 78.4468 76.2933
internal_count=2074 1517 168 1349 557 549
is_linear=0
shrinkage=0.252688


Tree=494
num_leaves=8
num_cat=0
split_feature=7 18 17 7 20 9 19
split_gain=0.330825 1.21384 0.821376 0.42326 1.38222 0.855233 0.00509881
threshold=-1.0939416289329527 1.0000000180025095e-35 -0.26358215510845179 -0.037073919549584382 0.34205235540866857 -0.87094116210937489 -0.21408407390117642
decision_type=2 2 2 2 2 2 2
left_child=1 6 -3 4 -2 -5 -1
right_child=3 2 -4 5 -6 -7 -8
leaf_value=0.1898874405206161 -0.0024520841988893627 -0.14049976719191637 0.033201093298875016 0.1070870177901161 -0.085327659491419752 0.0033572607587580208 0.21409171070024785
leaf_weight=1.1621565660461786 94.411549307405949 2.0602704957127562 11.104408047161995 5.2783998092636457 14.873524801805614 131.45721031138964 1.2120701819658268
leaf_count=16 706 9 127 40 137 1029 10
internal_value=0.00025046 0.0360079 0.00601228 -0.00200808 -0.0137317 0.00736195 0.202289
internal_weight=261.56 15.5389 13.1647 246.021 109.285 136.736 2.37423
internal_count=2074 162 136 1912 843 1069 26
is_linear=0
shrinkage=0.252688


Tree=495
num_leaves=8
num_cat=0
split_feature=2 11 3 2 20 20 3
split_gain=0.281762 1.69493 1.57644 1.25411 1.33509 1.16558 0.837511
threshold=-0.39252716302871699 -0.63151198625564564 -0.54030027985572804 -0.55000248551368702 0.34205235540866857 2.6010611057281499 0.46910926699638372
decision_type=2 2 2 2 2 2 2
left_child=3 2 -2 4 -1 -5 -3
right_child=1 6 -4 5 -6 -7 -8
leaf_value=0.020344809205345534 0.018035217669401638 -0.0068085792287384973 -0.14269403746027207 0.13299168684058404 -0.059373348194703628 -0.06069192660154607 0.038386339489021273
leaf_weight=51.480872709536925 6.2302813353016999 131.80007863469473 10.399880909477359 8.897942806594072 18.140665334183723 2.5528028793632975 32.669642605702393
leaf_count=380 62 998 135 82 161 22 234
internal_value=-6.20035e-05 -0.00560456 -0.0824801 0.0123189 -0.000426915 0.0898114 0.00216885
internal_weight=262.172 181.1 16.6302 81.0723 69.6215 11.4507 164.47
internal_count=2074 1429 197 645 541 104 1232
is_linear=0
shrinkage=0.252688


Tree=496
num_leaves=7
num_cat=0
split_feature=8 8 7 9 8 7
split_gain=0.243639 1.21309 1.05313 0.981112 0.824425 0.876028
threshold=0.086778778582811369 0.067310921847820296 0.26364387571811682 -0.79427289962768544 0.098393481224775328 0.05240678787231446
decision_type=2 2 2 2 2 2
left_child=1 2 -1 -3 -2 -6
right_child=4 3 -4 -5 5 -7
leaf_value=0.0062722373708649073 0.10995288793776921 0.043388919209151548 -0.053492814207438164 -0.19777443915249887 -0.034610908930737171 0.015162361650937551
leaf_weight=122.77686037754756 4.8468102971091858 1.5232753958553074 22.234856046445202 3.6755773508921257 29.264940924011171 98.813327860785648
leaf_count=946 18 7 208 29 213 653
internal_value=-0.000218762 -0.00719166 -0.00289178 -0.127116 0.00766087 0.00378943
internal_weight=283.136 150.211 145.012 5.19885 132.925 128.078
internal_count=2074 1190 1154 36 884 866
is_linear=0
shrinkage=0.252688


Tree=497
num_leaves=8
num_cat=0
split_feature=22 11 1 1 1 5 10
split_gain=0.290097 2.47113 1.3024 0.962464 1.48588 1.13446 0.207504
threshold=-0.077384583652019487 -0.42702543735504145 -0.24699315428733823 -0.2825681716203689 -0.40361498296260828 0.67181241512298595 -0.30172300338745112
decision_type=2 2 2 2 2 2 2
left_child=3 6 -3 4 -1 -5 -2
right_child=1 2 -4 5 -6 -7 -8
leaf_value=0.0024919734486581746 0.17242663134203876 -0.032630814038684855 0.018846442026694239 -0.016016383388831788 0.14542782580343699 -0.11606500303868646 0.30384043149952372
leaf_weight=37.036206853867043 1.7575571201741698 45.577641561161727 100.75520320927899 60.006921171676368 5.3089771876111618 8.2285336675122362 1.3659255802631367
leaf_count=296 19 359 864 449 37 42 8
internal_value=0.000300712 0.00756044 0.00281298 -0.00951123 0.020414 -0.0280821 0.229937
internal_weight=260.037 149.456 146.333 110.581 42.3452 68.2355 3.12348
internal_count=2074 1250 1223 824 333 491 27
is_linear=0
shrinkage=0.252688


Tree=498
num_leaves=7
num_cat=0
split_feature=13 21 8 11 13 13
split_gain=0.240601 1.42867 1.83528 1.15698 0.888959 0.333376
threshold=-0.89181277155876149 -0.15592108666896817 -0.32604986429214472 0.067765928804874434 -0.87426894903182972 -0.48830406367778773
decision_type=2 2 2 2 2 2
left_child=1 2 -1 -3 -2 -6
right_child=4 3 -4 -5 5 -7
leaf_value=0.094724196905526206 0.16636722013289676 0.0034229539002395048 -0.14517808458137749 0.22366533959883741 0.022930512207669486 -0.0032152895011845375
leaf_weight=2.6528265401720992 2.0919890310615292 11.483262514966553 8.7535662025911751 1.7553227394819249 37.00773566756834 196.32951572448655
leaf_count=15 14 109 68 7 264 1597
internal_value=-8.47524e-05 -0.0238392 -0.0893812 0.0326331 0.00240193 0.000931521
internal_weight=260.074 24.645 11.4064 13.2386 235.429 233.337
internal_count=2074 199 83 116 1875 1861
is_linear=0
shrinkage=0.252688


Tree=499
num_leaves=7
num_cat=0
split_feature=9 9 16 24 9 18
split_gain=0.260418 0.91645 1.09514 0.331134 1.62955 0.753536
threshold=1.6908938288688662 1.7930300831794741 1.0929128527641299 -0.4591801762580871 -0.64599213004112233 1.1311745047569277
decision_type=2 2 2 2 2 2
left_child=3 -2 -3 4 -1 -5
right_child=1 2 -4 5 -6 -7
leaf_value=0.11326493649167682 0.12812237190824338 -0.13289332160524883 0.0460240153630277 -0.0021643392236752679 -0.036171642255500951 0.052794862375501968
leaf_weight=5.2007636982016257 4.4581675194203845 3.1571730468422157 7.086522795187193 199.2880420840811 44.715700837550685 17.312416389817372
leaf_count=32 16 35 69 1336 449 137
internal_value=-0.000241201 0.0324978 -0.00912333 -0.00204725 -0.0206009 0.00222855
internal_weight=281.219 14.7019 10.2437 266.517 49.9165 216.6
internal_count=2074 120 104 1954 481 1473
is_linear=0
shrinkage=0.252688


Tree=500
num_leaves=8
num_cat=0
split_feature=12 10 16 16 1 23 1
split_gain=0.338733 1.19897 0.799803 0.697505 0.535167 0.865742 0.844107
threshold=2.9869939088821416 0.5766088366508485 0.50302895903587352 -0.22437331825494763 -0.87118270993232716 0.43900236487388616 -0.80671525001525868
decision_type=2 2 2 2 2 2 2
left_child=4 3 -3 -2 5 -1 -6
right_child=1 2 -4 -5 6 -7 -8
leaf_value=-0.022180908283420613 -0.036070810313951672 -0.054331745770943331 0.064478472652875832 0.16581431832017243 0.15036560833115484 -0.18343162032943258 4.8702760210893838e-05
leaf_weight=23.282470668549653 1.395018473267555 9.2907048477791232 5.9242457412183276 5.0389873904641744 2.4124304018914691 2.3390897875651708 208.41022151446668
leaf_count=185 8 74 67 51 18 21 1650
internal_value=0.000348221 0.030601 -0.00806988 0.122042 -0.00242179 -0.0369056 0.00176915
internal_weight=258.093 21.649 15.215 6.43401 236.444 25.6216 210.823
internal_count=2074 200 141 59 1874 206 1668
is_linear=0
shrinkage=0.252688


Tree=501
num_leaves=7
num_cat=0
split_feature=10 3 2 7 10 10
split_gain=0.236972 0.634835 1.11567 0.659972 0.54231 0.725681
threshold=-0.74336761236190785 0.061182133853435523 -0.45833525061607355 -0.66390544176101673 -0.71483695507049549 -0.69972696900367726
decision_type=2 2 2 2 2 2
left_child=1 3 -3 -1 -2 -6
right_child=4 2 -4 -5 5 -7
leaf_value=0.0095060806934440609 0.11498370807581984 0.23716529393493047 -0.087248897295465325 -0.12106357821372528 -0.12749350551690258 0.0018577746014419882
leaf_weight=4.4442098438739768 2.6641992870718232 1.3519032448530199 1.3546360457548861 5.568546755006536 2.8010929655283681 240.18887048751003
leaf_count=44 18 6 39 73 17 1877
internal_value=-0.000131649 -0.0337619 0.0748086 -0.063112 0.0016097 0.000366384
internal_weight=258.373 12.7193 2.70654 10.0128 245.654 242.99
internal_count=2074 162 45 117 1912 1894
is_linear=0
shrinkage=0.252688


Tree=502
num_leaves=7
num_cat=0
split_feature=19 19 18 6 19 21
split_gain=0.232126 1.05968 0.977464 1.26469 0.340264 0.23131
threshold=1.0006890892982485 0.94520583748817455 0.61690452694892894 -0.73304152488708485 0.84132102131843578 -0.071580540388822542
decision_type=2 2 2 2 2 2
left_child=1 4 3 -2 -1 -3
right_child=2 5 -4 -5 -6 -7
leaf_value=0.0011813118938193621 -0.223108854054137 -0.050192641693030948 0.16826983813464644 0.020748931211832928 -0.045515867106129336 -0.20368915815001232
leaf_weight=238.92715380231675 1.4428861364722312 0.92091205250471864 2.6361510623246422 22.931504294509068 10.396319833584128 1.9656602018512774
leaf_count=1800 14 6 9 155 64 26
internal_value=-0.000144201 -0.0025285 0.0221187 0.00630875 -0.000765959 -0.154737
internal_weight=279.221 252.21 27.0105 24.3744 249.323 2.88657
internal_count=2074 1896 178 169 1864 32
is_linear=0
shrinkage=0.252688


Tree=503
num_leaves=8
num_cat=0
split_feature=2 7 7 1 16 2 16
split_gain=0.326545 0.643499 0.908676 0.59138 0.421182 2.02323 0.703273
threshold=-1.436538517475128 0.6647934913635255 1.0515319108963015 -0.33684164285659784 -0.58869811892509449 0.20894925296306613 -0.36184741556644434
decision_type=2 2 2 2 2 2 2
left_child=1 3 -3 -1 5 -2 -6
right_child=4 2 -4 -5 6 -7 -8
leaf_value=-0.038110280940288892 0.00444023001878427 0.13051866011989699 -0.06772033246778919 -0.18227557097152555 -0.032512094574154417 0.20481613467448051 0.0054804185237511249
leaf_weight=6.4903615810908368 23.058223705273125 2.8773849965073159 3.0311353645520285 2.5228295414708546 37.742339776828885 3.7387960068881503 177.01531216999865
leaf_count=73 144 31 32 35 269 24 1466
internal_value=0.000289616 -0.0359866 0.0288227 -0.0784712 0.00253061 0.0324008 -0.00119659
internal_weight=256.476 14.9217 5.90852 9.01319 241.555 26.797 214.758
internal_count=2074 171 63 108 1903 168 1735
is_linear=0
shrinkage=0.252688


Tree=504
num_leaves=7
num_cat=0
split_feature=4 1 18 4 23 5
split_gain=0.216372 1.07919 1.25135 0.609864 0.404293 0.382381
threshold=-1.4228082895278928 0.24914585053920749 -0.37541170418262476 -1.1557195782661436 -0.3472266793251037 -0.63091200590133656
decision_type=2 2 2 2 2 2
left_child=1 2 -1 4 -2 -5
right_child=3 -3 -4 5 -6 -7
leaf_value=0.090610474976887748 -0.19746717896716379 0.19666847317421618 -0.055252703477050011 0.021814602353014155 0.0027936440355646915 -0.0053076744222102694
leaf_weight=6.3177221119403848 1.6837872842188519 2.1047931896782748 9.2576717045158148 39.924674764552037 1.0417890540902579 196.75973350665299
leaf_count=48 29 10 95 349 7 1536
internal_value=-0.000109144 0.026866 0.00391359 -0.00210129 -0.120936 -0.000732559
internal_weight=257.09 17.6802 15.5754 239.41 2.72558 236.684
internal_count=2074 153 143 1921 36 1885
is_linear=0
shrinkage=0.252688


Tree=505
num_leaves=8
num_cat=0
split_feature=17 15 15 3 17 20 17
split_gain=0.282271 1.16564 3.85638 1.19004 1.07329 1.8576 0.883956
threshold=-0.31808340549468989 -0.33884464204311365 -0.3843159675598144 -1.0000000180025095e-35 -0.30391132831573481 -0.32447192072868342 -0.30302965641021723
decision_type=2 2 2 2 2 2 2
left_child=1 2 -1 -3 5 -2 -6
right_child=4 3 -4 -5 6 -7 -8
leaf_value=0.015443669954500994 0.062048557410199372 0.027252217753879485 -0.22319706893864044 0.21938999109092494 0.15381440886561043 -0.16516774557260189 -0.0032618348852621829
leaf_weight=76.562553856521845 3.5291631296277046 5.5323864435777068 4.5819928208366028 3.2773889005184156 2.3173397108912459 6.5808243032079172 175.12410346210527
leaf_count=503 13 30 33 7 8 59 1421
internal_value=-0.000191638 0.011445 0.00196695 0.0987398 -0.00577291 -0.0858525 -0.00121
internal_weight=277.506 89.9543 81.1445 8.80978 187.551 10.11 177.441
internal_count=2074 573 536 37 1501 72 1429
is_linear=0
shrinkage=0.252688


Tree=506
num_leaves=8
num_cat=0
split_feature=22 11 23 7 22 11 8
split_gain=0.273404 1.93809 1.28955 0.795644 1.07661 0.992008 0.159304
threshold=-0.077384583652019487 -0.42702543735504145 -0.41232056915760035 -0.2867672592401504 -0.20346421748399732 -0.69636449217796315 0.03791544400155545
decision_type=2 2 2 2 2 2 2
left_child=3 6 -3 4 -1 -5 -2
right_child=1 2 -4 5 -6 -7 -8
leaf_value=0.078177234070997484 0.15515811539042146 -0.16139073713866087 0.0067948212051765948 0.004474046615519897 -0.0093667588053300485 -0.05726558176970524 0.27450704385360419
leaf_weight=13.055401301011441 1.4721173718571656 2.9717203825712195 141.06511754074018 33.134404101932887 28.658013448119164 33.333925739396363 1.3923546001315115
leaf_count=100 18 7 1216 245 248 231 9
internal_value=0.000318492 0.00741769 0.00332428 -0.00932158 0.0180332 -0.0264886 0.213211
internal_weight=255.083 146.901 144.037 108.182 41.7134 66.4683 2.86447
internal_count=2074 1250 1223 824 348 476 27
is_linear=0
shrinkage=0.252688


Tree=507
num_leaves=8
num_cat=0
split_feature=9 13 9 10 9 17 9
split_gain=0.286605 1.02621 0.846895 0.724315 0.695662 0.788165 0.716033
threshold=0.30436614155769354 0.71052628755569469 0.71844744682312023 -0.55154821276664723 0.21877397596836093 1.2069380879402163 0.24111066758632663
decision_type=2 2 2 2 2 2 2
left_child=4 2 -2 -3 5 -1 -6
right_child=1 3 -4 -5 6 -7 -8
leaf_value=-0.0092963756151486377 0.056996000270120709 0.15134282196235324 0.001944486731350127 -0.069799977983701064 -0.17502555391280322 0.042459210560402541 -0.025386449886922451
leaf_weight=135.71933993976563 28.960784406459425 1.023616287857293 46.475982001942612 12.349808298182323 2.9872548540588451 21.805676608113572 6.4495161552913487
leaf_count=1113 217 7 336 152 24 169 56
internal_value=4.48974e-05 0.0116427 0.0230795 -0.0528681 -0.00612421 -0.00213189 -0.0727627
internal_weight=255.772 88.8102 75.4368 13.3734 166.962 157.525 9.43677
internal_count=2074 712 553 159 1362 1282 80
is_linear=0
shrinkage=0.252688


Tree=508
num_leaves=8
num_cat=0
split_feature=7 9 9 21 7 4 9
split_gain=0.232276 1.21571 2.01302 0.917379 0.601252 0.550874 0.4805
threshold=1.0309869647026064 -0.42946225404739374 -0.19789001345634458 0.58510398864746105 0.94584134221076976 3.8190512657165532 1.9455681443214419
decision_type=2 2 2 2 2 2 2
left_child=4 3 -3 -2 6 -6 -1
right_child=1 2 -4 -5 5 -7 -8
leaf_value=0.00033496704593731724 0.14788655049078864 -0.1377126584003103 0.035173543603358129 -0.017925693484235221 -0.22171761000774215 -0.018504273230964357 -0.082128280559002606
leaf_weight=236.13013727471116 6.6009923825040477 5.9786596451886043 15.314226165879514 3.145562831312418 1.5122344815172248 1.9495973414741454 4.5990612360183141
leaf_count=1815 27 26 77 14 26 14 75
internal_value=-0.000127199 0.0204621 -0.0133719 0.0943748 -0.00274438 -0.107295 -0.00124064
internal_weight=275.23 31.0394 21.2929 9.74656 244.191 3.46183 240.729
internal_count=2074 144 103 41 1930 40 1890
is_linear=0
shrinkage=0.252688


Tree=509
num_leaves=8
num_cat=0
split_feature=3 18 4 16 18 2 9
split_gain=0.289457 1.62906 1.14994 1.11232 0.690053 0.402016 0.0147551
threshold=0.6481609344482423 0.85345762968063366 1.7304117083549502 -0.35592114925384516 0.50768378376960765 0.32298927009105688 0.24111066758632663
decision_type=2 2 2 2 2 2 2
left_child=2 3 4 -2 -1 -3 -4
right_child=1 5 6 -5 -6 -7 -8
leaf_value=-0.0066316870095844832 -0.18330688929427272 -0.21959911949215949 0.1840255790730537 0.013194141831050511 0.025938211207529975 -0.076272656493739169 0.23081649822203304
leaf_weight=158.94484588690102 1.9630296517862031 2.7364342627115539 1.0984773663803924 29.080244568176568 56.228586210680078 2.3009435646235943 0.7346248049288987
leaf_count=1187 23 23 21 275 518 15 12
internal_value=9.29485e-05 -0.0208644 0.00357748 0.000765395 0.00187943 -0.154146 0.202839
internal_weight=253.087 36.0807 217.007 31.0433 215.173 5.03738 1.8331
internal_count=2074 336 1738 298 1705 38 33
is_linear=0
shrinkage=0.252688


Tree=510
num_leaves=8
num_cat=0
split_feature=6 6 3 13 21 6 21
split_gain=0.219315 1.1726 1.27314 1.0912 1.46742 0.921256 0.688114
threshold=0.17286650091409686 0.22538296878337863 -0.65435585379600514 0.16081868857145312 -0.44542145729064936 0.065645502880215659 -0.67796674370765675
decision_type=2 2 2 2 2 2 2
left_child=3 2 -2 5 -5 -1 -3
right_child=1 6 -4 4 -6 -7 -8
leaf_value=-0.0058256863303513566 -0.01285068192443007 -0.078556109900742549 0.21446816332938054 0.084560816564958632 -0.16621692340121993 0.092993364849278476 0.0073170612031309276
leaf_weight=130.07316792118854 2.8252816163003445 6.3456535667064591 3.5489624179899684 2.0299264527857304 5.596381129231303 6.3157391985878339 97.4535806238855
leaf_count=1073 20 76 20 12 33 45 795
internal_value=4.12384e-05 0.00852728 0.11372 -0.00645069 -0.0994649 -0.00124934 0.00206691
internal_weight=254.189 110.173 6.37424 144.015 7.62631 136.389 103.799
internal_count=2074 911 40 1163 45 1118 871
is_linear=0
shrinkage=0.252688


Tree=511
num_leaves=7
num_cat=0
split_feature=24 8 14 18 9 9
split_gain=0.288504 0.845311 0.838886 0.625461 2.67153 0.790382
threshold=-0.17013187706470487 -2.7438218593597408 -1.7013888359069822 0.24533476680517199 0.92555055022239696 0.045757181942462928
decision_type=2 2 2 2 2 2
left_child=3 -2 -3 5 -5 -1
right_child=1 2 -4 4 -6 -7
leaf_value=0.05047615387678496 -0.19958617398302519 -0.20790578640157176 -0.0030384286793738277 -0.077245652692419925 0.053377882247279872 -0.01099671023534236
leaf_weight=36.353150021284819 1.4299567537382234 1.2851596772670735 173.35417143491213 20.407203000038862 19.597609653152176 21.109338397393003
leaf_count=241 17 6 1262 253 131 164
internal_value=-2.55259e-05 -0.00613129 -0.00454667 0.0110042 -0.0132557 0.0278937
internal_weight=273.537 176.069 174.639 97.4673 40.0048 57.4625
internal_count=2074 1285 1268 789 384 405
is_linear=0
shrinkage=0.252688


Tree=512
num_leaves=8
num_cat=0
split_feature=9 15 6 12 4 2 4
split_gain=0.331941 0.827121 1.38716 0.993348 0.391227 1.95007 0.876725
threshold=1.5170156955718996 1.0132814049720766 -0.54485777020454396 0.17577860504388812 -1.4228082895278928 0.31523510813713079 -1.0449818968772886
decision_type=2 2 2 2 2 2 2
left_child=4 3 -3 -2 5 -1 -6
right_child=1 2 -4 -5 6 -7 -8
leaf_value=-0.08334515208900771 -0.10916873687625732 0.34565794558714952 -0.048654175850148487 0.022875375744667133 0.13369934104345307 0.12237151115649184 0.0033251949897793029
leaf_weight=12.556516480632128 8.95422879047692 0.92969946563243899 1.469366167730185 6.1262895379913962 3.3442781241610637 3.8421239200979462 214.43458319740603
leaf_count=93 66 4 23 75 37 43 1733
internal_value=-1.39026e-05 -0.0336039 0.104194 -0.0555283 0.00249341 -0.0351442 0.00532759
internal_weight=251.657 17.4796 2.39907 15.0805 234.178 16.3986 217.779
internal_count=2074 168 27 141 1906 136 1770
is_linear=0
shrinkage=0.252688


Tree=513
num_leaves=7
num_cat=0
split_feature=18 6 13 10 13 21
split_gain=0.216215 1.11441 1.04666 0.991258 0.539509 0.00889235
threshold=0.5016465187072755 1.0875272750854494 -0.73976600170135487 1.3581468462944033 -0.66959059238433827 1.2773557305336001
decision_type=2 2 2 2 2 2
left_child=2 3 -1 -2 -4 -3
right_child=1 5 4 -5 -6 -7
leaf_value=0.14783163252673073 -0.013056083892425295 -0.17958584960584706 -0.077457713830769118 0.13619208138416516 0.0044771941753978884 -0.21361018037973642
leaf_weight=3.2010321293491861 63.508078605024821 1.0425673967692994 5.2857329649850717 2.9739869832992545 175.06788678339217 0.99163097888231266
leaf_count=13 514 31 31 37 1444 4
internal_value=9.64564e-05 -0.0120165 0.00461793 -0.00637862 0.00207565 -0.196224
internal_weight=252.071 68.5163 183.555 66.4821 180.354 2.0342
internal_count=2074 586 1488 551 1475 35
is_linear=0
shrinkage=0.252688


Tree=514
num_leaves=8
num_cat=0
split_feature=10 9 0 9 2 9 20
split_gain=0.222 1.11771 1.2215 0.942439 1.55481 1.25082 0.903377
threshold=0.16443598270416263 -0.26012259721755976 -1.0000000180025095e-35 -0.26012259721755976 0.32821108400821691 -0.12320292368531226 -0.069804828613996492
decision_type=2 2 2 2 2 2 2
left_child=1 2 -1 4 -2 -5 -3
right_child=3 6 -4 5 -6 -7 -8
leaf_value=-0.18699709491410321 -0.0056245214704488374 -0.0039547715493707799 -0.012536867639995716 -0.12556982342665898 0.11017566365179397 -0.015319848329873095 0.0452633868355094
leaf_weight=2.6711426039692006 32.321963495574892 43.242664151010104 62.736655634944327 7.3691792042227453 9.6023310110904259 60.602981449133949 52.989978285855614
leaf_count=54 218 401 408 66 45 537 345
internal_value=-0.000133537 0.00582393 -0.019663 -0.00889604 0.0208993 -0.0272735 0.023147
internal_weight=271.537 161.64 65.4078 109.896 41.9243 67.9722 96.2326
internal_count=2074 1208 462 866 263 603 746
is_linear=0
shrinkage=0.252688


Tree=515
num_leaves=8
num_cat=0
split_feature=7 9 7 4 21 3 12
split_gain=0.289669 1.15883 1.15222 0.427354 1.05848 0.386908 0.0460039
threshold=1.1844155192375185 -0.3619831502437591 1.2970802783966067 1.9686671495437624 -0.47349262237548823 0.68643042445182811 0.428179681301117
decision_type=2 2 2 2 2 2 2
left_child=3 6 -3 5 -5 -1 -2
right_child=1 2 -4 4 -6 -7 -8
leaf_value=0.0022094641740676795 -0.18955304487608418 -0.12888147389735627 0.099064070470299859 0.21029081262815458 0.013319730035502622 -0.038635041240977747 -0.13146576688182898
leaf_weight=212.17328766956052 1.6570232305675747 2.1370448786765319 4.1936465904582292 2.1210261143278322 9.7374346568249148 15.918993616476653 1.8512647366151211
leaf_count=1716 9 18 28 24 103 159 17
internal_value=4.78211e-05 -0.0424456 0.0221122 0.00179033 0.0485583 -0.000641228 -0.158926
internal_weight=249.79 9.83898 6.33069 239.951 11.8585 228.092 3.50829
internal_count=2074 72 46 2002 127 1875 26
is_linear=0
shrinkage=0.252688


Tree=516
num_leaves=8
num_cat=0
split_feature=1 8 5 14 14 6 1
split_gain=0.254349 1.40355 1.78677 0.476346 1.46203 0.985256 0.225981
threshold=-0.98377662897109974 -0.31032371520996088 -0.63896763324737538 0.28472222387790685 0.34027776122093206 -0.19474831968545911 -1.2864347100257871
decision_type=2 2 2 2 2 2 2
left_child=1 6 -3 5 -5 -2 -1
right_child=3 2 -4 4 -6 -7 -8
leaf_value=-0.1892221298621648 0.073640592362462287 0.22983709396018873 0.017385419469515311 -0.14146266413719305 -0.0092603309775295232 -0.0010871569387016135 -0.034582192721655927
leaf_weight=2.1137324681039904 12.309327057207154 2.7908302340656546 26.757298296492081 5.8026967925252384 67.101892129228872 132.79799189671758 0.84477612236514588
leaf_count=33 107 12 196 60 537 1117 12
internal_value=-1.09497e-05 0.0208402 0.0374553 -0.00312 -0.0197837 0.00525217 -0.145081
internal_weight=250.519 32.5066 29.5481 218.012 72.9046 145.107 2.95851
internal_count=2074 253 208 1821 597 1224 45
is_linear=0
shrinkage=0.252688


Tree=517
num_leaves=7
num_cat=0
split_feature=4 4 5 5 21 14
split_gain=0.26854 1.43445 1.0007 2.0677 0.861005 0.359038
threshold=0.73196834325790416 0.67365917563438427 0.46964865922927862 0.64151963591575634 0.1102806255221367 -1.5208333134651182
decision_type=2 2 2 2 2 2
left_child=1 5 4 -4 -2 -1
right_child=2 -3 3 -5 -6 -7
leaf_value=0.075112033086085953 0.019474881035980059 -0.2233895207570476 -0.22486243462095776 0.0095165095126992401 0.12253481127383255 -0.003089866858079359
leaf_weight=3.812822801526635 15.696910630213099 1.8797735047992308 2.8013165704906013 16.898542408132926 7.7221547178924075 220.90563222244964
leaf_count=20 130 24 14 129 23 1734
internal_value=-0.000123778 -0.00360188 0.0181541 -0.0238172 0.0534597 -0.00176283
internal_weight=269.717 226.598 43.1189 19.6999 23.4191 224.718
internal_count=2074 1778 296 143 153 1754
is_linear=0
shrinkage=0.252688


Tree=518
num_leaves=7
num_cat=0
split_feature=7 16 14 12 12 12
split_gain=0.232998 0.98606 0.877655 0.329 0.924426 0.742708
threshold=1.1844155192375185 -0.23218546062707898 -0.93749991059303273 0.52186670899391185 0.73379042744636547 0.054200289770960815
decision_type=2 2 2 2 2 2
left_child=3 -2 -3 5 -5 -1
right_child=1 2 -4 4 -6 -7
leaf_value=0.0056976780554353146 -0.19366312865340971 0.078851103809778125 -0.098354261351617581 0.090691692132808088 0.0042090258735588328 -0.031737890821536267
leaf_weight=135.65620670892531 2.0531555130146444 4.2503752782940865 3.0753669023979437 9.4155686800368112 48.755524768828764 45.084828300401568
leaf_count=1115 16 27 29 63 453 371
internal_value=0.000145513 -0.0389215 0.00445788 0.00167925 0.0182078 -0.00364047
internal_weight=248.291 9.3789 7.32574 238.912 58.1711 180.741
internal_count=2074 72 56 2002 516 1486
is_linear=0
shrinkage=0.252688


Tree=519
num_leaves=8
num_cat=0
split_feature=9 4 9 11 19 3 4
split_gain=0.248342 0.799501 1.85047 1.64907 0.653807 1.20258 0.480347
threshold=0.30436614155769354 -0.83752316236495961 0.37600320577621466 -0.13055863231420514 -0.70279115438461293 -0.79904896020889271 -1.4228082895278928
decision_type=2 2 2 2 2 2 2
left_child=4 2 -2 -3 5 -1 -6
right_child=1 3 -4 -5 6 -7 -8
leaf_value=0.0048313936084418297 0.20041401796017158 0.079790409106821197 -0.094498133534673137 -0.0033428118532714789 0.047919056371572004 -0.15492083538927448 -0.0055893386179019979
leaf_weight=7.2041369508951902 1.5835058069787908 21.200089801743161 9.5423485398150643 54.148667223766097 11.610351829323916 5.1659381402423588 138.40392399427947
leaf_count=66 9 166 99 438 79 76 1141
internal_value=-0.000227101 0.0107114 -0.0525166 0.0200479 -0.00605223 -0.0618873 -0.00144789
internal_weight=248.859 86.4746 11.1259 75.3488 162.384 12.3701 150.014
internal_count=2074 712 108 604 1362 142 1220
is_linear=0
shrinkage=0.252688


Tree=520
num_leaves=7
num_cat=0
split_feature=19 18 7 19 10 19
split_gain=0.256054 0.791938 1.06662 0.616982 0.988314 0.835822
threshold=1.3487916588783266 -0.096597213298082338 1.1159803271293642 1.1894499063491824 0.18106832355260852 1.1703495383262636
decision_type=2 2 2 2 2 2
left_child=3 2 -2 5 -5 -1
right_child=1 -3 -4 4 -6 -7
leaf_value=-0.0011945302969539719 -0.18474524099023687 0.15196664398252113 0.14709115379057544 0.11480512690695668 -0.1939427145887142 0.13924569067510864
leaf_weight=256.71728888561483 1.4721641971264037 2.6567602297291151 1.0657914839684961 0.9118292224593455 2.4127347541507334 2.7341171633452168
leaf_count=1977 31 14 4 5 35 8
internal_value=-2.11155e-06 0.0555494 -0.0453914 -0.0011004 -0.109257 0.000285714
internal_weight=267.971 5.19472 2.53796 262.776 3.32456 259.451
internal_count=2074 49 35 2025 40 1985
is_linear=0
shrinkage=0.252688


Tree=521
num_leaves=8
num_cat=0
split_feature=2 7 12 23 9 6 14
split_gain=0.247255 0.511992 0.582698 0.504129 0.283087 0.947349 0.850485
threshold=-1.436538517475128 0.6647934913635255 0.1933342516422272 0.38874401152133947 0.2816211879253388 -0.11159736663103102 -0.02083331253379583
decision_type=2 2 2 2 2 2 2
left_child=1 3 -3 -1 5 -2 -6
right_child=4 2 -4 -5 6 -7 -8
leaf_value=-0.11009245143963642 0.038184396001207162 0.21123196299459857 -0.0092751762860917956 0.025901971422751153 0.015329207599587379 -0.0046425352642061853 -0.037754598638773292
leaf_weight=6.0724367429502291 47.397142550675198 0.92157027669600111 4.4963272246532142 2.4394071958959103 39.869070819579065 108.41534344584215 37.300639046181459
leaf_count=83 372 10 53 25 395 835 301
internal_value=0.000231189 -0.0324703 0.0282492 -0.0711185 0.00218645 0.00838521 -0.0103294
internal_weight=246.912 13.9297 5.4179 8.51184 232.982 155.812 77.1697
internal_count=2074 171 63 108 1903 1207 696
is_linear=0
shrinkage=0.252688


Tree=522
num_leaves=8
num_cat=0
split_feature=12 19 2 21 12 8 6
split_gain=0.303146 0.977127 1.79117 0.995242 0.859109 1.30865 0.751597
threshold=0.428179681301117 0.32110054790973669 0.30683638155460363 -0.19765916466712949 0.1351931914687157 -0.16752882301807401 1.3544857501983645
decision_type=2 2 2 2 2 2 2
left_child=4 2 -2 -3 6 -6 -1
right_child=1 3 -4 -5 5 -7 -8
leaf_value=-0.00046027737447405185 0.040548765962840926 -0.14699842536344632 -0.11026252925661408 -0.02696187129532189 -0.063183497722539075 0.068494962701440065 -0.13572746884298892
leaf_weight=147.05816632205097 28.72910008917097 5.3164402935653952 6.0948371472086356 25.866653989767656 5.9605030644452226 25.156030335347168 2.6699203443713477
leaf_count=1204 283 45 77 203 71 169 22
internal_value=-0.00028292 -0.01494 0.0141527 -0.0474292 0.00506684 0.0432707 -0.00287281
internal_weight=246.852 66.007 34.8239 31.1831 180.845 31.1165 149.728
internal_count=2074 608 360 248 1466 240 1226
is_linear=0
shrinkage=0.252688


Tree=523
num_leaves=8
num_cat=0
split_feature=10 10 10 2 10 10 2
split_gain=0.218629 0.900702 0.895279 1.37842 0.720432 0.562818 0.358177
threshold=0.70323345065116893 0.79425942897796642 0.16443598270416263 0.11418353021144868 0.83535388112068187 0.11953476071357728 -0.167579710483551
decision_type=2 2 2 2 2 2 2
left_child=2 6 5 -4 -3 -1 -2
right_child=1 4 3 -5 -6 -7 -8
leaf_value=0.0021305016240050442 0.04082300288305122 -0.1296495930367802 -0.078297542712075674 0.007607087917123426 0.008809051010292248 0.078303824286673859 0.15479461883249573
leaf_weight=153.34694580943324 3.4880504696629941 2.5224068027455351 23.248345324653201 24.489743440732127 49.045445219788235 6.4535737812984726 3.5558028411760452
leaf_count=1172 18 24 211 207 392 36 14
internal_value=-1.52885e-05 0.0136126 -0.00386403 -0.0342287 0.00203515 0.00520703 0.0983644
internal_weight=266.15 58.6117 207.539 47.7381 51.5679 159.801 7.04385
internal_count=2074 448 1626 418 416 1208 32
is_linear=0
shrinkage=0.252688


Tree=524
num_leaves=7
num_cat=0
split_feature=12 16 21 4 21 1
split_gain=0.266664 0.889337 1.31629 0.698758 0.744998 0.451072
threshold=2.9869939088821416 -0.31967553496360773 -0.47349262237548823 0.73196834325790416 1.2537767887115481 -0.23405906558036801
decision_type=2 2 2 2 2 2
left_child=3 -2 -3 5 -5 -1
right_child=1 2 -4 4 -6 -7
leaf_value=-0.015996152179527413 -0.17884834296236934 0.25560753461424518 0.021053573738169191 -0.084804073820540851 0.070791153807287913 0.0092210326264538268
leaf_weight=65.616797166585457 1.2365090847015405 1.6808391790837074 16.715532986912876 11.246107583865522 2.3803650438785544 146.21824622133863
leaf_count=517 15 21 164 92 19 1246
internal_value=0.000301556 0.0285463 0.0424911 -0.00215801 -0.0576218 0.00140988
internal_weight=245.094 19.6329 18.3964 225.462 13.6265 211.835
internal_count=2074 200 185 1874 111 1763
is_linear=0
shrinkage=0.252688


Tree=525
num_leaves=8
num_cat=0
split_feature=23 23 22 21 23 4 24
split_gain=0.267836 2.41463 1.62945 1.1376 0.622737 0.527942 0.28682
threshold=-0.40980535745620722 -0.43134358525276179 -0.24175374954938886 -0.25431442260742182 -0.35765683650970453 0.23419670760631564 -0.079289801418781267
decision_type=2 2 2 2 2 2 2
left_child=1 5 3 -2 -4 -1 -3
right_child=2 6 4 -5 -6 -7 -8
leaf_value=0.023456562199144368 0.2326611716082527 -0.051490999604742238 -0.046171584695395798 0.015950551518261417 0.0050368248000389471 -0.027616564975689518 -0.1918482301335572
leaf_weight=31.340264118742198 3.3242776095867157 1.145178908947855 16.723103049676865 2.8921716585755339 162.50625318749644 21.990585072140675 4.9499186521861693
leaf_count=325 14 13 135 19 1333 192 43
internal_value=-6.06171e-05 -0.0148234 0.00467012 0.131848 0.000258664 0.00239684 -0.165484
internal_weight=244.872 59.4259 185.446 6.21645 179.229 53.3308 6.0951
internal_count=2074 573 1501 33 1468 517 56
is_linear=0
shrinkage=0.252688


Tree=526
num_leaves=8
num_cat=0
split_feature=16 16 13 20 13 16 2
split_gain=0.232518 1.55016 0.722394 0.992448 0.477653 0.370656 0.001532
threshold=1.0929128527641299 1.0147743821144106 0.75730985403060924 1.5093199014663699 0.78654956817626964 0.85445901751518261 0.23538338392972949
decision_type=2 2 2 2 2 2 2
left_child=1 5 3 -2 -4 -1 -3
right_child=2 6 4 -5 -6 -7 -8
leaf_value=0.0012721858583866928 0.012077014067895284 -0.19986309320860174 0.18105973241671733 -0.1986730262511204 0.045570984432943371 -0.056593907439353421 -0.18642008915599917
leaf_weight=224.55316775821848 20.410417940845953 1.0656842943280929 2.3816763526119749 1.5334219569340337 5.4927733887452632 7.2970794464927158 1.6751396409235892
leaf_count=1682 200 11 11 17 35 96 22
internal_value=-0.000111169 -0.00278272 0.0209065 -0.00265443 0.08656 -0.000549167 -0.191685
internal_weight=264.409 234.591 29.8183 21.9438 7.87445 231.85 2.74082
internal_count=2074 1811 263 217 46 1778 33
is_linear=0
shrinkage=0.252688


Tree=527
num_leaves=5
num_cat=0
split_feature=3 10 20 21
split_gain=0.308692 0.33151 1.0943 0.66002
threshold=1.4814792275428774 -0.074708878993988023 0.58106446266174328 -0.2732106745243072
decision_type=2 2 2 2
left_child=1 2 -1 -3
right_child=-2 3 -4 -5
leaf_value=-0.00076357237446161765 -0.089622168723799134 -0.024145130540959674 -0.084976898870973996 0.019772463243283942
leaf_weight=103.9560780134052 2.4192222962155929 28.093843628885224 10.883447357919065 98.303609184586094
leaf_count=825 24 226 132 867
internal_value=0.000181563 0.00108235 -0.00874491 0.010011
internal_weight=243.656 241.237 114.84 126.397
internal_count=2074 2050 957 1093
is_linear=0
shrinkage=0.252688


Tree=528
num_leaves=8
num_cat=0
split_feature=4 6 18 4 10 17 11
split_gain=0.255724 1.46576 1.11591 0.558432 0.7766 0.419164 0.000139991
threshold=-1.8424841761589048 0.18161923438310626 -0.35290896892547602 -1.6558450460433958 -0.47507110238075251 -0.40498991310596461 -0.47075843811035151
decision_type=2 2 2 2 2 2 2
left_child=1 6 -3 4 -2 -5 -1
right_child=3 2 -4 5 -6 -7 -8
leaf_value=-0.19430300538200368 0.24560647991788168 0.19422524092099175 -0.048290521668853559 0.086841906228165747 0.0076257393659096822 -0.0014309097037798375 -0.20101872840352664
leaf_weight=1.362825967371464 1.4186888150870802 1.7919894419610498 3.7370319981127977 3.4869137228233731 2.2857301424237439 227.44204565492328 1.3078753426671008
leaf_count=22 9 11 35 36 27 1930 4
internal_value=-6.93602e-05 -0.0439322 0.0303211 0.0014636 0.0987881 -9.7832e-05 -0.197631
internal_weight=242.833 8.19972 5.52902 234.633 3.70442 230.929 2.6707
internal_count=2074 72 46 2002 36 1966 26
is_linear=0
shrinkage=0.252688


Tree=529
num_leaves=8
num_cat=0
split_feature=15 23 11 12 11 2 11
split_gain=0.223342 2.53505 1.62372 1.20321 0.770304 0.600617 0.0338161
threshold=-0.3843159675598144 -0.37052206695079798 -0.42702543735504145 -0.18957541882991788 -0.61606380343437184 0.033741518855094917 -0.41470004618167872
decision_type=2 2 2 2 2 2 2
left_child=2 6 3 -1 -3 -4 -2
right_child=1 4 5 -5 -6 -7 -8
leaf_value=-0.15604411957093939 -0.18452500895586355 0.065345800585974181 0.025254920244282612 0.0053655108763657122 -0.0049214303622205245 0.16590159048733807 -0.23264132582263453
leaf_weight=3.0713675199076524 2.621859306935221 10.609325271099804 3.0166351720690709 73.615363095479552 163.01599984783388 5.4260776320588775 1.4699362013488997
leaf_count=39 43 55 11 570 1310 33 13
internal_value=-0.000162963 -0.00526089 0.0104795 -0.00110009 -0.000627578 0.115653 -0.201838
internal_weight=262.847 177.717 85.1294 76.6867 173.625 8.44271 4.0918
internal_count=2074 1421 653 609 1365 44 56
is_linear=0
shrinkage=0.252688


Tree=530
num_leaves=7
num_cat=0
split_feature=5 14 5 19 2 18
split_gain=0.290919 0.338643 0.322577 0.300788 0.121625 0.00686902
threshold=-1.9094588160514829 -0.076388876885175691 -1.6580471992492674 -1.3852701187133787 0.55543681979179393 0.14324910938739779
decision_type=2 2 2 2 2 2
left_child=1 5 4 -4 -2 -1
right_child=2 -3 3 -5 -6 -7
leaf_value=-0.19628845411747234 0.042692382332640832 0.034311214002763865 -0.083982103932938507 0.0011947039219776937 0.17171719877954911 -0.15818971115391581
leaf_weight=0.57716072117909811 0.9566838527098287 0.80108097055926819 2.6767293824814251 235.75372242298909 0.91084467899054289 0.68605795735493302
leaf_count=3 16 15 22 1980 11 27
internal_value=0.000246236 -0.0941969 0.00105777 0.00023828 0.105653 -0.175673
internal_weight=242.362 2.0643 240.298 238.43 1.86753 1.26322
internal_count=2074 45 2029 2002 27 30
is_linear=0
shrinkage=0.252688


Tree=531
num_leaves=7
num_cat=0
split_feature=14 13 13 11 21 21
split_gain=0.265612 1.45961 0.840279 0.837042 0.783432 0.00173595
threshold=-0.34027776122093195 0.4064327478408814 0.3538010865449906 -0.47075843811035151 0.1058940961956978 0.87629941105842601
decision_type=2 2 2 2 2 2
left_child=3 2 -2 -1 -5 -3
right_child=1 5 -4 4 -6 -7
leaf_value=-0.19889658894125592 0.0050808654909339449 0.18968829706360721 -0.097309577343905676 0.02135312185630945 -0.034705937318388336 0.17632808199869288
leaf_weight=1.5247488375753153 167.42024693851272 1.4336350858211511 5.2785211140289894 28.921715788019355 35.400294489154476 1.457054069265723
leaf_count=17 1416 11 28 258 326 18
internal_value=-0.000200513 0.00493194 0.00195102 -0.0138868 -0.00949958 0.182988
internal_weight=241.436 175.589 172.699 65.8468 64.322 2.89069
internal_count=2074 1473 1444 601 584 29
is_linear=0
shrinkage=0.252688


Tree=532
num_leaves=5
num_cat=0
split_feature=8 10 10 10
split_gain=0.220225 0.295682 0.73926 0.448833
threshold=13.693320751190187 1.9999334216117861 2.2861287593841557 1.9778499603271487
decision_type=2 2 2 2
left_child=1 3 -3 -1
right_child=-2 2 -4 -5
leaf_value=-0.00069250207905648955 0.067310092556251949 -0.19155455926507614 0.028286350082968058 0.1333423163138131
leaf_weight=252.24220768391388 3.0564467601943752 1.758204736746847 2.1961023537442088 1.6048369854688633
leaf_count=1988 24 34 22 6
internal_value=-0.000113495 -0.000912999 -0.0694738 0.000155145
internal_weight=260.858 257.801 3.95431 253.847
internal_count=2074 2050 56 1994
is_linear=0
shrinkage=0.252688


Tree=533
num_leaves=8
num_cat=0
split_feature=9 1 1 5 1 9 13
split_gain=0.240483 0.747971 0.737734 0.306299 1.0174 0.938621 0.124623
threshold=1.5170156955718996 1.0306586623191836 0.33205530047416693 -0.67018714547157276 0.30179311335086828 1.3909760713577273 -0.076023451983928667
decision_type=2 2 2 2 2 2 2
left_child=3 2 -2 4 -1 -5 -3
right_child=1 6 -4 5 -6 -7 -8
leaf_value=-0.052429523942227774 0.0027089645669195724 0.20043689178413213 -0.11085120708361919 0.0043999727333746659 0.038250027623449326 0.16114377953132963 0.054333640385480622
leaf_weight=21.784210725454614 8.4257952915504593 0.88612914363329764 6.44746309518814 187.95070368982852 12.395116236992179 2.4709217869676641 0.64414050057530292
leaf_count=198 81 24 55 1551 135 22 8
internal_value=0.000323722 -0.0292117 -0.0465207 0.00248089 -0.0195445 0.00643434 0.138978
internal_weight=241.004 16.4035 14.8733 224.601 34.1793 190.422 1.53027
internal_count=2074 168 136 1906 333 1573 32
is_linear=0
shrinkage=0.252688


Tree=534
num_leaves=8
num_cat=0
split_feature=12 16 16 7 6 21 8
split_gain=0.237408 1.00147 0.812882 0.550312 1.00219 0.497505 0.286875
threshold=0.47399897873401647 -0.58869811892509449 -0.39530599117279047 0.71718904376029979 0.89496716856956493 1.9022138714790346 0.076438780874013915
decision_type=2 2 2 2 2 2 2
left_child=3 6 -3 5 -5 -1 -2
right_child=1 2 -4 4 -6 -7 -8
leaf_value=0.006496046161920236 -0.0539543089883932 0.080179161424520459 -0.017127596384643 -0.13779888219668154 0.014915158002100765 0.12612652865106933 -0.22590896757445228
leaf_weight=166.15119944208709 0.96546323806978707 6.1320438645780078 51.642531599928589 4.7527899662964028 6.4903067909181118 2.249170070514082 1.7303709555417297
leaf_count=1353 23 46 504 47 51 31 19
internal_value=-0.000129417 -0.0138242 -0.00679905 0.00448046 -0.0496449 0.00809424 -0.16435
internal_weight=240.114 60.4704 57.7746 179.643 11.2431 168.4 2.69583
internal_count=2074 592 550 1482 98 1384 42
is_linear=0
shrinkage=0.252688


Tree=535
num_leaves=4
num_cat=0
split_feature=6 6 18
split_gain=0.223043 0.22456 0.195737
threshold=1.4048138260841372 1.367614805698395 2.9527992010116582
decision_type=2 2 2
left_child=1 2 -1
right_child=-2 -3 -4
leaf_value=-0.00067475572710211688 0.09654089613868963 -0.091234026387279982 0.083288287686933998
leaf_weight=254.8254217026988 1.5143073201179493 1.7371983658522356 1.7847124007676018
leaf_count=2028 4 18 24
internal_value=-0.000136805 -0.000703685 -9.06208e-05
internal_weight=259.862 258.347 256.61
internal_count=2074 2070 2052
is_linear=0
shrinkage=0.252688


Tree=536
num_leaves=7
num_cat=0
split_feature=16 9 6 16 7 18
split_gain=0.247354 0.842262 0.840034 0.706528 0.616469 0.56711
threshold=-0.014232889749109743 0.62334781885147106 1.2625820040702822 -0.20062614232301709 0.52403396368026745 0.29253567755222326
decision_type=2 2 2 2 2 2
left_child=1 3 5 -1 -4 -2
right_child=2 -3 4 -5 -6 -7
leaf_value=-0.0060195926139469955 -0.034981046693375158 0.13119870817982301 0.032675131043604165 0.03851138626580787 0.2130832104106764 0.0027177738300474203
leaf_weight=97.549365063838195 45.601600014837459 3.4328018743544808 4.2911229049786916 29.668037185212597 1.6836335044354198 57.738574255126878
leaf_count=761 423 23 51 237 25 554
internal_value=0.000277651 0.00769851 -0.00859153 0.00436547 0.0835271 -0.0139179
internal_weight=239.965 130.65 109.315 127.217 5.97476 103.34
internal_count=2074 1021 1053 998 76 977
is_linear=0
shrinkage=0.252688


Tree=537
num_leaves=8
num_cat=0
split_feature=15 23 6 12 15 18 19
split_gain=0.245518 0.998862 1.12956 0.998075 0.613879 0.83127 0.498473
threshold=2.01805591583252 1.7239641547203066 1.2625820040702822 0.1933342516422272 4.6590611934661874 -0.33260162174701685 -0.098655831068754182
decision_type=2 2 2 2 2 2 2
left_child=1 2 -1 -3 5 -2 -6
right_child=4 3 -4 -5 6 -7 -8
leaf_value=0.0010093270325213742 -0.022868041032460162 0.023795205248779275 -0.16351332566540006 0.20100490464744994 -0.029321384094927096 -0.18239571199168048 0.087501585137617618
leaf_weight=207.7298724371758 6.8193798394058831 5.8800824568606895 2.6986559899523845 3.0984466345980763 5.7558314551715739 3.004153015092017 3.9199770931154472
leaf_count=1757 81 48 29 24 41 55 39
internal_value=5.94587e-06 0.00242087 -0.001101 0.0849578 -0.027166 -0.0716608 0.0180094
internal_weight=238.906 219.407 210.429 8.97853 19.4993 9.82353 9.67581
internal_count=2074 1858 1786 72 216 136 80
is_linear=0
shrinkage=0.252688


Tree=538
num_leaves=7
num_cat=0
split_feature=9 5 11 9 8 9
split_gain=0.223204 1.53944 0.581874 0.29021 0.614979 0.43412
threshold=-0.87094116210937489 -0.68839234113693226 -1.2650802135467527 -0.69837439060211171 -0.30155818164348597 -0.5278005301952361
decision_type=2 2 2 2 2 2
left_child=1 -1 -3 4 -2 -5
right_child=3 2 -4 5 -6 -7
leaf_value=0.19090781801745538 -0.096977530463639022 0.058072634825502845 -0.1178901498131171 -0.029653866522007851 0.043654111053021603 0.0028230035757063395
leaf_weight=1.5548511701636014 2.2124131675809648 1.4813186153769491 6.3098452221602184 30.304749534232542 19.316477315034717 197.87124674413644
leaf_count=8 16 9 64 208 116 1653
internal_value=-0.000279304 -0.0386174 -0.0844328 0.0011557 0.0292 -0.0014904
internal_weight=259.051 9.34602 7.79116 249.705 21.5289 228.176
internal_count=2074 81 73 1993 132 1861
is_linear=0
shrinkage=0.252688


Tree=539
num_leaves=5
num_cat=0
split_feature=23 23 23 11
split_gain=0.230257 0.245252 1.75848 1.03732
threshold=-0.59690457582473744 -0.36153110861778254 -0.36494183540344233 -0.64071163535118092
decision_type=2 2 2 2
left_child=-1 2 -2 -3
right_child=1 3 -4 -5
leaf_value=-0.068901283309648079 0.0057978644644133574 0.1570489853713932 0.22627824159088747 -0.0078705413055639405
leaf_weight=3.0308946259319773 85.745211947069038 2.4762122258543959 2.373169634025543 145.2787861860852
leaf_count=18 691 20 16 1329
internal_value=0.000296906 0.00118624 0.0117371 -0.00510611
internal_weight=238.904 235.873 88.1184 147.755
internal_count=2074 2056 707 1349
is_linear=0
shrinkage=0.252688


Tree=540
num_leaves=8
num_cat=0
split_feature=24 4 4 2 3 6 12
split_gain=0.196694 1.5716 0.956666 0.823571 1.32276 0.786724 0.613254
threshold=-0.2415194436907768 -0.73710441589355458 -0.72286260128021229 0.56292867660522472 -0.59914404153823841 0.40481397509574896 -0.18155469745397565
decision_type=2 2 2 2 2 2 2
left_child=1 5 -3 6 -5 -1 -2
right_child=3 2 -4 4 -6 -7 -8
leaf_value=-0.12407909526090335 -0.02601455556940184 0.18860526459303009 -0.00010242193332036557 -0.0073150152041363374 0.10393831231245897 0.041934605940645645 0.0097174572202222281
leaf_weight=9.9820800986090017 48.261018755612895 1.7623943202197541 63.549714757798938 14.561704269610347 12.840613194217438 2.2294754830654702 84.130536879005376
leaf_count=96 394 8 600 121 92 13 750
internal_value=-0.000121899 -0.0105661 0.00499116 0.0049451 0.0448188 -0.0937692 -0.00330806
internal_weight=237.318 77.5237 65.3121 159.794 27.4023 12.2116 132.392
internal_count=2074 717 608 1357 213 109 1144
is_linear=0
shrinkage=0.252688


Tree=541
num_leaves=7
num_cat=0
split_feature=10 9 9 10 18 6
split_gain=0.26481 0.84014 0.829288 0.808403 0.697476 0.592999
threshold=-0.24402727186679837 -0.80613571405410755 -0.7121223211288451 -0.22670632600784299 0.25466518104076391 0.33041578531265264
decision_type=2 2 2 2 2 2
left_child=1 5 -3 -2 -5 -1
right_child=3 2 -4 4 -6 -7
leaf_value=-0.14942483619816521 -0.15855663614211549 0.090528330983967384 0.0076206083191219997 0.006352435404648752 -0.031758961498355928 0.031011273562679374
leaf_weight=3.492129440419375 2.2152372868731609 8.3929521264508349 93.704242871142924 104.86296374769881 43.330085625813808 1.7433094792068002
leaf_count=34 24 46 682 804 473 11
internal_value=-0.000214146 0.00937385 0.0144365 -0.00705624 -0.004791 -0.0893454
internal_weight=257.741 107.333 102.097 150.408 148.193 5.23544
internal_count=2074 773 728 1301 1277 45
is_linear=0
shrinkage=0.252688


Tree=542
num_leaves=7
num_cat=0
split_feature=17 11 0 3 8 22
split_gain=0.222664 0.877163 0.86502 0.437549 2.168 1.56066
threshold=-0.36382216215133661 -0.87884214520454396 -1.0000000180025095e-35 0.27273608744144445 0.25071121007204061 -0.24175374954938886
decision_type=2 2 2 2 2 2
left_child=1 2 -1 5 -5 -2
right_child=3 -3 -4 4 -6 -7
leaf_value=0.11030625747675436 0.11114910692540139 0.13476841219434071 -0.033335817255406533 -0.088728943147865863 0.010541289914139086 -0.00062764266224814226
leaf_weight=3.4658378001768151 8.447483105119316 3.8224815018475047 11.753069165744819 19.958904151339084 47.422620883444324 142.68092531130242
leaf_count=62 58 22 105 135 458 1234
internal_value=0.000354132 0.0265607 -0.000621083 -0.00192961 -0.0188637 0.0056206
internal_weight=237.551 19.0414 15.2189 218.51 67.3815 151.128
internal_count=2074 189 167 1885 593 1292
is_linear=0
shrinkage=0.252688


Tree=543
num_leaves=6
num_cat=0
split_feature=14 24 14 24 14
split_gain=0.236345 0.339603 0.285336 2.09219 0.990767
threshold=1.6458333730697634 0.2057510390877724 1.1319444775581362 -1.6465092897415159 1.0208333134651186
decision_type=2 2 2 2 2
left_child=2 -2 4 -4 -1
right_child=1 -3 3 -5 -6
leaf_value=0.0018162110285798285 0.03387558476004171 -0.14090380511849168 -0.18546952455610069 0.081951237100404459 -0.093692205564261527
leaf_weight=211.96665934338625 1.1825913393404328 1.7744493079371748 2.2470088433474293 11.06214778497815 7.1692172209732226
leaf_count=1872 16 16 16 99 55
internal_value=-2.99173e-05 -0.0710113 0.000873223 0.0367964 -0.00130864
internal_weight=235.402 2.95704 232.445 13.3092 219.136
internal_count=2074 32 2042 115 1927
is_linear=0
shrinkage=0.252688


Tree=544
num_leaves=8
num_cat=0
split_feature=7 19 19 7 24 4 10
split_gain=0.233916 1.04117 1.71905 0.949671 1.12749 0.900622 0.810503
threshold=-0.52000975608825672 0.076709561049938216 -0.073939740657806383 -0.36839337646961207 0.1563932150602341 -0.69371965527534474 -0.5455229878425597
decision_type=2 2 2 2 2 2 2
left_child=1 2 -1 4 -2 -5 -3
right_child=3 6 -4 5 -6 -7 -8
leaf_value=0.013093194014272176 -0.10746944873762873 0.18721625977308717 -0.15642696915184326 0.040254834473638777 0.015993018245892821 -0.0070328947832126896 0.035659573240536035
leaf_weight=43.382395961671136 11.642737813759597 3.4406948946416378 4.1877994430251411 31.154489317719708 7.9459425923414519 147.32306698689354 6.5265076025389117
leaf_count=420 113 8 41 192 55 1197 48
internal_value=-0.000455065 0.0137276 -0.0018319 -0.00457511 -0.057389 0.00122159 0.0879845
internal_weight=255.604 57.5374 47.5702 198.066 19.5887 178.478 9.9672
internal_count=2074 517 461 1557 168 1389 56
is_linear=0
shrinkage=0.252688


Tree=545
num_leaves=5
num_cat=0
split_feature=20 20 18 12
split_gain=0.250111 0.326815 0.498237 0.359951
threshold=13.386305809020998 6.2816896438598642 -0.41437987983226771 1.0246115922927859
decision_type=2 2 2 2
left_child=1 3 -3 -1
right_child=-2 2 -4 -5
leaf_value=-0.003219073549375822 0.079033877356814747 -0.2366737228090777 -0.025810203859378624 0.024919920152123649
leaf_weight=194.31576456991024 2.5621843589469782 0.89393992722034443 3.5766168893314889 34.123365657505929
leaf_count=1610 24 12 60 368
internal_value=0.000523886 -0.000339955 -0.0679981 0.000984264
internal_weight=235.472 232.91 4.47056 228.439
internal_count=2074 2050 72 1978
is_linear=0
shrinkage=0.252688


Tree=546
num_leaves=8
num_cat=0
split_feature=6 3 4 5 6 3 18
split_gain=0.21603 0.992294 1.24903 0.959862 0.604891 1.23888 0.654879
threshold=0.14660833030939105 -0.83383920788764943 0.060639962553977973 -1.2504738569259641 0.56673961877822887 -0.15218403190374372 -0.46377612650394434
decision_type=2 2 2 2 2 2 2
left_child=1 2 -1 -3 5 -2 -6
right_child=4 3 -4 -5 6 -7 -8
leaf_value=0.09434812950753077 0.011578094136208359 -0.16634210529397625 -0.16795159407920723 0.0010274784365109538 -0.14252082142037506 0.12234467477999345 -0.0036024602918929157
leaf_weight=1.5275661918744834 40.121981489472091 2.2281344675575374 4.8020971990190446 119.57616377486647 2.2535154947545371 7.6812786385416976 55.955379147126223
leaf_count=23 351 30 55 1016 29 47 523
internal_value=-0.000122782 -0.00710419 -0.104647 -0.00203487 0.00831544 0.0293778 -0.00898185
internal_weight=234.146 128.134 6.32966 121.804 106.012 47.8033 58.2089
internal_count=2074 1124 78 1046 950 398 552
is_linear=0
shrinkage=0.252688


Tree=547
num_leaves=7
num_cat=0
split_feature=19 21 16 19 8 19
split_gain=0.189777 0.565857 0.994924 0.508465 0.685509 0.6243
threshold=1.3487916588783266 0.30136209726333624 0.87722983956336986 1.1894499063491824 0.18471946567296985 1.1703495383262636
decision_type=2 2 2 2 2 2
left_child=3 -2 -3 5 -5 -1
right_child=1 2 -4 4 -6 -7
leaf_value=-0.0012954669234787933 0.15885150737247783 -0.17959387553077535 0.1305422667549308 0.09747424850480696 -0.18817074293916453 0.12564447845548229
leaf_weight=244.48559823886899 1.8392552509903897 1.313222974771634 1.3276932016015051 0.73747290670871679 1.9647360123926771 2.4985611848533145
leaf_count=1977 6 38 5 6 34 8
internal_value=-0.000278925 0.0512643 -0.0236807 -0.00120389 -0.11021 -1.10352e-05
internal_weight=254.167 4.48017 2.64092 249.686 2.70221 246.984
internal_count=2074 49 43 2025 40 1985
is_linear=0
shrinkage=0.252688


Tree=548
num_leaves=6
num_cat=0
split_feature=2 1 1 2 2
split_gain=0.238826 0.655358 0.631731 0.460691 0.313737
threshold=-1.3444033861160276 -0.16029764711856839 -0.21816782653331754 -1.2917930483818052 -1.1777715682983396
decision_type=2 2 2 2 2
left_child=1 2 -1 -2 -5
right_child=3 -3 -4 4 -6
leaf_value=-0.025858482697004363 0.12119532957653092 -0.18005823607786856 0.17544296482311916 -0.06381182194211231 0.0029881987128814263
leaf_weight=14.713933965424076 2.0746693825349203 1.6397719713859249 1.0671204179525382 4.5865631299093357 210.62251883879071
leaf_count=170 16 20 15 40 1813
internal_value=0.00042455 -0.0280421 -0.0122409 0.00270695 0.00156439
internal_weight=234.705 17.4208 15.7811 217.284 215.209
internal_count=2074 205 185 1869 1853
is_linear=0
shrinkage=0.252688


Tree=549
num_leaves=7
num_cat=0
split_feature=10 15 22 10 9 14
split_gain=0.242231 0.906773 1.15647 0.840276 0.612111 0.346947
threshold=-0.63295421004295338 0.106197576969862 -0.21958793699741361 -0.6134158968925475 -0.060836367309093468 0.28472222387790685
decision_type=2 2 2 2 2 2
left_child=1 2 -1 -2 -3 -5
right_child=3 4 -4 5 -6 -7
leaf_value=0.07418470226993068 0.16569507456522647 0.0011305189461497571 -0.092328875497538626 0.0095557963983018794 0.15068204133291879 -0.011675226721628424
leaf_weight=3.3411423583747846 1.999444544315337 6.406820465112105 13.11792964837514 123.54598329305099 2.4023921173065883 81.609977431311563
leaf_count=57 16 54 123 1095 27 702
internal_value=-0.00014988 -0.0235067 -0.0585257 0.00269917 0.041922 0.00111019
internal_weight=232.424 25.2683 16.4591 207.155 8.80921 205.156
internal_count=2074 261 180 1813 81 1797
is_linear=0
shrinkage=0.252688


Tree=550
num_leaves=7
num_cat=0
split_feature=19 20 5 3 5 8
split_gain=0.179641 1.00364 0.685629 0.47925 0.298142 0.000294467
threshold=-1.2215265631675718 -0.6186997890472411 -1.5869712829589842 -1.7130728960037229 -1.3552751541137693 -0.50482895970344532
decision_type=2 2 2 2 2 2
left_child=1 3 5 -1 -4 -2
right_child=2 -3 4 -5 -6 -7
leaf_value=-0.052034416774442371 -0.17632113741879485 -0.17824074079387933 0.080937121489451244 0.11340903609247474 -0.0012211131446884021 -0.18753834686878221
leaf_weight=1.4353483369341109 0.95043332851491868 1.1611273086164136 2.8531628753989926 5.0512235141359279 240.73859412116872 0.41472737304866203
leaf_count=31 32 28 16 41 1918 8
internal_value=-6.89176e-05 0.0380666 -0.00125962 0.0767982 -0.000258624 -0.179801
internal_weight=252.605 7.6477 244.957 6.48657 243.592 1.36516
internal_count=2074 100 1974 72 1934 40
is_linear=0
shrinkage=0.252688


Tree=551
num_leaves=5
num_cat=0
split_feature=20 8 8 22
split_gain=0.259348 0.302613 0.535596 0.475842
threshold=-3.7129387855529781 -0.87833279371261586 -0.31670975685119623 0.50744056701660167
decision_type=2 2 2 2
left_child=-1 3 -3 -2
right_child=1 2 -4 -5
leaf_value=0.12787777912879003 -0.086205591281335245 0.035914825096764955 -0.0022119342549761002 -0.0054228849110316436
leaf_weight=1.011276806006207 6.4165096321667106 27.019715935603017 181.91526526462985 16.963800492696464
leaf_count=18 80 256 1532 188
internal_value=0.000223918 -0.000332048 0.00271873 -0.0275945
internal_weight=233.327 232.315 208.935 23.3803
internal_count=2074 2056 1788 268
is_linear=0
shrinkage=0.252688


Tree=552
num_leaves=7
num_cat=0
split_feature=1 5 5 9 19 9
split_gain=0.239013 0.736866 0.736468 0.274028 1.24152 1.09481
threshold=-0.98377662897109974 -1.0952846407890318 -0.71410647034645069 1.2987955808639529 -0.5905628204345702 1.2128003835678103
decision_type=2 2 2 2 2 2
left_child=1 -1 -3 5 -5 -2
right_child=3 2 -4 4 -6 -7
leaf_value=-0.18726144525921998 -0.0038615913701272012 0.16585756710990765 0.01666732375548283 -0.045466516993012157 0.073919302135263584 -0.15032110573057533
leaf_weight=1.0458865929103947 175.2460446167388 2.296177607146098 26.375903625361385 9.7153918750473185 13.008050503791308 3.3201233395375302
leaf_count=23 1583 20 210 103 112 23
internal_value=-0.000136191 0.0210171 0.028618 -0.00325928 0.022876 -0.00658519
internal_weight=231.008 29.718 28.6721 201.29 22.7234 178.566
internal_count=2074 253 230 1821 215 1606
is_linear=0
shrinkage=0.252688


Tree=553
num_leaves=5
num_cat=0
split_feature=6 19 7 5
split_gain=0.219287 0.184379 1.1655 0.634703
threshold=1.4048138260841372 0.54376906156539928 -0.048187170177698128 0.4234477579593659
decision_type=2 2 2 2
left_child=1 3 -3 -1
right_child=-2 2 -4 -5
leaf_value=0.00098561238715503987 0.096496094071641725 0.076242676203540471 -0.0054152938607408187 -0.041625784687864285
leaf_weight=149.45946787511639 1.4837507754564274 13.683690845035015 60.514201171579771 26.237365458189743
leaf_count=1361 4 77 407 225
internal_value=-0.00034218 -0.000917366 0.00964461 -0.00537778
internal_weight=251.378 249.895 74.1979 175.697
internal_count=2074 2070 484 1586
is_linear=0
shrinkage=0.252688


Tree=554
num_leaves=6
num_cat=0
split_feature=7 12 3 20 21
split_gain=0.228237 1.22164 1.13577 1.10652 0.653852
threshold=-0.037073919549584382 -0.68154582381248463 0.4177402406930924 0.34205235540866857 -0.94620916247367848
decision_type=2 2 2 2 2
left_child=2 -2 3 -1 -3
right_child=1 4 -4 -5 -6
leaf_value=0.0050607298932194697 0.19628070999427749 -0.16781617827299097 -0.20620474553507065 -0.071820172485607514 0.0067555376740826662
leaf_weight=96.778821875108406 2.1638096179813138 1.3856814950704563 1.8100171769037832 13.637326281052081 116.69388998966315
leaf_count=856 24 7 15 134 1038
internal_value=0.000505353 0.00815445 -0.00769017 -0.004435 0.00470616
internal_weight=232.47 120.243 112.226 110.416 118.08
internal_count=2074 1069 1005 990 1045
is_linear=0
shrinkage=0.252688


Tree=555
num_leaves=6
num_cat=0
split_feature=1 1 14 5 14
split_gain=0.22794 0.633102 0.231625 0.629678 0.578858
threshold=1.1476124525070193 1.1668737530708315 -0.31249998509883875 1.9462294578552248 0.28472222387790685
decision_type=2 2 2 2 2
left_child=2 -2 3 -1 -4
right_child=1 -3 4 -5 -6
leaf_value=-0.017988593618879785 -0.18890987915837862 0.090963711139723985 0.023018486314124984 0.096357539586919463 -0.0073317340086367956
leaf_weight=60.881898383609951 1.3430327218084124 0.83753259132936353 70.326330087147653 3.238041214644908 93.434036240621936
leaf_count=583 16 24 600 30 821
internal_value=-0.000117037 -0.0814167 0.000661093 -0.0122134 0.00570209
internal_weight=230.061 2.18057 227.88 64.1199 163.76
internal_count=2074 40 2034 613 1421
is_linear=0
shrinkage=0.252688


Tree=556
num_leaves=6
num_cat=0
split_feature=1 9 18 1 9
split_gain=0.217802 0.442006 0.224724 0.671148 0.180685
threshold=1.1476124525070193 0.24111066758632663 2.9527992010116582 1.0710772871971133 0.44148957729339605
decision_type=2 2 2 2 2
left_child=2 -2 3 -1 -3
right_child=1 4 -4 -5 -6
leaf_value=-0.00029795319275441648 -0.047234295839731745 0.1913902847858833 0.091821025239370149 -0.11900972634955027 0.050550562529148108
leaf_weight=241.87426073887036 1.5124010751023882 1.289658857509494 1.6479144413024176 3.0790679124183944 1.0600178868044166
leaf_count=1973 10 4 7 54 26
internal_value=-0.000232081 0.0593067 -0.00116466 -0.00179042 0.127879
internal_weight=250.463 3.86208 246.601 244.953 2.34968
internal_count=2074 40 2034 2027 30
is_linear=0
shrinkage=0.252688


Tree=557
num_leaves=8
num_cat=0
split_feature=10 10 11 10 5 19 3
split_gain=0.331847 0.44333 0.575859 0.50311 0.405319 0.519867 0.454141
threshold=1.0696959495544436 1.5864948034286501 -0.72190982103347767 1.5025941729545595 1.3106144666671755 0.79682895541191112 0.94336631894111644
decision_type=2 2 2 2 2 2 2
left_child=4 3 -3 -2 6 -6 -1
right_child=1 2 -4 -5 5 -7 -8
leaf_value=0.00093378395786166064 -0.033040468220053465 0.23327156409017274 -0.0030238851094557778 -0.15314820213910782 0.17445674120340923 0.012510685062820942 0.13048992000038598
leaf_weight=195.56217207014561 13.076416670344772 0.69614118430763561 12.027674206998196 2.6835120357573023 1.9989595999941219 3.4489660332910717 1.7424700938281592
leaf_count=1671 128 14 154 24 20 42 21
internal_value=0.000367826 -0.0251712 0.00991327 -0.0534963 0.00395575 0.0719435 0.0020783
internal_weight=231.236 28.4837 12.7238 15.7599 202.753 5.44793 197.305
internal_count=2074 320 168 152 1754 62 1692
is_linear=0
shrinkage=0.252688


Tree=558
num_leaves=7
num_cat=0
split_feature=1 21 24 4 13 13
split_gain=0.216173 0.956531 0.746433 0.550209 0.517598 0.733715
threshold=1.0480016469955447 0.9773848056793214 -1.1848458647727964 -0.0088537475094199163 -1.06725138425827 -1.0380115509033201
decision_type=2 2 2 2 2 2
left_child=4 2 -2 -3 -1 -6
right_child=1 3 -4 -5 5 -7
leaf_value=0.14263869150182149 0.091531380825873337 -0.029162288190745064 -0.12799827423969734 0.19318164235013754 -0.13293530623975416 0.0019700197426838922
leaf_weight=1.6443463619798411 1.2023073695600031 1.3761641604860417 5.5635608421871421 1.4686111835762856 2.604782140813767 215.39264695152815
leaf_count=21 8 32 68 20 33 1892
internal_value=-0.000199852 -0.0372933 -0.0889831 0.0856365 0.00142329 0.000357754
internal_weight=229.252 9.61064 6.76587 2.84478 219.642 217.997
internal_count=2074 128 76 52 1946 1925
is_linear=0
shrinkage=0.252688


Tree=559
num_leaves=7
num_cat=0
split_feature=10 13 10 3 3 12
split_gain=0.198669 1.10078 0.681181 0.540725 0.72547 0.597978
threshold=0.70323345065116893 1.0847952365875246 0.79425942897796642 0.87880849838256847 0.6481609344482423 11.495035648345949
decision_type=2 2 2 2 2 2
left_child=3 2 -2 4 -1 -5
right_child=1 -3 -4 5 -6 -7
leaf_value=-0.0065182462757791149 0.097429249547161201 -0.1938534691200213 0.009028097510402679 -0.22717419583697937 0.055095241748342724 0.013900832100722149
leaf_weight=179.53592950094026 6.3223944443452629 1.5882952164392907 46.472385147673776 1.4407650274224573 13.091415151488034 1.2071589617989955
leaf_count=1513 31 19 398 22 84 7
internal_value=-0.000128144 0.013379 0.0196154 -0.00388985 -0.0023307 -0.117289
internal_weight=249.658 54.3831 52.7948 195.275 192.627 2.64792
internal_count=2074 448 429 1626 1597 29
is_linear=0
shrinkage=0.252688


Tree=560
num_leaves=8
num_cat=0
split_feature=2 4 2 17 8 17 8
split_gain=0.22674 0.446098 0.42141 0.284075 0.794088 0.748007 0.0585646
threshold=-1.436538517475128 -0.68340793251991261 -1.586406350135803 -0.34763030707836146 -0.31670975685119623 -0.33901354670524592 -0.33164107799530024
decision_type=2 2 2 2 2 2 2
left_child=1 6 -3 4 -2 -5 -1
right_child=3 2 -4 5 -6 -7 -8
leaf_value=-0.08725559026815774 0.19246342528864102 0.021982774034465333 -0.089447150718879112 -0.060897701818561252 0.015118541542731442 0.0029485951238973828 -0.17367079341734892
leaf_weight=0.83511187415570054 1.71725623123348 7.2514991610078132 3.090059964451938 12.544258482754229 26.213547662599012 177.48067785595777 1.2578872870653857
leaf_count=8 28 106 32 71 197 1607 25
internal_value=0.000337733 -0.0328498 -0.0113152 0.00223119 0.0260256 -0.00126629 -0.139222
internal_weight=230.39 12.4346 10.3416 217.956 27.9308 190.025 2.093
internal_count=2074 171 138 1903 225 1678 33
is_linear=0
shrinkage=0.252688


Tree=561
num_leaves=8
num_cat=0
split_feature=23 23 2 24 18 10 23
split_gain=0.234954 1.61277 1.11855 1.85289 0.972927 0.765473 0.731857
threshold=-0.34322436153888697 -0.31514155864715571 -0.40581654012203211 -0.041172076016664498 -0.46377612650394434 -0.63939556479454029 -0.40293721854686732
decision_type=2 2 2 2 2 2 2
left_child=2 5 6 -4 -3 -2 -1
right_child=1 4 3 -5 -6 -7 -8
leaf_value=0.013155663297578774 -0.019051085531920683 -0.14425866282378685 -0.10128745087959608 -0.0005859430060119711 0.0017744496001112506 0.13527918455205085 0.13738815927060435
leaf_weight=30.926591897150502 2.7009978112764648 2.9813796896487466 17.252825112080245 36.03032247669762 126.12495975958882 8.5392320038363305 3.3558741128072134
leaf_count=293 17 35 198 304 1130 63 34
internal_value=-1.42161e-05 0.00639429 -0.0102855 -0.0331933 -0.00159838 0.0981947 0.0253186
internal_weight=227.912 140.347 87.5656 53.2831 129.106 11.2402 34.2825
internal_count=2074 1245 829 502 1165 80 327
is_linear=0
shrinkage=0.252688


Tree=562
num_leaves=8
num_cat=0
split_feature=21 21 7 7 7 21 21
split_gain=0.202986 0.866329 1.959 0.652555 0.879096 0.533437 0.532097
threshold=1.2773557305336001 1.0127834081649782 0.84336555004119884 -0.43599547445774073 0.65843966603279125 0.65402743220329296 1.538093149662018
decision_type=2 2 2 2 2 2 2
left_child=1 5 -3 6 -5 -1 -2
right_child=3 2 -4 4 -6 -7 -8
leaf_value=-0.0029476378662384095 0.15198640469496097 -0.15249289558015083 0.1213541701065005 -0.13247817337638207 0.025102004373924829 0.042858462233942081 0.01101491230274414
leaf_weight=201.42556178680388 3.7244599724654135 6.3755433277110551 2.2584345750510693 2.8669175188115323 10.678660122561267 17.655659463169286 3.1600463052745908
leaf_count=1586 19 102 10 54 93 152 58
internal_value=-0.000185475 -0.00235023 -0.0808581 0.0239424 -0.00825356 0.000743944 0.0872853
internal_weight=248.145 227.715 8.63398 20.4301 13.5456 219.081 6.88451
internal_count=2074 1850 112 224 147 1738 77
is_linear=0
shrinkage=0.252688


Tree=563
num_leaves=7
num_cat=0
split_feature=5 7 7 7 19 15
split_gain=0.216489 0.249014 0.974983 0.743955 0.113471 0.0111678
threshold=-1.9094588160514829 -0.73561677336692799 -0.77332270145416249 -0.49952119588851923 -1.5614286065101621 -0.42648582160472864
decision_type=2 2 2 2 2 2
left_child=4 2 -2 -3 -1 -6
right_child=1 3 -4 -5 5 -7
leaf_value=-0.023981155668469454 0.0086777596129337092 -0.049553231255691846 0.1712682719991139 0.0026113696903589138 -0.1118654742046498 -0.17324642832785508
leaf_weight=0.86913120094686747 31.759045186219737 19.405696326866746 2.5429956614971152 173.77390661631944 0.28712290106341243 0.58287295559421071
leaf_count=11 301 167 21 1540 14 20
internal_value=0.00021493 0.000894032 0.020734 -0.0026289 -0.0885857 -0.153071
internal_weight=229.221 227.482 34.302 193.18 1.73913 0.869996
internal_count=2074 2029 322 1707 45 34
is_linear=0
shrinkage=0.252688


Tree=564
num_leaves=8
num_cat=0
split_feature=12 23 20 23 2 2 18
split_gain=0.207087 0.80496 0.980721 0.972408 0.643802 0.632345 0.614442
threshold=0.428179681301117 -0.4661372303962707 -0.1892699524760246 -0.43134358525276179 0.44921118021011358 0.20894925296306613 0.91108667850494396
decision_type=2 2 2 2 2 2 2
left_child=1 2 -1 -3 5 -2 -6
right_child=4 3 -4 -5 6 -7 -8
leaf_value=-0.18615905365570015 -0.015474816806538526 0.073855948926550882 0.0034044147131017627 0.0022855824165683735 -0.18116177248350079 0.066418623652309425 0.0021627935642760379
leaf_weight=3.0755280352314003 47.507870818313677 13.214323978405444 4.0199597741011521 146.48558652299107 2.7036944206338367 6.893491316586732 2.0540356007977607
leaf_count=47 484 129 46 1244 44 45 35
internal_value=-4.82099e-05 0.00450763 -0.0787691 0.00820789 -0.0128931 -0.00509709 -0.102024
internal_weight=225.954 166.795 7.09549 159.7 59.1591 54.4014 4.75773
internal_count=2074 1466 93 1373 608 529 79
is_linear=0
shrinkage=0.252688


Tree=565
num_leaves=7
num_cat=0
split_feature=19 19 8 20 3 21
split_gain=0.185313 0.731697 0.576823 1.28235 0.427613 0.150304
threshold=1.0006890892982485 0.94520583748817455 0.10655900835990907 0.11585490033030511 0.87880849838256847 -0.071580540388822542
decision_type=2 2 2 2 2 2
left_child=1 4 -2 -4 -1 -3
right_child=2 5 3 -5 -6 -7
leaf_value=0.0017620748751368781 -0.062096119923512764 -0.055031022426092563 0.15049195160088139 6.7008312501733346e-05 -0.048883364177478371 -0.19134051904262311
leaf_weight=210.41197037944221 4.2369875805452493 0.7885386906564239 4.9912521233782199 13.153980379691346 11.211516912560908 1.5000281953252841
leaf_count=1753 24 6 18 136 111 26
internal_value=-7.66942e-05 -0.00226812 0.0218459 0.041448 -0.000800087 -0.144398
internal_weight=246.294 223.912 22.3822 18.1452 221.623 2.28857
internal_count=2074 1896 178 154 1864 32
is_linear=0
shrinkage=0.252688


Tree=566
num_leaves=8
num_cat=0
split_feature=10 14 5 13 14 6 2
split_gain=0.216787 0.478832 0.66316 0.48024 0.456194 0.575514 0.518559
threshold=1.0696959495544436 -0.96527773141860951 0.60096243023872387 0.23099405318498614 1.0486110448837282 -0.048140022903680794 -1.5617517828941343
decision_type=2 2 2 2 2 2 2
left_child=1 2 -1 -3 5 -2 -6
right_child=4 3 -4 -5 6 -7 -8
leaf_value=0.0061202055970362018 -0.15779346390701496 0.0048597799617128724 0.092542604065264086 -0.028562861326096502 -0.071674622094212631 -0.020104105491315326 0.15252222979233368
leaf_weight=16.635166146792475 2.1180722375866088 140.69401717348956 8.60000949539244 34.103539627685677 1.0125008877366783 22.781276183901355 1.883382437750696
leaf_count=171 27 1155 69 359 13 259 21
internal_value=0.00013073 0.00303633 0.0355739 -0.00166114 -0.0207795 -0.0318199 0.074136
internal_weight=227.828 200.033 25.2352 174.798 27.7952 24.8993 2.89588
internal_count=2074 1754 240 1514 320 286 34
is_linear=0
shrinkage=0.252688


Tree=567
num_leaves=8
num_cat=0
split_feature=14 14 17 23 14 18 14
split_gain=0.199615 1.3929 1.67687 0.980659 0.919438 0.88044 0.468635
threshold=0.71527773141860973 1.0208333134651186 0.30519227683544164 0.042846541851758964 0.59027779102325451 0.4193194061517716 0.56249997019767772
decision_type=2 2 2 2 2 2 2
left_child=4 3 -3 -2 6 -6 -1
right_child=1 2 -4 -5 5 -7 -8
leaf_value=-0.0005910947119187695 -0.026241030248777823 0.01395932892803951 -0.19658738548523919 0.17584104777759452 0.062395913246390051 -0.12960836466555387 0.14095814565998699
leaf_weight=184.90019037806633 2.1938975537195828 19.206714386586103 2.7621753998100749 5.0907934065908194 1.9927855990827064 6.4906753357499838 1.5050742812454689
leaf_count=1751 25 174 28 34 14 41 7
internal_value=-0.000228954 0.0192344 -0.012517 0.114983 -0.00315053 -0.0845049 0.000552192
internal_weight=224.142 29.2536 21.9689 7.28469 194.889 8.48346 186.405
internal_count=2074 261 202 59 1813 55 1758
is_linear=0
shrinkage=0.252688


Tree=568
num_leaves=7
num_cat=0
split_feature=14 14 14 14 14 2
split_gain=0.174133 1.25125 1.26447 1.07699 1.03717 0.906163
threshold=1.0624999403953554 0.71527773141860973 0.59027779102325451 1.1041667461395266 0.92361101508140575 0.27780246734619146
decision_type=2 2 2 2 2 2
left_child=1 2 -1 -2 -3 -5
right_child=3 4 -4 5 -6 -7
leaf_value=-0.0022253669177384437 0.13755405851053518 -0.2099870330023845 0.093712114793939469 0.012940806465916324 -0.034523097944787667 -0.18297818903123006
leaf_weight=204.56909980261116 4.1291154702194062 3.1352194128558022 9.1645349692553264 15.360247546806933 6.8505123454378918 1.6708655320107926
leaf_count=1758 23 33 55 124 44 37
internal_value=-0.000123934 -0.00219628 0.00188848 0.0217857 -0.0896218 -0.00628515
internal_weight=244.88 223.719 213.734 21.1602 9.98573 17.0311
internal_count=2074 1890 1813 184 77 161
is_linear=0
shrinkage=0.252688


Tree=569
num_leaves=5
num_cat=0
split_feature=7 1 8 1
split_gain=0.252739 0.221048 0.917271 0.592876
threshold=1.6332325935363772 -0.91592836380004872 0.70135930180549633 -0.81647273898124684
decision_type=2 2 2 2
left_child=1 2 -1 -3
right_child=-2 3 -4 -5
leaf_value=-0.004437905033586086 -0.10261630652269108 0.075168665064761608 -0.15710429433158765 0.0012708431142145714
leaf_weight=23.731019376369662 1.5111239776015271 7.192455059150233 2.8100179489701977 191.18890646001091
leaf_count=249 8 64 28 1725
internal_value=0.000360673 0.00105276 -0.0206042 0.00395026
internal_weight=226.434 224.922 26.541 198.381
internal_count=2074 2066 277 1789
is_linear=0
shrinkage=0.252688


Tree=570
num_leaves=8
num_cat=0
split_feature=1 6 13 5 6 7 14
split_gain=0.186834 0.800697 1.11945 0.52086 0.265854 1.14235 0.792315
threshold=-0.98377662897109974 -0.74617061018943776 -0.67543858289718617 0.31854578852653509 0.065645502880215659 0.36482475697994238 -0.14583331346511838
decision_type=2 2 2 2 2 2 2
left_child=1 3 -3 -1 5 -2 -6
right_child=4 2 -4 -5 6 -7 -8
leaf_value=0.032111052950294247 -0.030628056994766274 -0.21823611120298056 0.013328448573693722 0.19418553666531949 -0.009719257530226998 0.034261767721096514 0.036799261394042194
leaf_weight=2.6337242480367449 64.339383341533903 1.4184118770062983 22.005942612711802 2.4380985796451569 70.799477017120807 23.704278685516329 34.903172481572255
leaf_count=23 581 8 208 14 692 253 295
internal_value=-9.15394e-05 0.0190122 -0.000697996 0.110035 -0.00290136 -0.0131574 0.00564132
internal_weight=222.242 28.4962 23.4244 5.07182 193.746 88.0437 105.703
internal_count=2074 253 216 37 1821 834 987
is_linear=0
shrinkage=0.252688


Tree=571
num_leaves=8
num_cat=0
split_feature=17 17 7 17 12 12 7
split_gain=0.179708 0.704125 1.37202 1.30016 0.680503 1.50304 0.811319
threshold=-0.31808340549468989 -0.29432885348796839 -0.36359190940856928 -0.29242990911006922 -0.019434909336268898 -0.1150824762880802 0.074072781950235381
decision_type=2 2 2 2 2 2 2
left_child=4 2 -2 -3 5 -1 -6
right_child=1 3 -4 -5 6 -7 -8
leaf_value=0.0010814993601497998 -0.16522210653066555 0.17508983571200384 -0.0040574727526550532 -0.0027747970703121323 -0.047791146563416737 0.1225904939122979 0.018451938527741126
leaf_weight=20.417217380367223 4.9928587465547016 2.6716148220002642 10.392299093073232 146.05672604165738 19.957202521152794 9.5355791957117599 28.900029130280018
leaf_count=136 41 8 71 1381 194 53 190
internal_value=-0.000140015 -0.0049027 -0.0563633 0.000420796 0.00977772 0.0397658 -0.00860723
internal_weight=242.924 164.113 15.3852 148.728 78.81 29.9528 48.8572
internal_count=2074 1501 112 1389 573 189 384
is_linear=0
shrinkage=0.252688


Tree=572
num_leaves=8
num_cat=0
split_feature=16 2 21 16 6 17 21
split_gain=0.209647 1.74975 1.77127 0.515138 1.78619 0.545983 0.478851
threshold=-0.47876061499118799 0.20894925296306613 -0.24956145882606504 -0.39530599117279047 -0.10722100362181662 -0.3447373360395431 -0.16875956952571866
decision_type=2 2 2 2 2 2 2
left_child=1 2 -1 4 -2 -5 -3
right_child=3 6 -4 5 -6 -7 -8
leaf_value=-0.031709262984682171 0.089829319324414056 0.22834741420351032 0.10840735673651619 0.042654476841231019 -0.09178396949665811 -0.0039343871070363617 0.05401497170126756
leaf_weight=27.210140371695161 4.6887002750299898 2.8572296900674701 7.3072617837460703 17.982966354349628 13.167258822068105 150.27343922469299 1.5532697476446617
leaf_count=227 36 26 69 186 100 1419 11
internal_value=0.000241549 0.0171052 -0.00204562 -0.00328575 -0.0440938 0.00104506 0.166966
internal_weight=225.04 38.9279 34.5174 186.112 17.856 168.256 4.4105
internal_count=2074 333 296 1741 136 1605 37
is_linear=0
shrinkage=0.252688


Tree=573
num_leaves=8
num_cat=0
split_feature=10 20 21 8 6 19 6
split_gain=0.244452 1.26569 1.48655 0.676965 0.639288 1.11272 0.424311
threshold=-0.34037704765796656 -1.2918391227722166 0.21159686893224719 -1.6550939679145811 -0.77242884039878834 -0.5905628204345702 0.065645502880215659
decision_type=2 2 2 2 2 2 2
left_child=1 3 -3 -1 5 -2 -6
right_child=4 2 -4 -5 6 -7 -8
leaf_value=-0.004762872184952277 -0.19106325180606515 -0.0086695515180455641 -0.1269530648049835 0.16874619231791024 -0.011596908266378768 0.107387467806143 0.015569625515329507
leaf_weight=2.4236464784480631 0.89631775766611088 51.443315136653837 7.8143141717882818 3.521931408904492 76.073561845298173 7.2129155183210951 70.944280718787923
leaf_count=15 7 522 82 26 680 68 674
internal_value=-0.000134434 -0.0131167 -0.0242686 0.0980228 0.00532231 0.0743891 0.00151245
internal_weight=220.33 65.2032 59.2576 5.94558 155.127 8.10923 147.018
internal_count=2074 645 604 41 1429 75 1354
is_linear=0
shrinkage=0.252688


Tree=574
num_leaves=5
num_cat=0
split_feature=8 10 10 10
split_gain=0.18173 0.246153 0.53358 0.263432
threshold=13.693320751190187 1.9999334216117861 2.2861287593841557 1.3953665494918825
decision_type=2 2 2 2
left_child=1 3 -3 -1
right_child=-2 2 -4 -5
leaf_value=-0.0019567202481859188 0.066588756999985566 -0.1864083713238896 0.016270238977271909 0.031386689118415884
leaf_weight=218.51599461189471 2.5957545620622104 1.418929458362981 1.994882760569453 16.254113268485526
leaf_count=1848 24 34 22 146
internal_value=9.69928e-05 -0.000627782 -0.0679872 0.000351843
internal_weight=240.78 238.184 3.41381 234.77
internal_count=2074 2050 56 1994
is_linear=0
shrinkage=0.252688


Tree=575
num_leaves=7
num_cat=0
split_feature=9 10 3 12 9 12
split_gain=0.236973 0.835902 1.09644 0.861399 0.628619 0.391009
threshold=0.92555055022239696 1.6103371381759646 0.25376524031162268 2.9869939088821416 0.86277291178703319 -0.76102608442306507
decision_type=2 2 2 2 2 2
left_child=4 2 -2 -3 5 -1
right_child=1 3 -4 -5 -6 -7
leaf_value=0.07680189582291741 -0.0044833441881647175 0.022948644354973586 -0.11372972884960983 0.31189043867512256 0.12597839977263547 1.131339612548264e-05
leaf_weight=4.3343972293660036 23.020886941740176 2.4563021464273329 7.8713168604299417 0.89977809879928816 2.639400769956409 181.66059655114077
leaf_count=59 228 35 68 13 24 1647
internal_value=2.81072e-05 -0.0193086 -0.0323208 0.100452 0.00353891 0.00180105
internal_weight=222.883 34.2483 30.8922 3.35608 188.634 185.995
internal_count=2074 344 296 48 1730 1706
is_linear=0
shrinkage=0.252688


Tree=576
num_leaves=5
num_cat=0
split_feature=4 16 13 16
split_gain=0.243131 0.415374 0.5224 0.31814
threshold=5.1704707145690927 1.8220110535621645 0.22514610737562182 1.3078675866127016
decision_type=2 2 2 2
left_child=1 3 -3 -1
right_child=-2 2 -4 -5
leaf_value=-0.00098761549729042223 0.091613298079854424 -0.18869008375344762 -0.0058376224274708996 0.055352226155462987
leaf_weight=206.38108655702672 1.8333606339001551 1.6791660983008103 2.4569586277939379 6.6039151109289369
leaf_count=1914 16 34 30 80
internal_value=-7.00589e-06 -0.000780871 -0.0800862 0.000759411
internal_weight=218.954 217.121 4.13612 212.985
internal_count=2074 2058 64 1994
is_linear=0
shrinkage=0.252688


Tree=577
num_leaves=7
num_cat=0
split_feature=11 11 2 9 1 2
split_gain=0.17312 0.88541 0.907967 0.604855 0.570266 0.340156
threshold=-0.87884214520454396 -0.90565735101699818 -0.22905285656452176 -0.94258409738540638 -1.5034211874008176 0.13655611872673037
decision_type=2 2 2 2 2 2
left_child=1 2 -1 5 -5 -2
right_child=3 -3 -4 4 -6 -7
leaf_value=0.022446186448722972 -0.19654347336124883 0.1266060962219949 -0.11545578674691766 -0.20027810962513259 -0.00015841888784448908 -0.0043511519904913089
leaf_weight=17.865144092647832 1.589681226992979 4.1319463774561873 3.6752894483506671 0.91263279877602954 210.40949387301225 0.93303497461602081
leaf_count=166 25 16 32 16 1810 9
internal_value=-0.000137823 0.0194687 -0.00108523 -0.00249166 -0.00102318 -0.125477
internal_weight=239.517 25.6724 21.5404 213.845 211.322 2.52272
internal_count=2074 214 198 1860 1826 34
is_linear=0
shrinkage=0.252688


Tree=578
num_leaves=4
num_cat=0
split_feature=9 20 9
split_gain=0.224707 0.219601 0.222775
threshold=-1.0215492248535154 -3.7129387855529781 0.92555055022239696
decision_type=2 2 2
left_child=-1 -2 -3
right_child=1 2 -4
leaf_value=0.090494302900591031 0.11815881885027349 0.0022924877671662738 -0.020260364039138161
leaf_weight=1.7437254693359125 0.98984482552623276 186.0497306289617 32.912964324248605
leaf_count=18 18 1708 330
internal_value=0.000155827 -0.000560562 -0.00109754
internal_weight=221.696 219.953 218.963
internal_count=2074 2056 2038
is_linear=0
shrinkage=0.252688


Tree=579
num_leaves=8
num_cat=0
split_feature=2 2 12 2 18 12 12
split_gain=0.19243 0.821449 1.046 0.691504 0.480532 0.467317 0.391176
threshold=-0.89512509107589711 -1.1949508786201475 -0.31671760976314539 -0.76330593228340138 -0.3122942298650741 -0.29703865945339197 2.02913510799408
decision_type=2 2 2 2 2 2 2
left_child=1 5 -3 4 -2 -1 -5
right_child=3 2 -4 6 -6 -7 -8
leaf_value=-0.058285595478485511 -0.15307476693533106 0.30658911630330543 0.049846443297495532 0.0031836146828061714 0.015582264368067077 0.015456215701467334 -0.03667441853552926
leaf_weight=7.158905470743778 3.2603062308626249 1.2141029741615055 6.112523056450299 158.06368163770321 1.6116768894717086 23.492518336628564 17.458057150535751
leaf_count=55 33 5 83 1502 23 198 175
internal_value=5.41831e-05 0.0164021 0.0924108 -0.00338756 -0.0972862 -0.00176749 -0.000780907
internal_weight=218.372 37.978 7.32663 180.394 4.87198 30.6514 175.522
internal_count=2074 341 88 1733 56 253 1677
is_linear=0
shrinkage=0.252688


Tree=580
num_leaves=5
num_cat=0
split_feature=18 18 7 18
split_gain=0.17647 0.337674 0.837732 0.23604
threshold=2.9527992010116582 1.5439078211784365 0.82285079360008251 1.1311745047569277
decision_type=2 2 2 2
left_child=1 3 -3 -1
right_child=-2 2 -4 -5
leaf_value=-0.0014053977823218417 0.081053026877060272 -0.10468926648723538 0.15080792057058326 0.031168324066349545
leaf_weight=215.86130730842706 1.6944599246489804 4.798068604519357 0.98765919916331757 15.204278180841355
leaf_count=1823 24 91 7 129
internal_value=-0.000190369 -0.000771778 -0.0610643 0.000738036
internal_weight=238.546 236.851 5.78573 231.066
internal_count=2074 2050 98 1952
is_linear=0
shrinkage=0.252688


Tree=581
num_leaves=7
num_cat=0
split_feature=2 1 1 11 1 21
split_gain=0.207358 0.488401 0.514681 0.32132 1.38562 1.11542
threshold=-1.1777715682983396 -0.11476610228419303 -0.91592836380004872 -0.64071163535118092 0.09916973859071733 -0.87871292233467091
decision_type=2 2 2 2 2 2
left_child=1 2 -1 4 -2 -5
right_child=3 -3 -4 5 -6 -7
leaf_value=-0.047470553382229969 0.0081748317444864608 -0.13898452731478747 0.034015990287682409 0.12980917646383086 0.17403217374313987 -0.0055791920488577262
leaf_weight=11.025752210640352 34.694033240899444 2.0997646090108892 8.9793455470353365 3.9837424717843524 3.5442820517346254 156.70267468705424
leaf_count=132 282 25 104 40 50 1441
internal_value=0.000151917 -0.0230655 -0.0108951 0.00273194 0.0235503 -0.00222222
internal_weight=221.03 22.1049 20.0051 198.925 38.2383 160.686
internal_count=2074 261 236 1813 332 1481
is_linear=0
shrinkage=0.252688


Tree=582
num_leaves=8
num_cat=0
split_feature=10 20 10 11 5 10 5
split_gain=0.203984 1.11342 1.12196 0.749236 0.48847 1.36222 0.669965
threshold=-0.34037704765796656 -0.12538956105709073 -0.42472364008426661 -1.1992403864860532 -0.15675833821296689 -0.30172300338745112 -0.17426756769418714
decision_type=2 2 2 2 2 2 2
left_child=1 3 -3 -1 6 -6 -2
right_child=4 2 -4 -5 5 -7 -8
leaf_value=-0.18387959239218715 -0.010921973422201187 -0.01612449512627977 -0.12115869874590142 0.030613427065749831 0.17009921505913689 0.0093960182108009261 -0.191141826140936
leaf_weight=1.0774067232850963 46.945065584341137 24.756768456019927 8.8020160298328829 29.416115778964013 3.4827670012600711 101.71369370521916 1.3545862268656481
leaf_count=26 532 240 69 310 25 864 8
internal_value=6.01385e-05 -0.0119178 -0.0436751 0.0230318 0.00505845 0.0147173 -0.0159784
internal_weight=217.548 64.0523 33.5588 30.4935 153.496 105.196 48.2997
internal_count=2074 645 309 336 1429 889 540
is_linear=0
shrinkage=0.252688


Tree=583
num_leaves=7
num_cat=0
split_feature=8 8 8 23 9 9
split_gain=0.188088 1.06963 1.0599 0.683499 0.61347 0.601866
threshold=-0.10454804822802542 -0.090913552790880189 -0.12033709883689879 -0.37232269346714014 -0.87094116210937489 0.061873259022831924
decision_type=2 2 2 2 2 2
left_child=2 3 5 -2 -3 -1
right_child=1 4 -4 -5 -6 -7
leaf_value=0.022528976098473336 -0.23437969820891533 -0.10588616287086193 0.1205190851872834 -0.012946572273867408 0.00029438083281053355 -0.021256956244862783
leaf_weight=43.013735137414187 2.1049777674488728 3.5593953578500068 5.135341824963688 1.5419913735240687 144.51843626890332 37.536396802010131
leaf_count=369 22 50 24 10 1131 468
internal_value=-0.000243225 -0.00558814 0.00922107 -0.14077 -0.00225827 0.00212469
internal_weight=237.41 151.725 85.6855 3.64697 148.078 80.5501
internal_count=2074 1213 861 32 1181 837
is_linear=0
shrinkage=0.252688


Tree=584
num_leaves=8
num_cat=0
split_feature=12 10 12 10 1 19 19
split_gain=0.223007 0.727503 0.502646 0.494735 0.3726 0.854984 0.297381
threshold=2.9869939088821416 0.5766088366508485 8.3117365837097186 1.5864948034286501 -0.66077500581741322 -1.0478725433349607 0.46456113457679754
decision_type=2 2 2 2 2 2 2
left_child=4 2 -2 -3 5 -1 -6
right_child=1 3 -4 -5 6 -7 -8
leaf_value=0.20880592148152638 0.15033332432937282 -0.032850997778193378 -0.037417186341648458 0.086648109578247576 0.0086402617781900313 -0.037484265067870948 -0.014660742097928421
leaf_weight=0.9304962139576699 3.9732905810233232 9.653338455129413 1.1808332932414485 2.8691868688911191 125.86032928229542 26.994739960995503 48.429869177518412
leaf_count=13 43 106 16 35 1243 251 367
internal_value=0.000203098 0.02742 0.107319 -0.00546851 -0.00217613 -0.0292738 0.0021656
internal_weight=219.892 17.6766 5.15412 12.5225 202.215 27.9252 174.29
internal_count=2074 200 59 141 1874 264 1610
is_linear=0
shrinkage=0.252688


Tree=585
num_leaves=6
num_cat=0
split_feature=2 12 3 12 2
split_gain=0.175862 0.942278 0.79719 0.55321 0.606135
threshold=0.76490977406501781 -0.77470314502716053 -0.87261736392974842 -0.80946955084800709 0.74126946926116954
decision_type=2 2 2 2 2
left_child=3 -2 -3 -1 -5
right_child=1 2 -4 4 -6
leaf_value=-0.13371924624746803 0.11969585834604811 -0.1962302645046162 -0.012969005356838099 0.00048570404426357132 0.095439525862853147
leaf_weight=1.9206224903464306 1.9101232439279554 2.4388806287097387 4.0024611554581488 201.51511343471066 4.3854278996586791
leaf_count=22 16 18 46 1944 28
internal_value=-0.000195799 -0.0361475 -0.0823677 0.00124903 0.00250835
internal_weight=216.173 8.35147 6.44134 207.821 205.901
internal_count=2074 80 64 1994 1972
is_linear=0
shrinkage=0.252688


Tree=586
num_leaves=8
num_cat=0
split_feature=7 24 6 8 7 24 18
split_gain=0.190718 1.02468 0.860738 0.794256 0.594958 0.00575868 0.00371986
threshold=-0.52000975608825672 -2.23669421672821 -0.78118157386779774 0.056344751268625266 -0.36839337646961207 -2.7584699392318721 1.0532381534576418
decision_type=2 2 2 2 2 2 2
left_child=1 5 6 -3 -4 -1 -2
right_child=2 3 4 -5 -6 -7 -8
leaf_value=-0.17710171141104022 -0.18077019128283262 0.0070321858591901182 -0.046631997376187166 0.10015368727348394 0.0022543800438462836 -0.20986511505449157 -0.20684210277068021
leaf_weight=0.97631370497401804 0.86430862080305704 43.903146794036729 17.596244490239769 6.7465589465573421 164.43185763225483 0.5712055864278216 0.67386563704349101
leaf_count=46 24 430 161 33 1363 8 9
internal_value=-0.000229949 0.0132476 -0.00406234 0.0194369 -0.00247147 -0.189263 -0.19226
internal_weight=235.764 52.1972 183.566 50.6497 182.028 1.54752 1.53817
internal_count=2074 517 1557 463 1524 54 33
is_linear=0
shrinkage=0.252688


Tree=587
num_leaves=7
num_cat=0
split_feature=14 21 14 20 2 11
split_gain=0.207414 0.941269 0.679578 0.920049 0.598131 0.412543
threshold=-1.381944417953491 -0.29624165594577784 -1.243055462837219 1.7043935656547549 -0.21973259001970288 0.42075046896934515
decision_type=2 2 2 2 2 2
left_child=1 -1 3 -2 -3 -4
right_child=2 4 5 -5 -6 -7
leaf_value=0.13261078709658561 0.17466595472022983 0.026995286038640182 -0.004552482956540151 -0.057632561434110191 -0.092912244124341375 0.027863904995087559
leaf_weight=1.9810933964326984 3.2094817999750367 3.8816424887627354 170.08726506096718 1.6469874884933231 8.4123349161818588 29.399785725894617
leaf_count=18 32 43 1571 13 56 341
internal_value=0.000441596 -0.0290055 0.00249879 0.0958879 -0.0550536 0.000224998
internal_weight=218.619 14.2751 204.344 4.85647 12.294 199.487
internal_count=2074 117 1957 45 99 1912
is_linear=0
shrinkage=0.252688


Tree=588
num_leaves=5
num_cat=0
split_feature=19 19 8 19
split_gain=0.30694 0.206661 0.620038 0.239999
threshold=-1.7712110280990598 -1.3852701187133787 -0.94171988964080799 -1.2215265631675718
decision_type=2 2 2 2
left_child=-1 2 -2 -3
right_child=1 3 -4 -5
leaf_value=-0.18735490902760957 -0.018504730432842818 -0.060148992195631731 0.18917316344197632 0.00060058465763633865
leaf_weight=0.55655906791798671 2.5011592865921561 4.2370901287067673 1.449501335620879 206.29846501193697
leaf_count=9 34 46 11 1974
internal_value=-3.41693e-05 0.000452353 0.0577072 -0.00062216
internal_weight=215.043 214.486 3.95066 210.536
internal_count=2074 2065 45 2020
is_linear=0
shrinkage=0.252688


Tree=589
num_leaves=8
num_cat=0
split_feature=17 17 11 7 7 1 17
split_gain=0.165426 1.19906 1.40816 0.78232 0.866994 0.483014 0.00546013
threshold=-0.34385664761066431 -0.33775550127029413 -0.47075843811035151 -0.88851317763328541 -0.0075039195362478486 -1.5034211874008176 -0.34999653697013849
decision_type=2 2 2 2 2 2 2
left_child=3 2 -2 6 -5 -3 -1
right_child=1 5 -4 4 -6 -7 -8
leaf_value=-0.18094772677649071 0.14149180532329605 -0.19620700382976722 -0.067528938639454347 0.040823519113683336 -0.038932901867859658 -0.0012115747754696765 -0.21263328158226694
leaf_weight=0.82320347661152482 7.7034992696717381 0.81415601819753547 2.8077371194958669 14.139894469175486 22.630167861934751 184.88069998421997 0.66406065691262373
leaf_count=21 38 16 18 107 189 1677 8
internal_value=-0.000331026 0.00263278 0.0856579 -0.015531 -0.00826246 -0.00206707 -0.195167
internal_weight=234.463 196.206 10.5112 38.2573 36.7701 185.695 1.48726
internal_count=2074 1749 56 325 296 1693 29
is_linear=0
shrinkage=0.252688


Tree=590
num_leaves=8
num_cat=0
split_feature=3 17 9 4 7 14 17
split_gain=0.252513 0.587601 0.528948 0.454418 0.851844 0.285774 0.0115037
threshold=1.1519201993942263 1.2188711166381838 0.07030408084392549 1.8649486899375918 1.0515319108963015 -1.381944417953491 1.0708938837051394
decision_type=2 2 2 2 2 2 2
left_child=3 6 -3 5 -5 -1 -2
right_child=1 2 -4 4 -6 -7 -8
leaf_value=-0.046029540650821633 -0.14120766734544293 -0.097842949412645666 0.057839954161477421 0.12009394422381196 -0.050930744407912468 0.0016755881282549201 -0.17921313496706126
leaf_weight=8.364984439685939 1.0871513788588338 2.2845852174796164 3.5707225063815713 5.3295478937216085 2.8555644899606705 192.95308925716381 0.98890880122780789
leaf_count=61 20 32 37 75 32 1810 7
internal_value=0.00039075 -0.0438649 -0.00290648 0.00206629 0.0604284 -0.00030672 -0.159353
internal_weight=217.435 7.93137 5.85531 209.503 8.18511 201.318 2.07606
internal_count=2074 96 69 1978 107 1871 27
is_linear=0
shrinkage=0.252688


Tree=591
num_leaves=7
num_cat=0
split_feature=18 11 7 18 5 7
split_gain=0.196829 0.700318 0.757921 0.669656 0.764681 0.689377
threshold=0.50768378376960765 0.47691035270690924 0.4251160621643067 0.070801265537738814 1.1773561239242556 -0.7960638403892516
decision_type=2 2 2 2 2 2
left_child=3 2 -2 5 -5 -1
right_child=1 -3 -4 4 -6 -7
leaf_value=-0.11837511394025978 -0.021710816605142007 -0.18824675765376897 0.055881031740676809 0.043217796049141041 -0.066409629209258858 -0.0021131040992191119
leaf_weight=3.3547153349500141 46.420214211734219 1.4148405049490964 9.721107712321098 38.186617321043741 4.5458511793985954 110.64656639902387
leaf_count=59 443 19 116 335 43 1059
internal_value=-6.32963e-05 -0.0127008 -0.00827504 0.0045775 0.031555 -0.00553489
internal_weight=214.29 57.5562 56.1413 156.734 42.7325 114.001
internal_count=2074 578 559 1496 378 1118
is_linear=0
shrinkage=0.252688


Tree=592
num_leaves=5
num_cat=0
split_feature=8 13 19 13
split_gain=0.18368 0.203555 1.35845 1.32831
threshold=13.693320751190187 0.79239752888679515 -0.003393367631360888 0.75730985403060924
decision_type=2 2 2 2
left_child=1 3 -3 -1
right_child=-2 2 -4 -5
leaf_value=-0.0015627405753112827 0.067623295472820991 0.029438314290268459 -0.082234063711702735 0.12913815790904756
leaf_weight=197.48692495486466 2.5119246433023354 15.325898444221822 12.734031744883394 5.0924097282695575
leaf_count=1693 24 160 172 25
internal_value=-0.000330499 -0.00107075 -0.0212409 0.00172312
internal_weight=233.151 230.639 28.0599 202.579
internal_count=2074 2050 332 1718
is_linear=0
shrinkage=0.252688


Tree=593
num_leaves=7
num_cat=0
split_feature=13 7 10 13 13 11
split_gain=0.187417 1.1 1.66133 0.649263 0.520565 0.240724
threshold=-1.0087718963623045 0.28361067175865179 0.051895990967750556 -0.96198827028274525 -0.92105257511138905 0.055731602013111121
decision_type=2 2 2 2 2 2
left_child=1 -1 -3 5 -5 -2
right_child=3 2 -4 4 -6 -7
leaf_value=0.21294666126954676 -0.046642006771086472 0.12208727529760231 -0.097025938902684322 0.096527009659680363 -0.0012196449080768786 -0.18577539416719857
leaf_weight=1.8035344539093774 1.6262682301749003 3.8638021810911578 5.1589042053092271 3.5403763748472548 198.61038069182541 1.551951617002487
leaf_count=23 17 63 39 26 1894 12
internal_value=0.000419243 0.032822 -0.00319307 -0.00128931 0.000492486 -0.114602
internal_weight=216.155 10.8262 9.02271 205.329 202.151 3.17822
internal_count=2074 125 102 1949 1920 29
is_linear=0
shrinkage=0.252688


Tree=594
num_leaves=7
num_cat=0
split_feature=13 21 15 10 13 10
split_gain=0.212377 0.899167 1.17411 0.716071 0.538929 0.25103
threshold=-0.89181277155876149 -0.31885439157485956 0.078049600124359145 -0.59065043926239003 -0.87426894903182972 -0.69972696900367726
decision_type=2 2 2 2 2 2
left_child=1 3 -3 -1 -2 -6
right_child=4 2 -4 -5 5 -7
leaf_value=-0.03297612282929277 0.14441265220001534 -0.020101633616066442 0.1875677355691851 -0.21569606912994072 -0.035089221083373041 0.0035230653439862389
leaf_weight=3.2102369666099548 1.6923184916377056 12.944528158359843 2.0074503086507312 2.3881104732863632 11.436412168084642 179.21744562059848
leaf_count=16 14 134 10 39 173 1688
internal_value=-0.000141531 -0.0245578 0.00778557 -0.110933 0.00246717 0.0012068
internal_weight=212.897 20.5503 14.952 5.59835 192.346 190.654
internal_count=2074 199 144 55 1875 1861
is_linear=0
shrinkage=0.252688


Tree=595
num_leaves=7
num_cat=0
split_feature=10 19 10 10 21 4
split_gain=0.178773 0.761237 1.00588 0.65797 0.470276 0.466134
threshold=-0.24402727186679837 -0.87550038099288929 -0.42472364008426661 -0.22670632600784299 -0.49149204790592188 0.053951634094119079
decision_type=2 2 2 2 2 2
left_child=1 5 -3 -2 -5 -1
right_child=3 2 -4 4 -6 -7
leaf_value=-0.010235143992962183 -0.15411261120299169 -0.017324113963961139 0.040362065316317322 -0.045739483436197055 0.0013483605080065494 0.12404284943488733
leaf_weight=2.362321760505437 1.8905201782472421 59.386432897648774 28.592920137802139 15.282784878101664 118.9059550538077 5.4785290355794132
leaf_count=27 24 478 236 145 1132 32
internal_value=-0.000213189 0.00814768 0.00142377 -0.00610051 -0.00401463 0.0835889
internal_weight=231.899 95.8202 87.9794 136.079 134.189 7.84085
internal_count=2074 773 714 1301 1277 59
is_linear=0
shrinkage=0.252688


Tree=596
num_leaves=7
num_cat=0
split_feature=3 11 0 12 1 3
split_gain=0.173884 0.575777 0.518782 0.319386 0.834675 0.432662
threshold=1.1265262365341189 0.47691035270690924 1.0000000180025095e-35 2.9869939088821416 -0.64773583412170399 0.63643094897270214
decision_type=2 2 2 2 2 2
left_child=3 -2 -3 5 -5 -1
right_child=1 2 -4 4 -6 -7
leaf_value=0.0022986948931831728 -0.177848103829753 0.032582366412963387 -0.14413381257528382 0.077961902457546459 -0.077525781622336767 -0.047944369546500561
leaf_weight=182.85922637283511 1.4900977828074236 5.1633774144575 1.3344000792130826 9.3643391561927256 2.8825994208455077 11.639829405990893
leaf_count=1688 25 66 13 109 34 139
internal_value=0.000370558 -0.0362101 -0.00371707 0.00178399 0.0413624 -0.000708225
internal_weight=214.734 7.98788 6.49778 206.746 12.2469 194.499
internal_count=2074 104 79 1970 143 1827
is_linear=0
shrinkage=0.252688


Tree=597
num_leaves=6
num_cat=0
split_feature=3 8 9 5 9
split_gain=0.184506 0.423783 0.40471 0.257327 0.118484
threshold=1.3645594716072085 10.408783435821535 -0.010398474056273697 1.9713184833526614 -0.14512994140386579
decision_type=2 2 2 2 2
left_child=1 3 -2 -1 -3
right_child=2 4 -4 -5 -6
leaf_value=0.00096337810501042557 0.12457734122036129 -0.059637055399224634 -0.048610396259724901 -0.073053528637556292 -0.19953403752002494
leaf_weight=203.56167199779838 2.1910540554672484 0.74084487557411194 1.4192335004918266 3.0434260913170865 0.8093150210333977
leaf_count=1971 19 7 21 37 19
internal_value=-0.000132523 -0.00111489 0.0564983 -0.000127116 -0.132719
internal_weight=211.766 208.155 3.61029 206.605 1.55016
internal_count=2074 2034 40 2008 26
is_linear=0
shrinkage=0.252688


Tree=598
num_leaves=7
num_cat=0
split_feature=4 4 12 3 3 3
split_gain=0.176365 0.965458 0.915446 1.39937 0.961867 0.317445
threshold=0.73196834325790416 0.67365917563438427 2.2611832618713383 0.6481609344482423 0.43749123811721807 0.43749123811721807
decision_type=2 2 2 2 2 2
left_child=1 5 4 -4 -2 -1
right_child=2 -3 3 -5 -6 -7
leaf_value=0.0028554851115395611 -0.081704983672469811 -0.20577558458857703 -0.210684644611591 0.008233273638561231 0.11934785794832142 -0.025734479099496582
leaf_weight=163.54266780716716 1.8712357338517893 1.4878814630210389 2.0164649643702459 24.64268183830427 8.0719621668104065 29.229140866547823
leaf_count=1470 24 24 41 184 47 284
internal_value=-1.31971e-05 -0.00304485 0.0160765 -0.0083292 0.0815087 -0.00147954
internal_weight=230.862 194.26 36.6023 26.6591 9.9432 192.772
internal_count=2074 1778 296 225 71 1754
is_linear=0
shrinkage=0.252688


Tree=599
num_leaves=8
num_cat=0
split_feature=5 17 24 19 6 19 16
split_gain=0.177351 0.530614 0.621933 0.453649 0.738935 0.394031 0.140546
threshold=-1.0766156911849973 -0.32559823989868159 -4.2399997711181632 -0.98285245895385731 0.30853393673896795 -0.87550038099288929 0.028480033390223983
decision_type=2 2 2 2 2 2 2
left_child=1 6 -3 4 -2 -5 -1
right_child=3 2 -4 5 -6 -7 -8
leaf_value=0.1883055977446535 0.13521149959926726 0.10952055575982722 -0.060614530213306338 -0.069149634589676268 -0.030237717583854434 0.001752046767974017 0.032496629915572901
leaf_weight=0.80911758914589949 4.0656687932205378 1.5444584231299803 12.247954268706959 5.1425732229836276 2.9915686529129744 186.10157484275987 0.68076212285086513
leaf_count=14 48 30 140 43 35 1751 13
internal_value=0.000145666 -0.0260831 -0.0415594 0.00216708 0.0650802 -0.000154685 0.11715
internal_weight=213.584 15.2823 13.7924 198.301 7.05724 191.244 1.48988
internal_count=2074 197 170 1877 83 1794 27
is_linear=0
shrinkage=0.252688


Tree=600
num_leaves=8
num_cat=0
split_feature=1 21 24 17 18 18 21
split_gain=0.184577 0.650183 0.63312 0.405661 0.24249 0.735182 0.727649
threshold=1.0480016469955447 0.9773848056793214 -1.2945454120635984 0.61498391628265392 1.3057079911231997 1.1668496727943423 -0.16875956952571866
decision_type=2 2 2 2 2 2 2
left_child=4 2 -2 -3 5 -1 -6
right_child=1 3 -4 -5 6 -7 -8
leaf_value=0.0021698743081397251 0.095118538859256543 -0.023617279197744794 -0.11852363619501094 0.18428168505027254 -0.10192145395260038 -0.087161952595247616 0.06265555118724303
leaf_weight=184.01283541305747 1.0764519646763799 1.267129631099124 4.9881366085028258 1.1362909474410114 2.0516800582408914 6.076071440067607 10.450401514819529
leaf_count=1776 7 32 69 20 32 47 91
internal_value=2.84437e-05 -0.0365206 -0.0805974 0.0746917 0.00155624 -0.000685788 0.035644
internal_weight=211.059 8.46801 6.06459 2.40342 202.591 190.089 12.5021
internal_count=2074 128 76 52 1946 1823 123
is_linear=0
shrinkage=0.252688


Tree=601
num_leaves=8
num_cat=0
split_feature=7 16 3 19 2 2 3
split_gain=0.16902 0.50823 0.71637 0.430749 0.292271 0.322228 0.247268
threshold=1.0309869647026064 -0.16350919753313062 0.50844919681549083 0.055174214765429504 -2.0309357643127437 -1.8163266777992246 0.061182133853435523
decision_type=2 2 2 2 2 2 2
left_child=4 2 -2 -3 6 -6 -1
right_child=1 3 -4 -5 5 -7 -8
leaf_value=-0.00042051771473839924 0.077262358034750275 0.13402563203230569 -0.083256009267549544 0.026492436808067975 0.084237692551185156 -0.0026462557104660945 -0.18513565216533903
leaf_weight=0.8427430335432281 2.6117324754595774 2.8827369492501047 5.539966500364244 13.589980116114019 2.7626241806428871 200.21815437811892 1.0257251122966407
leaf_count=6 11 11 37 85 25 1878 21
internal_value=-1.7017e-06 0.0197778 -0.0318255 0.0453146 -0.0023794 -0.00146352 -0.101847
internal_weight=229.474 24.6244 8.1517 16.4727 204.849 202.981 1.86847
internal_count=2074 144 48 96 1930 1903 27
is_linear=0
shrinkage=0.252688


Tree=602
num_leaves=6
num_cat=0
split_feature=20 5 20 24 15
split_gain=0.180703 0.496647 0.42986 0.546034 0.248621
threshold=-3.4520778656005855 -1.0766156911849973 -2.212331891059875 -0.083864051848649965 4.6590611934661874
decision_type=2 2 2 2 2
left_child=1 -1 3 -2 -4
right_child=2 -3 4 -5 -6
leaf_value=-0.036392831431246171 0.012801386735207754 0.15533870033292005 0.001818484620238607 -0.18265622855560698 -0.060721428991041486
leaf_weight=1.7647154073929416 1.7888295641168954 1.6867177681997407 200.95731098625402 1.8624103511683632 4.1418781834654501
leaf_count=19 24 17 1931 21 62
internal_value=-2.64436e-05 0.0573155 -0.000974672 -0.0869085 0.000555362
internal_weight=212.202 3.45143 208.75 3.65124 205.099
internal_count=2074 36 2038 45 1993
is_linear=0
shrinkage=0.252688


Tree=603
num_leaves=6
num_cat=0
split_feature=10 8 21 21 12
split_gain=0.187072 0.333416 0.292458 0.352222 0.0716783
threshold=-0.90587633848190297 -0.28882873058319086 -1.0743215084075926 -0.90869301557540882 -0.092089302837848649
decision_type=2 2 2 2 2
left_child=1 -1 -2 -4 -3
right_child=2 4 3 -5 -6
leaf_value=0.056755156449547588 0.1249648063548436 -0.074622750572100535 -0.077595355544523861 0.001498178181440655 -0.17941657270064856
leaf_weight=0.90090100653469596 1.2040319582447399 0.74398524221032869 3.6595956898527211 202.14760266338635 0.95076880801934627
leaf_count=6 8 15 47 1974 24
internal_value=-2.71986e-05 -0.0674357 0.00081818 9.15608e-05 -0.133451
internal_weight=209.607 2.59566 207.011 205.807 1.69475
internal_count=2074 45 2029 2021 39
is_linear=0
shrinkage=0.252688


Tree=604
num_leaves=8
num_cat=0
split_feature=18 18 13 18 12 18 19
split_gain=0.184672 1.05138 1.19051 0.717619 1.10308 0.933351 0.687497
threshold=0.01207460602745414 -0.1015367992222309 -0.44736836850643152 0.16520308703184131 2.0760444402694707 0.18825458735227588 0.7506462335586549
decision_type=2 2 2 2 2 2 2
left_child=1 2 -1 4 -2 -5 -3
right_child=3 6 -4 5 -6 -7 -8
leaf_value=-0.18683853771756309 -0.098233175630284303 0.090086962540614698 0.0011718025168769147 0.12277086379712766 0.10309946100762703 -0.00557150780062351 -0.038657114873327791
leaf_weight=2.1929130647331467 10.432079467456786 13.630332065047698 109.81141455791658 3.7819099724292746 2.0843789163045576 83.243379048268253 3.2867330381413913
leaf_count=31 141 107 880 17 16 852 30
internal_value=4.57301e-05 0.00635845 -0.00251007 -0.00813016 -0.064702 6.63874e-06 0.0650734
internal_weight=228.463 128.921 112.004 99.5417 12.5165 87.0253 16.9171
internal_count=2074 1048 911 1026 157 869 137
is_linear=0
shrinkage=0.252688


Tree=605
num_leaves=8
num_cat=0
split_feature=11 3 6 1 3 5 5
split_gain=0.209204 1.10715 0.930507 0.466768 0.454132 0.621064 0.164811
threshold=0.42075046896934515 -0.025383396074175831 0.89496716856956493 -0.04266055300831794 1.0087531208992007 1.3106144666671755 0.90371340513229381
decision_type=2 2 2 2 2 2 2
left_child=4 3 -3 -2 5 -1 -6
right_child=1 2 -4 -5 6 -7 -8
leaf_value=-0.0046468982445943101 0.040060369825216192 0.093581773723580244 -0.016812534767698731 0.19703719633124803 -0.034317954354105042 0.10172920788408567 -0.1692097010337924
leaf_weight=164.17678265259747 2.1442542885488365 5.8047029729932538 30.431432153563946 2.7749252009671173 0.98676756676286403 3.580332579324021 1.397981073358096
leaf_count=1531 23 64 329 44 13 49 21
internal_value=-2.24578e-05 0.0161439 0.000872709 0.128623 -0.00393295 -0.00237626 -0.113414
internal_weight=211.297 41.1553 36.2361 4.91918 170.142 167.757 2.38475
internal_count=2074 460 393 67 1614 1580 34
is_linear=0
shrinkage=0.252688


Tree=606
num_leaves=6
num_cat=0
split_feature=10 0 2 24 2
split_gain=0.144732 0.365207 0.178379 0.671135 0.410102
threshold=-0.90587633848190297 1.0000000180025095e-35 -1.6691988110542295 0.47469753026962286 -1.4987600445747373
decision_type=2 2 2 2 2
left_child=1 -1 3 -2 -4
right_child=2 -3 4 -5 -6
leaf_value=-0.15016640561326433 0.004371140072666666 0.046349673602157214 -0.055163856757864518 0.18740713444076992 0.0013228310495355354
leaf_weight=1.3370963986963025 7.6919393185526115 1.1003273117821664 8.5804167222231609 1.5337142581120131 188.16078899587865
leaf_count=22 78 23 50 17 1884
internal_value=-0.000254972 -0.0614617 0.000469501 0.034809 -0.00114084
internal_weight=208.404 2.43742 205.967 9.22565 196.741
internal_count=2074 45 2029 95 1934
is_linear=0
shrinkage=0.252688


Tree=607
num_leaves=6
num_cat=0
split_feature=5 11 2 5 12
split_gain=0.177955 0.642339 0.384599 0.33147 0.258284
threshold=1.9462294578552248 0.69705823063850414 -0.68021392822265614 1.8135564327239992 7.8932633399963388
decision_type=2 2 2 2 2
left_child=3 2 -2 4 -1
right_child=1 -3 -4 -5 -6
leaf_value=-0.0012515629651825063 -0.079248074222797033 -0.19193286754497557 0.066964974808270725 0.091185346440674761 0.055403248041152126
leaf_weight=212.66567853248853 2.0519539341330528 1.4120457195676861 2.6081307386048129 2.5817075407248913 5.2646506326855151
leaf_count=1941 27 17 20 24 45
internal_value=8.46349e-06 -0.0426643 0.00258166 0.00118363 0.0001172
internal_weight=226.584 6.07213 4.66008 220.512 217.93
internal_count=2074 64 47 2010 1986
is_linear=0
shrinkage=0.252688


Tree=608
num_leaves=7
num_cat=0
split_feature=13 4 8 5 13 4
split_gain=0.207231 0.776483 0.700984 0.623787 0.611149 0.434839
threshold=0.68713447451591503 0.45893442630767828 -1.7211129069328306 1.8740491271018984 0.65204668045043956 1.1085863113403323
decision_type=2 2 2 2 2 2
left_child=4 3 -3 -2 5 -1
right_child=1 2 -4 -5 -6 -7
leaf_value=-0.0051757249006966306 0.059786388410926372 0.19728109970617658 -0.040767796586095389 -0.11185925820910879 -0.14056858585057894 0.045426241623364103
leaf_weight=159.85920793609694 20.056428269424945 0.83715153858065683 13.834351042285558 1.4491048282943655 2.0484488531947127 11.631822881172409
leaf_count=1480 244 19 154 14 12 151
internal_value=0.000244226 0.0176413 -0.0271781 0.0482179 -0.00338249 -0.00174338
internal_weight=209.717 36.177 14.6715 21.5055 173.539 171.491
internal_count=2074 431 173 258 1643 1631
is_linear=0
shrinkage=0.252688


Tree=609
num_leaves=4
num_cat=0
split_feature=24 8 10
split_gain=0.238721 0.284507 0.234438
threshold=10.188266754150392 11.880712509155275 1.1780862212181094
decision_type=2 2 2
left_child=1 2 -1
right_child=-2 -3 -4
leaf_value=-0.003162543785500075 0.10962230975741942 -0.11817111795322091 0.023344125983340718
leaf_weight=180.74170554315288 1.2574640242382873 1.3095188935985778 24.151692156214267
leaf_count=1771 24 22 257
internal_value=-0.000119045 -0.000788554 -3.80264e-05
internal_weight=207.46 206.203 204.893
internal_count=2074 2050 2028
is_linear=0
shrinkage=0.252688


Tree=610
num_leaves=5
num_cat=0
split_feature=18 18 5 10
split_gain=0.169685 0.231144 0.178813 0.160428
threshold=2.9527992010116582 2.1218442916870122 0.27780885994434362 -0.36912150681018824
decision_type=2 2 2 2
left_child=1 2 -1 -3
right_child=-2 3 -4 -5
leaf_value=0.0054480034617203727 0.080998044400560007 -0.015962703649993304 -0.0093586318383501888 -0.18860961747604493
leaf_weight=139.40561745001469 1.6337216907995742 0.67420126055367291 83.134627686580643 0.70070654078153782
leaf_count=1309 24 13 713 15
internal_value=-0.000129485 -0.0007216 -8.3332e-05 -0.10399
internal_weight=225.549 223.915 222.54 1.37491
internal_count=2074 2050 2022 28
is_linear=0
shrinkage=0.252688


Tree=611
num_leaves=8
num_cat=0
split_feature=14 20 20 3 14 18 3
split_gain=0.180484 0.641823 0.585752 0.402634 0.363266 0.586866 0.424663
threshold=-0.96527773141860951 0.58106446266174328 1.0548999905586245 0.068744193762540831 -0.8402777612209319 -0.20032934844493863 1.1265262365341189
decision_type=2 2 2 2 2 2 2
left_child=1 3 -3 -1 5 -2 -6
right_child=4 2 -4 -5 6 -7 -8
leaf_value=0.13939528321601996 0.0097036441371236831 -0.088460693106750019 0.01679467413198546 0.0017158543118751697 0.00092306542178458234 -0.12160319369407495 -0.133778328013548
leaf_weight=3.9489499269984689 4.5358989085070789 3.997238207608464 21.703334855381399 2.0656246170401573 166.89500383799896 4.1720240684226138 1.5073797437362362
leaf_count=57 70 35 216 13 1603 49 31
internal_value=0.000258127 0.0178129 0.000422656 0.0921157 -0.00288545 -0.0532097 -0.000283062
internal_weight=208.825 31.7151 25.7006 6.01457 177.11 8.70792 168.402
internal_count=2074 321 251 70 1753 119 1634
is_linear=0
shrinkage=0.252688


Tree=612
num_leaves=6
num_cat=0
split_feature=14 9 14 1 14
split_gain=0.170195 0.37689 0.232169 0.878823 0.369027
threshold=1.6458333730697634 -0.12842410057783124 1.3958332538604739 0.25235113501548773 1.243055582046509
decision_type=2 2 2 2 2
left_child=2 -2 4 -4 -1
right_child=1 -3 3 -5 -6
leaf_value=0.00048245714296738266 0.045284949835053177 -0.14625525103498441 0.12009348473415125 -0.098286386020907099 -0.10029755534303726
leaf_weight=196.39662895415267 1.154878134839237 1.5171274978201825 3.7729762215167275 1.7093114070594309 2.3471479611471286
leaf_count=1962 12 20 27 20 33
internal_value=-0.000121967 -0.0634758 0.000707082 0.0520021 -0.000708003
internal_weight=206.898 2.67201 204.226 5.48229 198.744
internal_count=2074 32 2042 47 1995
is_linear=0
shrinkage=0.252688


Tree=613
num_leaves=8
num_cat=0
split_feature=12 10 10 10 2 9 2
split_gain=0.156493 0.730924 0.83173 0.74609 0.446305 1.3903 0.558326
threshold=-0.49143186211585993 -0.50313338637351979 -0.022403861396014687 -0.56993281841278065 0.56787192821502697 0.23317147046327594 0.46541224420070654
decision_type=2 2 2 2 2 2 2
left_child=1 3 -3 -1 6 -6 -2
right_child=4 2 -4 -5 5 -7 -8
leaf_value=-0.011891640980004455 -0.0038409252311813278 0.08169421121961519 -0.010667307217470603 -0.2078175382616177 -0.1655604629925502 0.0041444164778650979 0.044868489724826315
leaf_weight=5.8622957379557192 161.00552521094505 12.835143976844849 12.088162311702034 1.5737810591235746 4.3243809705891172 10.729075461917089 16.571575839887373
leaf_count=44 1414 110 135 20 83 145 123
internal_value=-0.000105141 0.0161544 0.0368982 -0.0533697 -0.00283657 -0.0446104 0.000704772
internal_weight=224.99 32.3594 24.9233 7.43608 192.631 15.0535 177.577
internal_count=2074 309 245 64 1765 228 1537
is_linear=0
shrinkage=0.252688


Tree=614
num_leaves=7
num_cat=0
split_feature=19 2 4 23 21 23
split_gain=0.189901 0.803405 0.923798 0.693398 0.561769 0.528841
threshold=0.13567599654197696 0.4820783138275147 -0.85629725456237782 -0.5509091019630431 -0.74996778368949879 -0.54984304308891285
decision_type=2 2 2 2 2 2
left_child=3 4 -3 -1 -2 -5
right_child=1 2 -4 5 -6 -7
leaf_value=0.19687962279467028 -0.06298728580029854 0.11638721791720179 -0.091154717575190627 -0.15289501144952139 0.0076154920571897024 0.0073169608220551288
leaf_weight=1.2199472252978001 7.9294762760400763 1.5550149306654919 11.447413094108922 1.3313991045579303 77.726745306572411 106.91500054007338
leaf_count=21 55 22 79 8 744 1145
internal_value=0.000234915 -0.0078051 -0.0663301 0.00748115 0.0010792 0.00534565
internal_weight=208.125 98.6586 13.0024 109.466 85.6562 108.246
internal_count=2074 900 101 1174 799 1153
is_linear=0
shrinkage=0.252688


Tree=615
num_leaves=8
num_cat=0
split_feature=12 2 2 7 23 17 15
split_gain=0.154233 0.679292 1.36343 0.714933 0.50748 0.940911 0.829475
threshold=0.428179681301117 0.31523510813713079 0.22431434690952304 1.1623473763465884 -0.4661372303962707 -0.3812743872404098 -0.45409758388996119
decision_type=2 2 2 2 2 2 2
left_child=4 2 -2 -3 5 -1 -6
right_child=1 3 -4 -5 6 -7 -8
leaf_value=0.054038907781934618 -0.012230290001147132 -0.11852818962717103 0.15843639540622578 0.099796959602430929 0.08330361695165045 -0.14982836838431163 0.0022967431935439304
leaf_weight=2.4173345297458582 43.55974271253217 6.0483207129836947 3.2085176147520533 1.1374185790773479 8.5746000725775939 3.5942476895870632 137.29260310770042
leaf_count=39 486 94 19 9 72 54 1301
internal_value=-2.91056e-05 -0.0116342 -0.000520084 -0.0839649 0.00409356 -0.0678529 0.00705891
internal_weight=205.833 53.954 46.7683 7.18574 151.879 6.01158 145.867
internal_count=2074 608 505 103 1466 93 1373
is_linear=0
shrinkage=0.252688


Tree=616
num_leaves=7
num_cat=0
split_feature=19 5 13 12 19 5
split_gain=0.206165 0.489302 1.44754 0.673939 0.486041 0.422554
threshold=0.54376906156539928 0.4234477579593659 -0.65789467096328724 8.2104053497314471 0.56560364365577709 -0.059314839541912072
decision_type=2 2 2 2 2 2
left_child=1 3 -3 -1 -2 -6
right_child=4 2 -4 -5 5 -7
leaf_value=-0.0010337440117513484 0.10309227504127787 0.05603782379047282 -0.081284856078890216 0.18057212482982651 0.093670597560876298 0.0016308199577289143
leaf_weight=133.12296700805018 3.5200518630444995 7.0731852789176655 15.959478657110592 1.3171436324482773 3.365889646112918 59.076684857078362
leaf_count=1355 16 57 168 10 12 456
internal_value=-0.0001162 -0.00508398 -0.0391136 0.000746187 0.0117433 0.00659288
internal_weight=223.435 157.473 23.0327 134.44 65.9626 62.4426
internal_count=2074 1590 225 1365 484 468
is_linear=0
shrinkage=0.252688


Tree=617
num_leaves=5
num_cat=0
split_feature=7 11 6 23
split_gain=0.202796 0.246349 0.763878 0.424903
threshold=1.6332325935363772 0.42075046896934515 1.0875272750854494 0.045702902600169189
decision_type=2 2 2 2
left_child=1 3 -3 -1
right_child=-2 2 -4 -5
leaf_value=0.0045270744164322262 -0.095476397849043243 0.067036412646717156 -0.0077515107326925105 -0.023904825837334574
leaf_weight=121.18284576358565 1.4057427346706379 13.642174937151138 24.168129344470799 46.416723790112883
leaf_count=1145 8 161 291 469
internal_value=0.000154512 0.000809222 0.0192329 -0.00334719
internal_weight=206.816 205.41 37.8103 167.6
internal_count=2074 2066 452 1614
is_linear=0
shrinkage=0.252688


Tree=618
num_leaves=8
num_cat=0
split_feature=2 14 10 8 2 19 21
split_gain=0.183543 0.768014 1.1898 0.946007 0.454531 0.493816 0.313768
threshold=-0.89512509107589711 1.0208333134651186 1.5025941729545595 0.1168201006948948 -0.76330593228340138 -0.38992404937744135 -0.73515686392784108
decision_type=2 2 2 2 2 2 2
left_child=1 3 -3 -1 5 -2 -6
right_child=4 2 -4 -5 6 -7 -8
leaf_value=0.0052339051422040104 0.12505662209739113 -0.18519369777856468 0.13392144907419762 0.10892561998142727 0.041292506165639169 -0.1225439473798057 -0.0044049898895194839
leaf_weight=24.625953912502158 0.60166469204705197 2.597331596538424 1.0460995165631173 7.277819439652375 10.229313901159911 3.5267943381913929 154.31213088561253
leaf_count=230 13 29 16 66 124 43 1553
internal_value=-0.000164137 0.0163372 -0.0935631 0.0288893 -0.00364185 -0.0864479 -0.00156391
internal_weight=204.217 35.5472 3.64343 31.9038 168.67 4.12846 164.541
internal_count=2074 341 45 296 1733 56 1677
is_linear=0
shrinkage=0.252688


Tree=619
num_leaves=8
num_cat=0
split_feature=18 2 12 2 1 1 1
split_gain=0.196174 1.45446 1.32722 0.506867 0.419128 1.44937 0.780803
threshold=0.94127324223518383 0.46541224420070654 0.73379042744636547 0.49905665218830114 0.66972169280052196 0.80343374609947216 0.63373014330863964
decision_type=2 2 2 2 2 2 2
left_child=4 2 -2 -3 6 -6 -1
right_child=1 3 -4 -5 5 -7 -8
leaf_value=0.0038981542280809149 -0.14956275505488623 0.12874877304865706 0.1103969667437409 0.0046351614719208492 -0.19464850954402582 0.00057356048639275721 0.1341453408161111
leaf_weight=178.58119188534329 7.2060219875857019 2.4812856372445848 1.5177798776421694 13.692433358344713 3.0093120320234439 12.566127055790274 2.9874682007357469
leaf_count=1523 124 12 15 182 55 147 16
internal_value=-4.00676e-05 -0.0211748 -0.10433 0.0236797 0.0026291 -0.0371503 0.00604159
internal_weight=222.042 24.8975 8.7238 16.1737 197.144 15.5754 181.569
internal_count=2074 333 139 194 1741 202 1539
is_linear=0
shrinkage=0.252688


Tree=620
num_leaves=7
num_cat=0
split_feature=7 4 2 7 12 2
split_gain=0.198937 0.973151 0.760117 0.309188 0.814584 0.812694
threshold=-1.0939416289329527 0.25593066215515142 0.799808830022812 -0.037073919549584382 -0.68154582381248463 0.19603836536407473
decision_type=2 2 2 2 2 2
left_child=1 2 -1 5 -5 -2
right_child=3 -3 -4 4 -6 -7
leaf_value=0.030500332352991703 -0.03174140752059644 0.24762469842902496 -0.18331104051634367 0.18626580065270607 0.0046767141029369942 0.018462147927570696
leaf_weight=10.166190760210155 54.776659851428121 1.1975743807852257 1.1849281042814244 1.6012107301503409 103.55410518619465 32.98667793860659
leaf_count=134 492 14 14 24 1045 351
internal_value=0.000206445 0.0310347 0.00817324 -0.0017989 0.00744272 -0.0128719
internal_weight=205.467 12.5487 11.3511 192.919 105.155 87.7633
internal_count=2074 162 148 1912 1069 843
is_linear=0
shrinkage=0.252688


Tree=621
num_leaves=5
num_cat=0
split_feature=24 23 11 23
split_gain=0.173655 0.206181 0.749554 0.523288
threshold=-18.035001754760739 1.950252413749695 0.98287484049797069 1.7239641547203066
decision_type=2 2 2 2
left_child=-1 3 -3 -2
right_child=1 2 -4 -5
leaf_value=0.12770529070842704 -0.0016511950166443058 -0.18149947649562997 -0.0067399004273150202 0.056140599651798566
leaf_weight=0.67610890774085319 178.09863735942622 1.8237171462387767 11.116511729822376 10.598926024045793
leaf_count=9 1786 46 145 88
internal_value=-9.21037e-05 -0.00052096 -0.031376 0.00159504
internal_weight=202.314 201.638 12.9402 188.698
internal_count=2074 2065 191 1874
is_linear=0
shrinkage=0.252688


Tree=622
num_leaves=7
num_cat=0
split_feature=21 8 8 21 10 24
split_gain=0.171742 1.00049 1.01152 0.960298 0.630949 0.445867
threshold=-0.022723059169948098 -0.32604986429214472 -0.18067439645528791 -0.0099115101620554907 -0.19407338649034497 -0.20919420570135114
decision_type=2 2 2 2 2 2
left_child=1 4 -3 -2 -1 -5
right_child=3 2 -4 5 -6 -7
leaf_value=-0.046406921863286273 0.13608651494028343 0.047726850630699237 -0.01300163276817521 0.027696783479894734 -0.19581917213873665 -0.0084108469024371125
leaf_weight=6.5105774046387523 3.5618510299827895 22.256997779477388 82.154700461309403 31.463739669008646 2.4964504487579671 71.358954606577754
leaf_count=84 16 153 704 332 64 721
internal_value=-0.000186212 -0.00702692 -5.6211e-05 0.0071068 -0.0878283 0.00263816
internal_weight=219.803 113.419 104.412 106.385 9.00703 102.823
internal_count=2074 1005 857 1069 148 1053
is_linear=0
shrinkage=0.252688


Tree=623
num_leaves=8
num_cat=0
split_feature=19 8 11 20 4 13 19
split_gain=0.196686 0.800412 1.46476 1.04194 0.471942 0.393479 0.0652604
threshold=0.98581835627555858 0.113753329962492 -0.74183863401412953 0.11585490033030511 3.9179333448410039 -1.0087718963623045 0.69876167178154003
decision_type=2 2 2 2 2 2 2
left_child=4 2 -2 -3 5 -1 -6
right_child=1 3 -4 -5 6 -7 -8
leaf_value=0.055470250921517847 -0.11812218132634168 -0.18887459666841228 0.22936054767846062 -0.017137162801860763 0.085954617872053898 -0.00093203958829585578 0.19664358793517861
leaf_weight=8.2665214468725008 1.30225963331759 2.8125900028971946 1.9101542197167898 11.384824599255806 0.59642009547678643 176.73390520739486 0.79531059972941875
leaf_count=113 17 16 13 140 17 1748 10
internal_value=0.00029227 -0.0253926 0.0885001 -0.0511652 0.00269142 0.00158837 0.14926
internal_weight=203.802 17.4098 3.21241 14.1974 186.392 185 1.39173
internal_count=2074 186 30 156 1888 1861 27
is_linear=0
shrinkage=0.252688


Tree=624
num_leaves=8
num_cat=0
split_feature=1 8 4 8 17 13 23
split_gain=0.166413 0.564734 0.604583 0.282001 0.256274 0.996925 0.426365
threshold=-0.98377662897109974 -0.31032371520996088 0.053951634094119079 -0.45184883475303644 -0.32287460565567011 -0.38888889551162714 -0.36562334001064295
decision_type=2 2 2 2 2 2 2
left_child=1 3 -3 -1 5 -2 -6
right_child=4 2 -4 -5 6 -7 -8
leaf_value=0.04105778111853766 -0.13568702929505791 0.081893541889979493 -0.0012381697071191127 -0.17941007483007942 0.036125725441569334 -0.0053776875944795402 -0.0036738828605007447
leaf_weight=0.51749547757208336 4.3449126193299916 8.8300911125261354 15.201876026229 1.3015859494335043 19.952124942617957 27.298140548286028 123.97962795043668
leaf_count=5 56 88 120 40 195 301 1269
internal_value=0.000103719 0.0190318 0.0293081 -0.116697 -0.00268323 -0.0232725 0.00184333
internal_weight=201.426 25.851 24.032 1.81908 175.575 31.6431 143.932
internal_count=2074 253 208 45 1821 357 1464
is_linear=0
shrinkage=0.252688


Tree=625
num_leaves=7
num_cat=0
split_feature=19 8 7 19 14 14
split_gain=0.212152 0.881035 1.73701 1.13253 0.421747 0.647847
threshold=0.60693734884262096 0.12194845080375673 -0.070147152990102754 0.7146601974964143 -1.7291666269302366 -1.5833332538604734
decision_type=2 2 2 2 2 2
left_child=4 2 -2 -3 -1 -6
right_child=1 3 -4 -5 5 -7
leaf_value=0.12363714388892501 0.11487667402113452 0.11243940370849305 -0.082092851366093525 0.010296067181722258 -0.20013230846351177 -0.0046191352710908649
leaf_weight=1.6195124241057772 3.7237677592784193 9.0396805598866177 12.300196005729957 29.708022123959381 1.0889529737178225 160.9188682634267
leaf_count=13 21 45 83 270 17 1625
internal_value=-9.45916e-05 0.0135177 -0.0363172 0.0341269 -0.00465111 -0.00593395
internal_weight=218.399 54.7717 16.024 38.7477 163.627 162.008
internal_count=2074 419 104 315 1655 1642
is_linear=0
shrinkage=0.252688


Tree=626
num_leaves=8
num_cat=0
split_feature=21 3 4 3 16 16 8
split_gain=0.197414 0.721586 0.638346 1.45522 0.800029 0.517689 0.131526
threshold=0.1441668123006821 -1.3743321299552915 0.42431688308715826 0.55199223756790172 -0.25587598979473108 1.1848564147949221 -0.76791241765022267
decision_type=2 2 2 2 2 2 2
left_child=1 6 4 -4 -2 -3 -1
right_child=2 5 3 -5 -6 -7 -8
leaf_value=0.082868306801614486 0.050060544353211014 0.0056373354089241665 0.14145742656127128 -0.01834938725719313 -0.034732993448808938 -0.12256818937700464 0.20696236168265664
leaf_weight=1.0151034025475385 8.277658334001897 122.91786907301866 5.3814616966992643 11.230041150934992 50.122484115388943 2.043977476656436 1.1809577038511623
leaf_count=26 91 1165 60 139 567 14 12
internal_value=-1.14532e-06 0.00606353 -0.0102818 0.0334244 -0.022714 0.00353978 0.149636
internal_weight=202.17 127.158 75.0116 16.6115 58.4001 124.962 2.19606
internal_count=2074 1217 857 199 658 1179 38
is_linear=0
shrinkage=0.252688


Tree=627
num_leaves=7
num_cat=0
split_feature=7 12 24 7 21 7
split_gain=0.163244 0.846041 0.607293 0.344362 1.12447 1.09587
threshold=0.89772677421569835 0.14079063385725024 0.47469753026962286 0.23959073424339297 -0.73515686392784108 0.1124229058623314
decision_type=2 2 2 2 2 2
left_child=3 -2 -3 5 -5 -1
right_child=1 2 -4 4 -6 -7
leaf_value=0.0030270943594619174 -0.1742885560976361 -0.029013568892570844 0.069017897678354062 0.15640415466773713 0.0098605554777502716 -0.079331693518437385
leaf_weight=112.59597391186617 2.0608022238593575 16.409182848758068 5.3500346079817964 3.5908047311240798 48.422399640386175 11.355825128029208
leaf_count=1145 20 137 51 44 548 129
internal_value=6.51291e-05 -0.0195666 -0.00490899 0.00272269 0.0199789 -0.00451849
internal_weight=199.785 23.82 21.7592 175.965 52.0132 123.952
internal_count=2074 208 188 1866 592 1274
is_linear=0
shrinkage=0.252688


Tree=628
num_leaves=8
num_cat=0
split_feature=17 15 15 15 17 9 5
split_gain=0.150759 0.897386 1.96729 0.67842 0.516424 0.539357 0.234304
threshold=-0.31808340549468989 -0.33884464204311365 -0.3843159675598144 -0.33576653897762293 -0.31271600723266596 -0.57260063290595997 -1.3552751541137693
decision_type=2 2 2 2 2 2 2
left_child=1 2 -1 -3 5 -2 -6
right_child=4 3 -4 -5 6 -7 -8
leaf_value=0.010402568495051508 0.071200960166327654 0.19250472441378652 -0.18737435531416027 0.033415555565353784 0.042775066923571553 -0.19513659737278458 -0.0050682176193656368
leaf_weight=60.221389863523655 0.67346609383821521 2.749729186296463 3.3917036126367739 4.5325150773860505 6.8636771254823534 1.7366602774709452 136.66359790181741
leaf_count=503 4 8 33 29 90 28 1379
internal_value=-8.42374e-05 0.00947528 -0.000143888 0.0934964 -0.00472821 -0.120714 -0.00278013
internal_weight=216.833 70.8953 63.6131 7.28224 145.937 2.41013 143.527
internal_count=2074 573 536 37 1501 32 1469
is_linear=0
shrinkage=0.252688


Tree=629
num_leaves=8
num_cat=0
split_feature=19 1 5 4 5 3 23
split_gain=0.2047 1.36801 0.616444 0.595378 0.582526 0.533753 0.313866
threshold=0.67105332016944896 0.32839795947074896 1.2865191102027895 0.22458894550800326 1.1537402272224428 0.1587353199720383 0.13841208070516589
decision_type=2 2 2 2 2 2 2
left_child=2 3 4 -2 -1 -4 -3
right_child=1 6 5 -5 -6 -7 -8
leaf_value=0.0034042927581568439 0.045311499749385725 -0.16516559929553323 0.22693108944743062 -0.025928236262895699 -0.14858267234800276 -0.0015477791841156934 -0.049586808792661446
leaf_weight=159.48895806352084 13.38474808476167 4.0789573467336586 1.4618459744378918 17.008702526451088 1.6260624607093621 1.1793327638879416 2.3738587200641632
leaf_count=1658 157 29 13 168 12 21 16
internal_value=2.61821e-05 -0.0169904 0.00385509 0.0054447 0.00186987 0.124931 -0.122654
internal_weight=200.602 36.8463 163.756 30.3935 161.115 2.64118 6.45282
internal_count=2074 370 1704 325 1670 34 45
is_linear=0
shrinkage=0.252688


Tree=630
num_leaves=7
num_cat=0
split_feature=1 15 13 1 13 13
split_gain=0.174942 0.538256 0.479565 0.408262 0.333133 0.623889
threshold=1.0522961616516116 0.22449637204408648 -0.076023451983928667 1.1245920658111574 -1.06725138425827 -1.0380115509033201
decision_type=2 2 2 2 2 2
left_child=4 3 -3 -2 -1 -6
right_child=1 2 -4 -5 5 -7
leaf_value=0.12142250427005148 -0.17961548409222142 -0.10772411859430436 0.1287599553908822 -0.022347836701930895 -0.12917237733934284 0.0022544961472890611
leaf_weight=1.4688480757176865 1.95121495053172 0.80571370362304184 1.7060569860041139 2.2917446022547665 2.3343738019466391 187.97825028980878
leaf_count=21 29 11 23 57 33 1900
internal_value=0.000159682 -0.0398066 0.0528945 -0.0946844 0.00156745 0.000642053
internal_weight=198.536 6.75473 2.51177 4.24296 191.781 190.313
internal_count=2074 120 34 86 1954 1933
is_linear=0
shrinkage=0.252688


Tree=631
num_leaves=7
num_cat=0
split_feature=19 19 7 17 17 21
split_gain=0.229448 0.44424 0.400302 0.368697 0.33791 0.192922
threshold=1.0006890892982485 0.94520583748817455 0.095661073923110976 -0.34587162733077997 1.2503048181533816 -0.2359364256262779
decision_type=2 2 2 2 2 2
left_child=1 3 -2 -1 -4 -3
right_child=2 5 4 -5 -6 -7
leaf_value=-0.031376361568606619 -0.073315294748324281 -0.0041828859952752675 0.05390474657256783 0.0024048095053256086 -0.050541439419233627 -0.18465439817099
leaf_weight=23.466487290745135 2.2726666196249452 0.54763270728290092 14.510056591301693 170.61050157954742 2.2894869169685981 1.2222687884932371
leaf_count=254 22 4 107 1610 49 28
internal_value=-0.000252765 -0.0028293 0.0262042 -0.00167985 0.0396693 -0.128833
internal_weight=214.919 195.847 19.0722 194.077 16.7995 1.7699
internal_count=2074 1896 178 1864 156 32
is_linear=0
shrinkage=0.252688


Tree=632
num_leaves=6
num_cat=0
split_feature=19 18 1 19 16
split_gain=0.216454 0.657812 0.649749 0.292703 0.289451
threshold=0.98581835627555858 0.57793629169464122 -0.22639002650976178 0.94520583748817455 1.8220110535621645
decision_type=2 2 2 2 2
left_child=3 2 -2 4 -1
right_child=1 -3 -4 -5 -6
leaf_value=0.00049420968906451097 -0.047363261069523398 -0.1911119416900913 0.065779714108331194 0.10402201709310147 0.093191368213258588
leaf_weight=178.66663624046487 10.379255460342392 1.4337624480249349 4.7115693553350875 1.7991531062871207 2.1765317961544488
leaf_count=1800 112 12 62 24 64
internal_value=0.000113573 -0.0275804 -0.0120373 0.00261927 0.00161014
internal_weight=199.167 16.5246 15.0908 182.642 180.843
internal_count=2074 186 174 1888 1864
is_linear=0
shrinkage=0.252688


Tree=633
num_leaves=7
num_cat=0
split_feature=10 10 5 16 16 19
split_gain=0.19542 1.21169 0.988233 0.724102 0.707573 0.660329
threshold=0.14612852036952975 0.066787932068109526 0.56825745105743419 -0.89194950461387623 -0.84244790673255909 0.13567599654197696
decision_type=2 2 2 2 2 2
left_child=1 2 -1 -2 -5 -3
right_child=3 5 -4 4 -6 -7
leaf_value=-0.0085753471171727391 -0.18833173154900149 -0.018448197469627649 0.071577352116741794 0.17140424720781916 0.0086026052385992386 -0.17971186448251661
leaf_weight=93.204233518277761 1.1682592537254084 2.8115765299298792 10.978206809086258 1.739465994760393 83.805675447808198 3.8295141514390707
leaf_count=998 15 47 111 10 859 34
internal_value=0.000230107 -0.00680013 -0.000128937 0.00921506 0.0119141 -0.111446
internal_weight=197.537 110.824 104.182 86.7134 85.5451 6.64109
internal_count=2074 1190 1109 884 869 81
is_linear=0
shrinkage=0.252688


Tree=634
num_leaves=5
num_cat=0
split_feature=8 10 10 10
split_gain=0.176852 0.203904 0.72718 0.44476
threshold=13.693320751190187 1.623984217643738 1.7083496451377871 1.3953665494918825
decision_type=2 2 2 2
left_child=1 3 -3 -1
right_child=-2 2 -4 -5
leaf_value=-0.0015178687313767564 0.069139975502730142 -0.21107838069690424 -0.0095498462725757665 0.063683860652674534
leaf_weight=194.87394934128679 2.318744328338652 1.3188929566822469 8.5623019931372237 6.9165778543101615
leaf_count=1848 24 23 116 63
internal_value=-0.000257985 -0.00101838 -0.0364589 0.000717142
internal_weight=213.99 211.672 9.88119 201.791
internal_count=2074 2050 139 1911
is_linear=0
shrinkage=0.252688


Tree=635
num_leaves=5
num_cat=0
split_feature=23 23 19 11
split_gain=0.2076 0.213204 0.467814 0.280598
threshold=-0.59690457582473744 -0.5509091019630431 0.84839320182800304 -1.1545104980468748
decision_type=2 2 2 2
left_child=-1 2 -2 -3
right_child=1 3 -4 -5
leaf_value=-0.070492951110867813 0.12894949819012261 -0.06263251818707706 -0.095266281822367127 0.0014424621574018683
leaf_weight=2.627932818606495 2.1804616919253017 4.4669929041992864 0.81620361539535213 188.16558653594257
leaf_count=18 35 62 19 1940
internal_value=4.91795e-05 0.000996983 0.0678732 -4.3545e-05
internal_weight=198.257 195.629 2.99667 192.633
internal_count=2074 2056 54 2002
is_linear=0
shrinkage=0.252688


Tree=636
num_leaves=7
num_cat=0
split_feature=5 3 5 5 7 1
split_gain=0.160188 0.71383 0.470285 0.801897 0.722866 0.428459
threshold=0.97422510385513317 -0.90157526731491078 0.7154299020767213 0.68076613545417797 0.095661073923110976 0.13704852014780047
decision_type=2 2 2 2 2 2
left_child=2 -2 3 -1 -4 -3
right_child=1 5 4 -5 -6 -7
leaf_value=0.0012116280689265125 -0.20783758278206529 -0.039948219290490042 0.17518337731679129 -0.14063874445331573 0.021032305844887075 0.036056214362634578
leaf_weight=159.77413671823456 1.2248215472791368 11.646464080433363 2.3596140223089597 2.5852953237481406 10.974667249363845 7.9806223765481255
leaf_count=1690 9 168 22 24 82 79
internal_value=0.000213851 -0.0207256 0.00269908 -0.00104754 0.0483166 -0.00904364
internal_weight=196.546 20.8519 175.694 162.359 13.3343 19.6271
internal_count=2074 256 1818 1714 104 247
is_linear=0
shrinkage=0.252688


Tree=637
num_leaves=8
num_cat=0
split_feature=3 14 14 9 3 2 2
split_gain=0.167427 0.850761 1.32145 1.05466 0.5404 0.834036 0.476233
threshold=-0.69191482663154591 -0.17361108958721158 -0.10416665673255919 1.2499344944953921 -0.59914404153823841 0.71714067459106456 0.34794615209102636
decision_type=2 2 2 2 2 2 2
left_child=1 3 -3 -1 6 -6 -2
right_child=4 2 -4 -5 5 -7 -8
leaf_value=0.041697803856827205 -0.0030301742492867111 -0.19982049074344724 -0.017540388607498965 -0.12953509171933822 0.002078779085430576 -0.13920063074165986 0.12930653045533652
leaf_weight=15.960691933461936 3.0937217995524398 3.5021990765380897 9.2347457680880307 2.6822267624665974 172.07862869466771 2.7095529593643723 3.9566251384094357
leaf_count=197 22 86 136 34 1531 50 18
internal_value=-0.000286524 -0.0173316 -0.0676671 0.0170588 0.00265497 -0.00011173 0.0712406
internal_weight=213.218 31.3799 12.7369 18.6429 181.839 174.788 7.05035
internal_count=2074 453 222 231 1621 1581 40
is_linear=0
shrinkage=0.252688


Tree=638
num_leaves=8
num_cat=0
split_feature=4 7 3 21 1 0 14
split_gain=0.190008 0.58411 0.37602 0.74865 0.507654 0.332489 0.00151361
threshold=1.7535226941108706 0.84336555004119884 0.27273608744144445 -0.69206702709197987 0.049910316243767745 1.0000000180025095e-35 -1.3958332538604734
decision_type=2 2 2 2 2 2 2
left_child=2 6 4 -4 -1 -3 -2
right_child=1 5 3 -5 -6 -7 -8
leaf_value=0.023685819330122364 0.19732914810104726 0.038757185567872852 -0.10638811026120408 -0.0094365753765327243 -0.0076942852023276229 -0.064865675955376345 0.17798436275375099
leaf_weight=55.309326442889869 0.45373574085533619 7.1906332938233373 5.7510505141690365 43.918852455739398 81.3069798613069 2.7263162069721147 0.95170484983827808
leaf_count=545 7 100 38 485 830 36 33
internal_value=9.64492e-05 0.0318782 -0.00183531 -0.0206632 0.00501003 0.0102677 0.184302
internal_weight=197.609 11.3224 186.286 49.6699 136.616 9.91695 1.40544
internal_count=2074 176 1898 523 1375 136 40
is_linear=0
shrinkage=0.252688


Tree=639
num_leaves=8
num_cat=0
split_feature=10 0 20 24 10 11 10
split_gain=0.164946 0.84607 0.941351 0.547489 0.520295 0.83768 0.324898
threshold=-0.63295421004295338 -1.0000000180025095e-35 -0.25136908888816828 -0.15567435324192044 -0.55706703662872303 -0.5827827751636504 -0.37369303405284876
decision_type=2 2 2 2 2 2 2
left_child=1 3 -3 -1 5 -2 -6
right_child=4 2 -4 -5 6 -7 -8
leaf_value=0.18014365537243449 -0.13492407020535435 0.038565770510118322 -0.08358987606479093 -0.022210302774477064 -0.028414203924008449 0.091815348718084597 0.0039714573419007354
leaf_weight=1.988133908249438 1.1991434416268019 6.0541094308719083 12.034050057118289 1.4957283649127955 22.993646096671 7.8369765898678434 141.46890373347605
leaf_count=21 16 49 163 28 256 64 1477
internal_value=9.61769e-05 -0.0207418 -0.0427044 0.0932763 0.00268714 0.0617195 -0.000556477
internal_weight=195.071 21.572 18.0882 3.48386 173.499 9.03612 164.463
internal_count=2074 261 212 49 1813 80 1733
is_linear=0
shrinkage=0.252688


Tree=640
num_leaves=8
num_cat=0
split_feature=18 1 18 1 1 1 21
split_gain=0.160679 0.962798 0.862001 0.370935 1.10009 0.539534 0.316535
threshold=0.94127324223518383 0.40189196169376379 1.1311745047569277 0.66972169280052196 0.80343374609947216 0.63373014330863964 0.65402743220329296
decision_type=2 2 2 2 2 2 2
left_child=3 6 -3 5 -5 -1 -2
right_child=1 2 -4 4 -6 -7 -8
leaf_value=0.0036673919234482951 -0.19171108323315605 -0.12409398374596052 0.023916551257676319 -0.18983173966234129 -0.0050906345617262845 0.11673960735814576 -0.027884654959164212
leaf_weight=170.96429792806157 2.4521558332489835 2.9550248216837671 16.756189010287926 2.4793775882571927 12.101201558602041 2.7371062077581874 1.0870177140459416
leaf_count=1523 60 58 189 55 147 16 26
internal_value=-0.000247348 -0.0200653 0.00172461 0.00219996 -0.0365111 0.00544949 -0.141406
internal_weight=211.532 23.2504 19.7112 188.282 14.5806 173.701 3.53917
internal_count=2074 333 247 1741 202 1539 86
is_linear=0
shrinkage=0.252688


Tree=641
num_leaves=7
num_cat=0
split_feature=1 18 1 1 24 16
split_gain=0.186779 0.415556 0.63506 0.26378 0.322215 0.281208
threshold=1.0480016469955447 0.65203070640563976 1.1031585335731509 1.0107142329216006 -0.5206957459449767 0.84800541400909435
decision_type=2 2 2 2 2 2
left_child=3 -2 -3 5 -5 -1
right_child=1 2 -4 4 -6 -7
leaf_value=-0.0041026638431458104 -0.062700515775981888 0.17825312270230648 0.012976123335659052 -0.18365815937598179 0.0075521352405123763 0.026284446196046987
leaf_weight=163.12819500587648 2.0846651366446149 2.1901032119058073 4.6050010304752504 1.1185050560161474 1.1318132858723391 22.076549796707695
leaf_count=1616 24 32 72 16 16 298
internal_value=0.00017093 0.0359792 0.0662558 -0.0015254 -0.0875078 -0.000480425
internal_weight=196.335 8.87977 6.7951 187.455 2.25032 185.205
internal_count=2074 128 104 1946 32 1914
is_linear=0
shrinkage=0.252688


Tree=642
num_leaves=6
num_cat=0
split_feature=2 2 2 7 18
split_gain=0.19047 0.612855 0.549545 0.522811 0.508791
threshold=-0.32847115397453303 -0.30634818971157068 -0.34094305336475367 1.1448020935058596 -0.63666307926177967
decision_type=2 2 2 2 2
left_child=2 -2 3 -1 -3
right_child=1 4 -4 -5 -6
leaf_value=0.00026396737557609951 -0.1362543132982762 -0.095736517355509226 0.15533385426208485 0.081234606048446706 -0.00042365653047837516
leaf_weight=56.537929975951556 2.2482726089656344 3.682075719581916 1.6488973890664045 5.5950416570994994 123.60908522358295
leaf_count=649 24 82 16 36 1267
internal_value=7.42387e-05 -0.00549127 0.0113776 0.00755598 -0.00318111
internal_weight=193.321 129.539 63.7819 62.133 127.291
internal_count=2074 1373 701 685 1349
is_linear=0
shrinkage=0.252688


Tree=643
num_leaves=7
num_cat=0
split_feature=9 9 13 24 9 9
split_gain=0.175717 0.495606 0.525408 0.266525 0.811957 0.413731
threshold=1.6908938288688662 1.8883299827575686 0.78070163726806652 -0.4591801762580871 -0.64599213004112233 1.6034967303276064
decision_type=2 2 2 2 2 2
left_child=3 -2 -3 4 -1 -5
right_child=1 2 -4 5 -6 -7
leaf_value=0.09016304482306027 0.086218408401778926 -0.10097158124068185 0.057240685467735933 0.0035706532915093878 -0.034218254171757556 -0.12562965216132221
leaf_weight=3.7304569599800734 5.2762077827937883 2.7142929644396645 2.6465280011761934 160.92255599216151 32.915823047223967 1.5977491019293655
leaf_count=32 24 71 25 1458 449 15
internal_value=-0.000399322 0.0312432 -0.0228672 -0.00208936 -0.0215555 0.00230006
internal_weight=209.804 10.637 5.36082 199.167 36.6463 162.52
internal_count=2074 120 96 1954 481 1473
is_linear=0
shrinkage=0.252688


Tree=644
num_leaves=5
num_cat=0
split_feature=13 24 4 4
split_gain=0.205874 0.187708 0.816204 0.773847
threshold=-1.0906432271003721 -0.26663106679916376 -0.54980984330177296 -0.60288161039352406
decision_type=2 2 2 2
left_child=-1 2 -2 -3
right_child=1 3 -4 -5
leaf_value=0.13777101390580082 0.061080431451079872 -0.037161795107786159 -0.005884329323440695 0.0062080407491555646
leaf_weight=0.69314354099333186 15.719548808301623 35.873268474009819 44.57870763525716 98.11783757415833
leaf_count=14 176 396 512 976
internal_value=0.000356063 -0.000134543 0.0115735 -0.0054034
internal_weight=194.983 194.289 60.2983 133.991
internal_count=2074 2060 688 1372
is_linear=0
shrinkage=0.252688


Tree=645
num_leaves=7
num_cat=0
split_feature=5 14 5 19 6 1
split_gain=0.178033 0.772695 0.754848 0.718988 0.50097 0.00534319
threshold=-0.15675833821296689 -1.2013888359069822 -0.1440228074789047 -0.19428591430187223 1.2494528889656069 -0.59768804907798756
decision_type=2 2 2 2 2 2
left_child=1 5 -2 -3 -4 -1
right_child=2 3 4 -5 -6 -7
leaf_value=-0.20846369615203816 0.15318818028197431 -0.021768903397691396 -0.0015598982931710288 0.035261341124590229 0.060208563929832148 -0.17653006599457374
leaf_weight=0.55998006835579872 2.1816942469449705 51.431543790724845 108.73859576937275 19.453346751921345 9.0838055599015188 0.95624265167862066
leaf_count=5 16 633 1105 193 92 30
internal_value=-4.03893e-05 -0.00993618 0.00592997 -0.0061176 0.00320253 -0.188393
internal_weight=192.405 72.4011 120.004 70.8849 117.822 1.51622
internal_count=2074 861 1213 826 1197 35
is_linear=0
shrinkage=0.252688


Tree=646
num_leaves=7
num_cat=0
split_feature=16 15 15 13 8 12
split_gain=0.145672 0.366684 0.448524 0.331922 0.676706 0.325613
threshold=2.4033796787261967 -0.60292181372642506 -0.59412834048271168 0.3538010865449906 0.10655900835990907 0.38322597742080694
decision_type=2 2 2 2 2 2
left_child=1 5 -3 4 -2 -1
right_child=3 2 -4 -5 -6 -7
leaf_value=-0.0064196481941933177 -0.12365328283458243 0.13121579271002215 -0.0009699750507754344 0.19875280968164258 0.1711720463758109 -0.19489478092110082
leaf_weight=1.1729339906014495 1.1521825484232975 1.6519077345728863 201.91781715229445 0.76554037630558003 0.87346849218010891 1.1677631633356211
leaf_count=15 48 7 1984 2 5 13
internal_value=-0.000263206 -0.00104054 0.000103004 0.0570708 0.00348733 -0.100472
internal_weight=208.702 205.91 203.57 2.79119 2.02565 2.3407
internal_count=2074 2019 1991 55 53 28
is_linear=0
shrinkage=0.252688


Tree=647
num_leaves=7
num_cat=0
split_feature=15 13 4 23 4 23
split_gain=0.160047 0.60068 0.732087 0.455629 0.721498 0.497497
threshold=4.6590611934661874 0.81578931212425243 -0.50164476037025441 1.950252413749695 0.22458894550800326 1.7737217545509341
decision_type=2 2 2 2 2 2
left_child=3 -2 -3 5 -5 -1
right_child=1 2 -4 4 -6 -7
leaf_value=0.0011407384866737335 0.15534083703560458 0.14275198938259306 -0.13470956550961727 0.15125633217200427 -0.0096594664083781267 -0.083505712245880159
leaf_weight=177.61933051927917 0.79926373917260107 0.74197032814845432 3.3328237448586151 3.2796086906455448 3.8877304866909981 4.5464164414443067
leaf_count=1818 18 12 50 64 56 56
internal_value=0.000322871 -0.0448855 -0.0841749 0.00148681 0.0639774 -0.000972061
internal_weight=194.207 4.87406 4.07479 189.333 7.16734 182.166
internal_count=2074 80 62 1994 120 1874
is_linear=0
shrinkage=0.252688


Tree=648
num_leaves=7
num_cat=0
split_feature=7 3 16 20 11 14
split_gain=0.178866 0.487464 0.666685 0.289967 1.10924 0.654119
threshold=0.89772677421569835 0.50844919681549083 -0.39040891826152796 0.593804031610489 -0.037838527932763093 -1.118055462837219
decision_type=2 2 2 2 2 2
left_child=3 -2 -3 5 -5 -1
right_child=1 2 -4 4 -6 -7
leaf_value=-0.12999036419006305 -0.12651552824320764 0.17277598296728736 -0.019691903659279947 -0.16260015493684429 0.031219009316727678 -0.00052170351743647365
leaf_weight=2.5414964724332085 2.4928429750725654 1.2219081372022689 19.16485921660205 1.983543132431804 37.907054288152722 125.86392769053941
leaf_count=36 24 12 172 29 409 1392
internal_value=-8.85259e-05 -0.0210508 -0.00815184 0.00276132 0.0215794 -0.00308478
internal_weight=191.176 22.8796 20.3868 168.296 39.8906 128.405
internal_count=2074 208 184 1866 438 1428
is_linear=0
shrinkage=0.252688


Tree=649
num_leaves=5
num_cat=0
split_feature=6 6 5 6
split_gain=0.185945 0.220731 0.581059 0.574156
threshold=1.3807439208030703 1.2231946587562563 0.26095236837863928 1.1575492024421694
decision_type=2 2 2 2
left_child=1 3 -3 -1
right_child=-2 2 -4 -5
leaf_value=-0.0014793230367385042 0.073820191568366861 -0.0022999425174622546 -0.12516348503627114 0.070580597675084192
leaf_weight=184.8330394973018 2.1479977970011523 10.03132451942656 3.2548729016561984 7.3399592344649127
leaf_count=1821 15 105 59 74
internal_value=-0.000131296 -0.000904625 -0.0324031 0.00127315
internal_weight=207.607 205.459 13.2862 192.173
internal_count=2074 2059 164 1895
is_linear=0
shrinkage=0.252688


Tree=650
num_leaves=5
num_cat=0
split_feature=20 17 13 24
split_gain=0.189249 0.248806 0.504453 0.39864
threshold=13.386305809020998 3.1756377220153813 0.81578931212425243 -5.1939418315887442
decision_type=2 2 2 2
left_child=1 3 -3 -1
right_child=-2 2 -4 -5
leaf_value=0.12001261137557589 0.07626564088772865 0.14296902005549966 -0.082123186292202791 -0.00015863912306959813
leaf_weight=1.7791440021246661 2.0671242154203346 0.7299989874009033 4.8996956042246893 183.50593031691096
leaf_count=20 24 18 94 1918
internal_value=0.00022895 -0.000594536 -0.0529247 0.0009956
internal_weight=192.982 190.915 5.62969 185.285
internal_count=2074 2050 112 1938
is_linear=0
shrinkage=0.252688


Tree=651
num_leaves=7
num_cat=0
split_feature=8 8 14 23 19 1
split_gain=0.150355 0.48096 0.469244 0.413161 0.343609 0.242713
threshold=-0.87833279371261586 -0.703568935394287 1.5208333134651186 -0.4344614297151565 -1.2497415542602537 0.015947836451232437
decision_type=2 2 2 2 2 2
left_child=2 5 3 -1 -3 -2
right_child=1 4 -4 -5 -6 -7
leaf_value=0.15512272002437358 -0.16907894315695129 0.11694079962861723 0.18316856008894428 0.0025809789572367849 -0.0019458608210913167 -0.029334138919738923
leaf_weight=1.2009713584557236 1.6073588728904717 1.5666705262847234 1.0630091279745091 20.101528025210428 162.96227270571399 1.5675462497304122
leaf_count=24 23 20 5 256 1721 25
internal_value=-9.79597e-05 -0.00269339 0.0193629 0.0111845 -0.000813423 -0.1001
internal_weight=190.069 167.704 22.3655 21.3025 164.529 3.17491
internal_count=2074 1789 285 280 1741 48
is_linear=0
shrinkage=0.252688


Tree=652
num_leaves=7
num_cat=0
split_feature=9 9 16 5 5 5
split_gain=0.135654 0.375817 0.616906 0.238552 1.00389 0.603187
threshold=1.6908938288688662 1.7930300831794741 1.0929128527641299 -0.28617243468761439 -0.44350950419902796 -0.2185852378606796
decision_type=2 2 2 2 2 2
left_child=3 -2 -3 4 -1 -5
right_child=1 2 -4 5 -6 -7
leaf_value=-0.00054570058042036323 0.1001561157568096 -0.11685781707983188 0.045623259169755098 0.066690441671359152 -0.091693665263973156 -0.00050005412222403091
leaf_weight=46.465474575845292 3.1859461534768325 2.1581326290033758 4.831077009162982 9.1214971630834025 9.2511780516360869 131.69067177636316
leaf_count=527 16 35 69 71 144 1212
internal_value=-0.000212178 0.0282361 -0.00455259 -0.00168515 -0.0156806 0.00385262
internal_weight=206.704 10.1752 6.98921 196.529 55.7167 140.812
internal_count=2074 120 104 1954 671 1283
is_linear=0
shrinkage=0.252688


Tree=653
num_leaves=8
num_cat=0
split_feature=12 12 12 4 9 1 1
split_gain=0.180877 0.513228 0.697495 0.5864 0.31247 1.00396 0.582331
threshold=0.52186670899391185 0.14079063385725024 0.16673009097576144 -0.76338529586791981 -0.33058546483516688 -0.25458164513111109 -0.91592836380004872
decision_type=2 2 2 2 2 2 2
left_child=1 3 -3 -1 5 -2 -6
right_child=4 2 -4 -5 6 -7 -8
leaf_value=0.070648206808791317 0.041047371070683646 -0.16285602572165639 -0.022831780948327041 -0.0018191523700788748 -0.028756431483458644 -0.075675348959315256 0.051553751747631368
leaf_weight=7.6197452433407298 10.439669526647778 2.5191934960894313 23.056793473428115 110.77463355605141 7.8762537749134962 8.5647892116103304 21.50288352251664
leaf_count=92 119 24 248 1142 95 76 278
internal_value=0.00032481 -0.00416717 -0.0366271 0.00284506 0.0136911 -0.0115569 0.0300232
internal_weight=192.354 143.97 25.576 118.394 48.3836 19.0045 29.3791
internal_count=2074 1506 272 1234 568 195 373
is_linear=0
shrinkage=0.252688


Tree=654
num_leaves=6
num_cat=0
split_feature=2 2 2 21 21
split_gain=0.168482 0.3874 0.238881 0.211033 0.140342
threshold=-1.9367952346801756 -1.8545773625373838 -1.6691988110542295 -0.37297043204307551 0.18323978781700137
decision_type=2 2 2 2 2
left_child=3 -2 -3 -1 -5
right_child=1 2 -4 4 -6
leaf_value=-0.015077109059216961 -0.12336592100937824 0.063225845902827663 -0.0011960794610633753 0.18589166541658617 0.047929527176952418
leaf_weight=1.4954950683750214 1.6361317203845818 3.7511754538863888 180.27481140294481 0.87756301322951813 1.0161802847869692
leaf_count=17 18 36 1975 14 14
internal_value=4.80083e-05 -0.000971262 0.000117264 0.0558754 0.111896
internal_weight=189.051 185.662 184.026 3.38924 1.89374
internal_count=2074 2029 2011 45 28
is_linear=0
shrinkage=0.252688


Tree=655
num_leaves=7
num_cat=0
split_feature=7 7 7 24 8 3
split_gain=0.138777 0.988283 0.66743 1.14049 0.641341 0.634043
threshold=0.23959073424339297 0.25790387392044073 0.13572283089160922 -0.66965460777282704 0.10655900835990907 0.43749123811721807
decision_type=2 2 2 2 2 2
left_child=2 -2 5 -4 -3 -1
right_child=1 4 3 -5 -6 -7
leaf_value=0.0028799306550377031 -0.21116020584826539 -0.045918380769791933 -0.19116697462590129 0.088865643554230878 0.0084140572910214179 -0.09419746283078119
leaf_weight=112.37622679276683 1.5091789504513133 18.279792142944643 1.020528015505987 10.261379625415428 57.523669885878917 4.4660874551627776
leaf_count=1132 16 230 25 77 554 40
internal_value=-0.000265525 -0.00872013 0.00483615 0.0635268 -0.00468827 -0.000831075
internal_weight=205.437 77.3126 128.124 11.2819 75.8035 116.842
internal_count=2074 800 1274 102 784 1172
is_linear=0
shrinkage=0.252688


Tree=656
num_leaves=7
num_cat=0
split_feature=13 0 3 15 13 13
split_gain=0.171207 0.856176 0.921766 0.515759 0.358791 0.427233
threshold=0.68713447451591503 1.0000000180025095e-35 -0.049909828230738633 4.5103371143341073 0.64035075902938854 0.61695897579193126
decision_type=2 2 2 2 2 2
left_child=4 3 -3 -2 5 -1
right_child=1 2 -4 -5 -6 -7
leaf_value=-0.002946793560512874 0.058791252542923521 0.14973971594861438 -0.098720246962367503 -0.031382720584545977 -0.098911648523228354 0.12991425184709016
leaf_weight=155.51273864987161 19.250888454960666 1.1316216285340486 6.0392710939049712 5.1286006253358201 2.4579275026917449 1.5603727856650937
leaf_count=1603 261 20 65 85 19 21
internal_value=0.000237968 0.0172459 -0.059503 0.0398214 -0.00312573 -0.0016265
internal_weight=191.081 31.5504 7.17089 24.3795 159.531 157.073
internal_count=2074 431 85 346 1643 1624
is_linear=0
shrinkage=0.252688


Tree=657
num_leaves=7
num_cat=0
split_feature=8 8 9 8 14 19
split_gain=0.15291 0.328376 0.751973 0.595004 0.311208 0.192512
threshold=-3.2882738113403316 -1.5817824602127073 -0.060836367309093468 -1.4979361295700071 0.20138889551162723 -0.89094039797782887
decision_type=2 2 2 2 2 2
left_child=4 2 -2 -3 5 -1
right_child=1 3 -4 -5 -6 -7
leaf_value=0.061624805969358973 -0.12400797920684437 -0.16408551439099694 0.075461625965378254 -0.00033225544666927096 -0.18695772870017918 -0.11255552238884628
leaf_weight=1.1367369395375135 1.41354270139709 1.4278768249787379 8.2315177195705456 174.40939354559987 0.8436645846813916 0.62885841904790063
leaf_count=20 19 9 98 1903 8 17
internal_value=-2.69552e-05 0.000827646 0.0462228 -0.0016625 -0.0607657 -0.000427951
internal_weight=188.092 185.482 9.64506 175.837 2.60926 1.7656
internal_count=2074 2029 117 1912 45 37
is_linear=0
shrinkage=0.252688


Tree=658
num_leaves=7
num_cat=0
split_feature=12 23 7 12 24 12
split_gain=0.182948 0.59317 0.569346 0.293261 1.02844 0.237069
threshold=-0.49143186211585993 -0.34877884387969965 0.79470866918563854 -0.41263267397880549 1.3027558922767641 -0.3355486243963241
decision_type=2 2 2 2 2 2
left_child=1 -1 -3 4 -2 -5
right_child=3 2 -4 5 -6 -7
leaf_value=0.20864922996291094 -0.12683399234213216 0.0028336882157955082 0.15939950044705642 0.036055563836759626 0.070632715944630775 -0.0035978536699315875
leaf_weight=1.0079714655876184 4.5180526742478824 26.926309145404961 1.5689513143151987 10.254865821101701 2.6841867334442213 157.06121426371828
leaf_count=2 62 300 7 112 26 1565
internal_value=-0.000205357 0.0181977 0.0114571 -0.00331655 -0.0532406 -0.00116737
internal_weight=204.022 29.5032 28.4953 174.518 7.20224 167.316
internal_count=2074 309 307 1765 88 1677
is_linear=0
shrinkage=0.252688


Tree=659
num_leaves=7
num_cat=0
split_feature=10 8 6 3 13 16
split_gain=0.185725 1.65954 0.250665 1.57503 0.86744 0.152629
threshold=-0.88360258936882008 -0.17771297693252561 -0.11159736663103102 -0.79904896020889271 -0.31286551058292383 -0.4607118666172027
decision_type=2 2 2 2 2 2
left_child=1 -1 3 -2 -4 -3
right_child=2 5 4 -5 -6 -7
leaf_value=-0.070927648271284005 0.21954600819818035 0.22840875858501586 -0.14418678414263933 0.0039554266671744873 -0.0046637096740507217 0.11343865311453752
leaf_weight=3.75875144591555 2.2428388904372687 1.7632409408688547 2.9154976420104495 60.933864781749435 117.18160095003259 1.270267997868358
leaf_count=25 28 18 14 617 1361 11
internal_value=0.000247118 0.0412763 -0.00127356 0.0116109 -0.00805143 0.180294
internal_weight=190.066 6.79226 183.274 63.1767 120.097 3.03351
internal_count=2074 54 2020 645 1375 29
is_linear=0
shrinkage=0.252688


Tree=660
num_leaves=7
num_cat=0
split_feature=16 16 20 11 16 19
split_gain=0.188104 0.599066 0.520495 0.493793 0.878338 0.717068
threshold=0.32469230890274053 0.30772678554058081 -0.34063115715980524 -0.71003434062004078 0.50830647349357616 0.11744860932230951
decision_type=2 2 2 2 2 2
left_child=1 2 -1 5 -5 -2
right_child=3 -3 -4 4 -6 -7
leaf_value=-0.056374336725839504 -0.15993433092239903 -0.12599970383936654 0.0019589419742863348 0.078246800548529519 0.0026471938834448038 0.010375225188891057
leaf_weight=10.780944899568565 2.5622898179572067 2.6078509874641886 103.77734057309863 12.162547297077252 50.782351444672031 4.1098231535870582
leaf_count=160 35 24 1098 118 588 51
internal_value=-7.6231e-05 -0.0062574 -0.00353096 0.0103267 0.0172555 -0.055036
internal_weight=186.783 117.166 114.558 69.617 62.9449 6.67211
internal_count=2074 1282 1258 792 706 86
is_linear=0
shrinkage=0.252688


Tree=661
num_leaves=5
num_cat=0
split_feature=8 24 4 24
split_gain=0.139799 0.227094 0.985126 0.478265
threshold=13.693320751190187 2.3228778839111333 0.20788542181253436 1.8908402323722842
decision_type=2 2 2 2
left_child=1 3 -3 -1
right_child=-2 2 -4 -5
leaf_value=-0.0010765501107695915 0.062794928078265269 0.025060147130025853 -0.13807510792276537 0.080654378538333071
leaf_weight=185.63950634740468 2.2163861051667473 6.0933687353972328 3.8606322631239891 4.6864469612482926
leaf_count=1822 24 95 93 40
internal_value=-0.000311255 -0.00100979 -0.0382152 0.000936143
internal_weight=202.496 200.28 9.954 190.326
internal_count=2074 2050 188 1862
is_linear=0
shrinkage=0.252688


Tree=662
num_leaves=8
num_cat=0
split_feature=14 14 16 15 15 10 15
split_gain=0.159779 0.674512 0.665578 0.632257 0.58244 1.21132 1.05662
threshold=-0.02083331253379583 -0.048611104488372796 -0.73984748125076283 -0.3436713963747024 0.62517833709716808 -0.0064994553104042998 0.4781330823898316
decision_type=2 2 2 2 2 2 2
left_child=1 2 -1 -3 6 -6 -2
right_child=4 3 -4 -5 5 -7 -8
leaf_value=-0.16266655408267458 -0.0055718374226360872 0.17683579097240781 0.0059854842582619432 0.0036547547444624007 -0.14583684692107071 0.036215479297326443 0.13142543198879611
leaf_weight=1.5233426317572583 92.130892352026422 2.8490773881785572 76.522398590052035 2.551176279783248 5.3141522812657058 4.160194253548978 3.7401466378942123
leaf_count=16 921 24 944 28 53 36 52
internal_value=0.000409277 0.00866883 0.00269254 0.0950306 -0.00613326 -0.0658998 -0.000226554
internal_weight=188.791 83.446 78.0457 5.40025 105.345 9.47435 95.871
internal_count=2074 1012 960 52 1062 89 973
is_linear=0
shrinkage=0.252688


Tree=663
num_leaves=8
num_cat=0
split_feature=5 5 5 24 12 13 9
split_gain=0.165247 0.525394 0.587135 0.546492 0.485524 0.43338 0.0264651
threshold=0.31108999252319341 0.34189043939113622 0.36243793368339544 0.04046412184834481 7.5828120708465585 -0.31286551058292383 -0.42302535474300379
decision_type=2 2 2 2 2 2 2
left_child=4 3 -3 -2 5 -1 -6
right_child=1 2 -4 -5 6 -7 -8
leaf_value=-0.025382455951275168 -0.0060055740700088872 -0.11191987606375028 0.009592407723940698 0.19349188521627769 -0.10840822770813606 0.0072832310286139899 -0.18026576110160242
leaf_weight=39.577412374468167 1.5824706475250416 2.6451968634501091 62.954852646660584 1.9653498139232395 0.52720889647025615 75.220233131483837 0.87843273923499399
leaf_count=422 19 24 648 13 13 915 20
internal_value=3.37854e-05 0.00981451 0.00469177 0.10452 -0.00578633 -0.00397858 -0.153366
internal_weight=185.351 69.1479 65.6 3.54782 116.203 114.798 1.40564
internal_count=2074 704 672 32 1370 1337 33
is_linear=0
shrinkage=0.252688


Tree=664
num_leaves=8
num_cat=0
split_feature=5 10 13 16 5 10 10
split_gain=0.138112 1.28909 0.689253 0.489108 0.449887 0.00828183 0.000851456
threshold=0.40529616177082067 -0.46938240528106684 -1.0263156890869138 -0.48901444673538202 0.064621757715940489 -0.50313338637351979 0.47450982034206396
decision_type=2 2 2 2 2 2 2
left_child=2 5 6 -3 -4 -2 -1
right_child=1 3 4 -5 -6 -7 -8
leaf_value=-0.17559931873983919 -0.18864810170020035 0.063249114114387231 -0.0034167965588385134 -0.011299065424769257 0.028374260294192752 -0.22124847522596999 -0.19310579175119674
leaf_weight=0.98139323224313446 1.3218143421690913 6.2901527852518475 99.008585845323978 52.670346642349614 39.866605787246954 0.85176502866670389 0.30796857923269272
leaf_count=56 25 45 1098 521 317 9 3
internal_value=-0.000369463 -0.0103915 0.00400175 -0.00334543 0.00570946 -0.201475 -0.179859
internal_weight=201.299 61.1341 140.165 58.9605 138.875 2.17358 1.28936
internal_count=2074 600 1474 566 1415 34 59
is_linear=0
shrinkage=0.252688


Tree=665
num_leaves=8
num_cat=0
split_feature=21 16 16 16 10 16 10
split_gain=0.196756 0.576442 0.669782 0.600686 0.505034 1.41574 0.664994
threshold=0.1441668123006821 0.6337409019470216 1.1848564147949221 0.39326292276382452 -0.41603393852710718 0.46276471018791204 0.073079608380794539
decision_type=2 2 2 2 2 2 2
left_child=1 3 -3 -1 5 -2 -6
right_child=4 2 -4 -5 6 -7 -8
leaf_value=0.0072434359758497546 0.22797973514887285 0.10555943631161167 -0.048153054988672089 -0.058911247902091513 -0.058651889636242675 -0.025988107407691745 -0.00087625769249234946
leaf_weight=99.262406039109919 2.0878785345703355 7.080241689225657 2.4312322670593858 9.6120001340750587 17.747906926553696 4.260693708434701 44.900526482051646
leaf_count=983 19 100 24 110 224 61 553
internal_value=0.000363474 0.00661446 0.0662683 0.00140269 -0.010362 0.057547 -0.0172441
internal_weight=187.383 118.386 9.51147 108.874 68.997 6.34857 62.6484
internal_count=2074 1217 124 1093 857 80 777
is_linear=0
shrinkage=0.252688


Tree=666
num_leaves=8
num_cat=0
split_feature=10 20 20 6 10 6 16
split_gain=0.144957 0.919638 1.17423 1.12454 0.61735 0.658849 0.531718
threshold=0.14612852036952975 0.593804031610489 0.11585490033030511 -0.74617061018943776 0.2065602391958237 -0.28008751571178431 -0.89194950461387623
decision_type=2 2 2 2 2 2 2
left_child=1 2 -1 -3 5 -2 -6
right_child=4 3 -4 -5 6 -7 -8
leaf_value=-0.0031800855075498377 -0.082449627590002059 0.17128086653867544 -0.079433875295199977 0.013902079614885831 -0.18455714356378544 0.13290449263159651 0.0043260076846733317
leaf_weight=68.9845715474803 1.1391738962265661 3.6158443968743113 15.858040306833571 14.615263016326933 0.9633864676579823 4.4457450495101503 74.605685394215698
leaf_count=826 13 31 171 162 15 47 809
internal_value=-7.96185e-05 -0.00636899 -0.0174332 0.0451197 0.00790849 0.0889741 0.00191675
internal_weight=184.228 103.074 84.8426 18.2311 81.154 5.58492 75.5691
internal_count=2074 1190 997 193 884 60 824
is_linear=0
shrinkage=0.252688


Tree=667
num_leaves=8
num_cat=0
split_feature=8 19 19 10 10 10 10
split_gain=0.14599 0.674967 0.951094 0.909976 0.647553 1.08695 0.530993
threshold=-0.32604986429214472 -0.71265354752540577 -0.49776150286197657 -0.46938240528106684 0.31347435712814337 -0.059827746823430054 0.469445750117302
decision_type=2 2 2 2 2 2 2
left_child=4 3 -3 -2 5 -1 -6
right_child=1 2 -4 -5 6 -7 -8
leaf_value=-0.0099046143047196288 0.17560019682320632 -0.098252594666576751 0.0032489781253464199 -0.0017570719744887065 0.09510478457687431 -0.14519414294342456 -0.011541328195559839
leaf_weight=15.274247435620053 3.3222158444114029 6.1292283547809339 153.58142538220272 4.1593195843743151 4.8395768079935788 5.0435597376781542 7.7608700662531191
leaf_count=213 16 66 1424 43 42 115 155
internal_value=-0.000200082 0.00282838 -0.000646659 0.077006 -0.0155815 -0.043491 0.0294214
internal_weight=200.11 167.192 159.711 7.48154 32.9183 20.3178 12.6004
internal_count=2074 1549 1490 59 525 328 197
is_linear=0
shrinkage=0.252688


Tree=668
num_leaves=7
num_cat=0
split_feature=1 15 11 3 1 9
split_gain=0.195384 1.15037 0.917016 0.792519 0.534363 0.225078
threshold=0.76818522810935985 0.20158231258392337 0.26551257073879247 0.58572667837142955 0.74791625142097484 1.2987955808639529
decision_type=2 2 2 2 2 2
left_child=4 3 -3 -2 5 -1
right_child=1 2 -4 -5 -6 -7
leaf_value=0.0013969475701891827 0.091280556141195152 0.13182370544903302 -0.074623846982782488 -0.1420513285792061 -0.16489154833487463 -0.03232436011810573
leaf_weight=148.01657469422207 11.715219320481994 1.6378057710826386 8.5088211481925082 1.0090780779719342 1.2874078694730986 13.817734056094194
leaf_count=1585 161 21 121 9 16 161
internal_value=0.00029414 0.0221662 -0.0412951 0.0727713 -0.00277255 -0.00148233
internal_weight=185.993 22.8709 10.1466 12.7243 163.122 161.834
internal_count=2074 312 142 170 1762 1746
is_linear=0
shrinkage=0.252688


Tree=669
num_leaves=7
num_cat=0
split_feature=23 21 23 23 9 5
split_gain=0.159235 0.687532 0.719336 0.448617 0.412314 0.23056
threshold=1.9316909313201907 -0.65396240353584278 2.5275436639785771 1.784934997558594 -0.29921658337116236 0.31108999252319341
decision_type=2 2 2 2 2 2
left_child=3 -2 -3 5 -5 -1
right_child=1 2 -4 4 -6 -7
leaf_value=-0.0074070719380535908 0.14958610292843277 -0.1814468008267808 -0.017857522663212829 0.19090317746827309 0.012388287171046217 0.01211211140295573
leaf_weight=102.83799418356375 1.2931171564559907 2.03659864902147 10.89863372552645 1.5148462234064939 1.8165424668695767 61.894501165937982
leaf_count=1225 11 40 157 15 25 601
internal_value=-0.000389487 -0.0260562 -0.0436204 0.00178353 0.0935802 -7.31575e-05
internal_weight=182.292 14.2283 12.9352 168.064 3.33139 164.732
internal_count=2074 208 197 1866 40 1826
is_linear=0
shrinkage=0.252688


Tree=670
num_leaves=7
num_cat=0
split_feature=9 9 12 3 3 16
split_gain=0.12342 0.636556 0.762814 0.239225 0.650678 0.53222
threshold=1.2128003835678103 1.2499344944953921 -0.74121010303497303 -1.2949144244194029 -1.2257850766181944 0.82412374019622814
decision_type=2 2 2 2 2 2
left_child=3 -2 -3 5 -5 -1
right_child=1 2 -4 4 -6 -7
leaf_value=-0.045957404277751537 0.12619336825823255 -0.19802878059026463 0.012625349298118047 -0.18974834127281437 -0.0031819269597574652 0.084469928277475265
leaf_weight=3.0899165001610509 2.9791857954114702 1.1547558535821796 21.985036182530163 1.2019450226798643 162.23361948237289 5.6492884228937328
leaf_count=87 16 18 230 27 1646 50
internal_value=7.88706e-05 0.0162643 0.00210864 -0.0023765 -0.0045546 0.0383547
internal_weight=198.294 26.119 23.1398 172.175 163.436 8.7392
internal_count=2074 264 248 1810 1673 137
is_linear=0
shrinkage=0.252688


Tree=671
num_leaves=5
num_cat=0
split_feature=20 15 13 2
split_gain=0.174656 0.224198 0.610717 0.207085
threshold=13.386305809020998 4.6590611934661874 0.81578931212425243 -1.436538517475128
decision_type=2 2 2 2
left_child=1 3 -3 -1
right_child=-2 2 -4 -5
leaf_value=-0.03674063885393946 0.073992341331299227 0.13586499849557954 -0.14094470670706905 0.0025510727366075472
leaf_weight=9.0181838208518439 2.0304161126259705 0.67602462049398981 2.0539077724097297 170.15562351308472
leaf_count=159 24 18 45 1828
internal_value=0.000300975 -0.000521775 -0.0723836 0.00057333
internal_weight=183.934 181.904 2.72993 179.174
internal_count=2074 2050 63 1987
is_linear=0
shrinkage=0.252688


Tree=672
num_leaves=4
num_cat=0
split_feature=24 20 10
split_gain=0.144558 0.244844 0.232645
threshold=10.188266754150392 13.386305809020998 1.1780862212181094
decision_type=2 2 2
left_child=1 2 -1
right_child=-2 -3 -4
leaf_value=-0.0034626803256589092 0.090667451202110672 -0.11288363271657481 0.024538715843278793
leaf_weight=157.20964854693148 1.1079810127848748 1.236760024446993 21.540765130775981
leaf_count=1771 24 19 260
internal_value=-0.00030335 -0.000863628 -8.82319e-05
internal_weight=181.095 179.987 178.75
internal_count=2074 2050 2031
is_linear=0
shrinkage=0.252688


Tree=673
num_leaves=7
num_cat=0
split_feature=24 24 10 19 19 15
split_gain=0.150644 1.29679 0.797869 0.555174 0.567169 0.15467
threshold=0.25995022058486944 0.28972670435905462 -0.73573341965675343 1.1100192070007326 1.0594418048858645 -0.4723293781280517
decision_type=2 2 2 2 2 2
left_child=3 5 -3 4 -1 -2
right_child=1 2 -4 -5 -6 -7
leaf_value=-0.0049988419296701624 0.18193943458040257 0.09975409404734642 -0.0098057659377226315 -0.15380002235575635 0.12840504326889132 0.094559267397135369
leaf_weight=128.71984930955659 1.8885703994892535 4.6040119923418379 54.235151386936195 1.5747645241208363 2.0670612957328549 4.1124213947914532
leaf_count=1354 11 25 631 15 9 29
internal_value=0.000202201 0.0101806 -0.00123215 -0.00468596 -0.0028899 0.122072
internal_weight=197.202 64.8402 58.8392 132.362 130.787 6.00099
internal_count=2074 696 656 1378 1363 40
is_linear=0
shrinkage=0.252688


Tree=674
num_leaves=7
num_cat=0
split_feature=19 24 8 13 19 3
split_gain=0.189072 0.62962 0.553333 0.797354 0.487366 0.428466
threshold=-0.38992404937744135 1.4553250074386599 -0.24629069119691846 0.27777776122093206 -0.44178643822669977 -0.18714783340692517
decision_type=2 2 2 2 2 2
left_child=1 4 3 -2 -1 -4
right_child=2 -3 5 -5 -6 -7
leaf_value=0.01081572395214582 -0.083426962957654047 -0.17990594802494222 0.028867462456023781 0.067100865478778665 0.10731510181324026 -0.0071260310776149905
leaf_weight=41.189486386683711 10.971888953354208 1.0429853489622463 27.033117806538939 2.8250820534303775 3.6363109587691715 96.48964829556644
leaf_count=554 96 13 283 41 47 1040
internal_value=8.22075e-05 0.0141283 -0.00460961 -0.0526032 0.018645 0.00075127
internal_weight=183.189 45.8688 137.32 13.797 44.8258 123.523
internal_count=2074 614 1460 137 601 1323
is_linear=0
shrinkage=0.252688


Tree=675
num_leaves=7
num_cat=0
split_feature=7 12 19 15 24 17
split_gain=0.180848 0.654348 0.556506 0.246139 0.552239 0.535481
threshold=0.89772677421569835 0.14079063385725024 0.11016586050391199 -0.55524483323097218 0.12833001464605334 -0.3812743872404098
decision_type=2 2 2 2 2 2
left_child=3 -2 -3 4 -1 -5
right_child=1 2 -4 5 -6 -7
leaf_value=0.0086829663054407234 -0.17075438462332682 -0.096250344005905014 0.011404021560369695 0.13806846539991655 -0.19232798336747101 0.0026135433099782964
leaf_weight=2.5455312175035938 1.7343648066744233 3.7812333585461628 16.199405749910511 1.8859212601091702 1.3273669902700929 153.01024892992905
leaf_count=50 20 32 156 37 23 1756
internal_value=-0.000268244 -0.0218964 -0.00897095 0.00268992 -0.0602264 0.00426323
internal_weight=180.484 21.715 19.9806 158.769 3.8729 154.896
internal_count=2074 208 188 1866 73 1793
is_linear=0
shrinkage=0.252688


Tree=676
num_leaves=7
num_cat=0
split_feature=17 15 17 20 15 1
split_gain=0.144826 1.06566 1.05609 0.866574 0.790892 0.280508
threshold=-0.34385664761066431 -0.33884464204311365 -0.33775550127029413 0.11585490033030511 -0.44153791666030878 -1.5034211874008176
decision_type=2 2 2 2 2 2
left_child=1 3 4 -1 -2 -4
right_child=2 -3 5 -5 -6 -7
leaf_value=-0.0096950453393638541 0.14301080421451787 0.18610694256852361 -0.18232530742210504 -0.1381196370114971 -0.014502650092210204 -0.00099496650761957237
leaf_weight=26.693258165643787 5.7970336994621903 1.5933312624692906 0.54611828317865629 3.8366475780494502 3.1364359315484744 154.49755625193211
leaf_count=278 27 6 16 41 29 1677
internal_value=0.000194123 -0.0153207 0.00323354 -0.0258361 0.0877119 -0.0016343
internal_weight=196.1 32.1232 163.977 30.5299 8.93347 155.044
internal_count=2074 325 1749 319 56 1693
is_linear=0
shrinkage=0.252688


Tree=677
num_leaves=8
num_cat=0
split_feature=12 16 1 12 18 12 7
split_gain=0.2122 0.818772 0.804968 0.587514 0.938527 0.550293 0.357737
threshold=0.40589228272438055 -0.52363973855972279 -0.24048420786857602 0.14079063385725024 0.65203070640563976 0.11937572434544565 1.1623473763465884
decision_type=2 2 2 2 2 2 2
left_child=3 2 -2 5 -5 -1 -3
right_child=1 6 -4 4 -6 -7 -8
leaf_value=-0.0014128903790493667 0.19510116198797986 0.0099565264309760468 0.014669981705837876 -0.089429788910042399 0.031796000781608567 0.11316555700269142 -0.059399852799065872
leaf_weight=108.72356103007041 2.9546661414206028 40.995964601439482 3.3899598468560717 11.84929648647085 6.2169514186680308 2.7434560023248187 5.3700660230824715
leaf_count=1199 29 505 30 141 75 35 60
internal_value=5.6763e-05 0.0135734 0.0987055 -0.00544357 -0.0477138 0.00140766 0.00192313
internal_weight=182.244 52.7107 6.34463 129.533 18.0662 111.467 46.366
internal_count=2074 624 59 1450 216 1234 565
is_linear=0
shrinkage=0.252688


Tree=678
num_leaves=8
num_cat=0
split_feature=2 2 10 5 23 10 3
split_gain=0.162444 0.488831 0.414399 0.511031 0.268343 0.141942 0.0317356
threshold=-0.87879866361618031 -0.76330593228340138 1.5025941729545595 1.0368046760559084 -0.3472266793251037 0.47450982034206396 0.9640759825706483
decision_type=2 2 2 2 2 2 2
left_child=2 5 3 -1 -3 -2 -4
right_child=1 4 6 -5 -6 -7 -8
leaf_value=0.022914494236505389 -0.15892567235843968 -0.017025315528484498 0.17946119356952953 -0.070392185264780888 0.006024933956217361 -0.044874817646033231 0.10775125148778592
leaf_weight=26.091145576589046 1.5594167156959877 48.642755168334588 0.75523197092115768 4.3760643026325843 95.679809465714357 1.2602735165273768 0.83223965205252171
leaf_count=268 28 596 11 54 1081 20 16
internal_value=-0.000228969 -0.00377996 0.0160711 0.00951164 -0.00174399 -0.107969 0.141916
internal_weight=179.197 147.142 32.0547 30.4672 144.323 2.81969 1.58747
internal_count=2074 1725 349 322 1677 48 27
is_linear=0
shrinkage=0.252688


Tree=679
num_leaves=7
num_cat=0
split_feature=19 19 7 7 24 24
split_gain=0.144148 0.315486 0.310808 0.259934 0.21075 0.171219
threshold=1.0006890892982485 0.94520583748817455 0.095661073923110976 0.23959073424339297 1.213297486305237 0.33315366506576544
decision_type=2 2 2 2 2 2
left_child=1 3 -2 -1 -4 -3
right_child=2 5 4 -5 -6 -7
leaf_value=0.0058414408309768046 -0.072453086505521208 0.0031797930675245968 0.051422522145830304 -0.014664309789208418 -0.017425998818667954 -0.18337098165321197
leaf_weight=116.05567055038409 1.9636144614778483 0.47168605658225604 11.449450911954044 59.813684649925563 3.7744698856840833 0.93981624988373369
leaf_count=1225 22 7 74 639 82 25
internal_value=5.43205e-05 -0.0020878 0.0221487 -0.00113264 0.0343528 -0.121052
internal_weight=194.468 177.281 17.1875 175.869 15.2239 1.4115
internal_count=2074 1896 178 1864 156 32
is_linear=0
shrinkage=0.252688


Tree=680
num_leaves=8
num_cat=0
split_feature=11 18 18 18 23 23 19
split_gain=0.148802 0.612722 0.656643 0.617296 0.36478 0.932948 0.639758
threshold=0.42075046896934515 0.35949492454528814 0.45389676094055181 0.13227211683988574 0.045702902600169189 0.055763805285096175 -0.21408407390117642
decision_type=2 2 2 2 2 2 2
left_child=4 3 -3 -2 6 -6 -1
right_child=1 2 -4 -5 5 -7 -8
leaf_value=0.034211478640483309 0.022675475416490669 0.22451495548971948 0.022161652799988493 -0.064351873675153576 -0.13622758425290524 -0.010624249608586024 -0.008373271525513086
leaf_weight=32.200273483911587 22.279113834258172 1.7370824033860106 2.4934413951559691 6.7897160815773523 4.2180017763748756 35.990793901961297 74.968453978101024
leaf_count=423 343 17 37 63 36 433 722
internal_value=0.000168619 0.0154243 0.105267 0.00234732 -0.00327838 -0.023802 0.00442198
internal_weight=180.677 33.2994 4.23052 29.0688 147.378 40.2088 107.169
internal_count=2074 460 54 406 1614 469 1145
is_linear=0
shrinkage=0.252688


Tree=681
num_leaves=7
num_cat=0
split_feature=11 11 15 14 14 11
split_gain=0.213214 1.89213 1.62248 0.899298 0.720204 0.618327
threshold=-0.43167817592620844 -0.32937149703502649 -0.32819473743438715 -0.17361108958721158 0.52083334326744091 -0.61861309409141529
decision_type=2 2 2 2 2 2
left_child=4 3 -3 -2 5 -1
right_child=1 2 -4 -5 -6 -7
leaf_value=-0.0067278505500165198 0.067872041434672944 0.14988960989501532 -0.0055484147132400597 -0.18428319724243949 -0.1763893154731771 0.042531107574455315
leaf_weight=37.533684570458718 1.0901163332164285 4.479609949677978 99.868802617304027 5.2567668679615727 1.284252474317326 28.721719344961457
leaf_count=493 8 37 1149 80 12 295
internal_value=-0.000196113 -0.00702281 0.00112515 -0.140972 0.0109926 0.0146261
internal_weight=178.235 110.695 104.348 6.34688 67.5397 66.2554
internal_count=2074 1274 1186 88 800 788
is_linear=0
shrinkage=0.252688


Tree=682
num_leaves=6
num_cat=0
split_feature=9 5 7 4 4
split_gain=0.12235 0.881814 0.370834 0.217146 0.450414
threshold=-0.87094116210937489 -0.68839234113693226 -0.62974771857261647 -2.2395718097686763 -0.93245598673820485
decision_type=2 2 2 2 2
left_child=1 -1 -3 -2 -5
right_child=3 2 -4 4 -6
leaf_value=0.16292161226544866 0.063154123738486806 0.051171477453551537 -0.11322031998505498 -0.045176253657949292 0.0036208845981252026
leaf_weight=1.1836253660731015 3.561572595499455 1.1107844267971811 4.1428350586793377 12.998704642770461 170.40922441573639
leaf_count=8 17 7 66 199 1777
internal_value=0.000183131 -0.0340674 -0.0784607 0.00136246 0.000162348
internal_weight=193.407 6.43724 5.25362 186.97 183.408
internal_count=2074 81 73 1993 1976
is_linear=0
shrinkage=0.252688


Tree=683
num_leaves=7
num_cat=0
split_feature=10 8 16 12 21 2
split_gain=0.160169 1.23771 0.247269 0.581135 0.524499 0.172638
threshold=-0.88360258936882008 -0.17771297693252561 -0.36184741556644434 0.37624990940094 -0.022723059169948098 -0.45129995048046107
decision_type=2 2 2 2 2 2
left_child=1 -1 3 -2 -4 -3
right_child=2 5 4 -5 -6 -7
leaf_value=-0.059415321022092238 -0.0341915713774123 0.08334013858965636 0.024043509879666025 0.03100918194446016 -0.0090101590400408164 0.2139731428649102
leaf_weight=3.5471608373336494 33.898348893242655 1.0244270320981743 51.232715425780043 11.754897563485427 76.308652649488067 1.7527843480929721
leaf_count=25 353 11 583 120 964 18
internal_value=-2.58024e-06 0.0394938 -0.00144496 -0.0174033 0.00426736 0.165812
internal_weight=179.519 6.32437 173.195 45.6532 127.541 2.77721
internal_count=2074 54 2020 473 1547 29
is_linear=0
shrinkage=0.252688


Tree=684
num_leaves=6
num_cat=0
split_feature=1 1 15 15 1
split_gain=0.176846 0.344318 0.140158 0.571168 0.540923
threshold=1.1476124525070193 1.1668737530708315 2.01805591583252 1.9238811731338503 -0.048132911324501031
decision_type=2 2 2 2 2
left_child=2 -2 3 -1 -4
right_child=1 -3 4 -5 -6
leaf_value=0.0012880184900681295 -0.1833662755212169 0.054574547900309939 0.025128777901662305 0.17372448279861269 -0.07321795817002659
leaf_weight=159.63240532831696 0.9292894279496966 0.66644866045510298 7.2208950388157973 1.2354885037057091 7.0636827148264256
leaf_count=1802 16 24 94 16 122
internal_value=-0.000280161 -0.0840059 0.000482871 0.00261293 -0.0235042
internal_weight=176.748 1.59574 175.152 160.868 14.2846
internal_count=2074 40 2034 1818 216
is_linear=0
shrinkage=0.252688


Tree=685
num_leaves=8
num_cat=0
split_feature=8 19 19 19 12 5 8
split_gain=0.142884 0.584357 0.571716 0.750873 0.435519 0.360251 0.35961
threshold=-0.32604986429214472 -0.27349731326103205 -0.69351369142532338 -0.40587505698204035 -0.32666842639446253 0.16241721063852313 -0.36150898039340967
decision_type=2 2 2 2 2 2 2
left_child=1 6 4 -4 -2 -3 -1
right_child=2 5 3 -5 -6 -7 -8
leaf_value=0.0031004496338722484 0.16197239562403717 -0.18662307028742775 -0.069340357016082793 0.0044220454167360167 0.03086333818354748 0.053522559468300569 -0.097625331958902759
leaf_weight=26.539640480856185 2.3226742506958544 1.8774619332980358 9.3874101259279978 143.5856231348298 5.3288027970702379 0.50615542114246626 2.4736333361361167
leaf_count=434 14 52 106 1379 50 9 30
internal_value=0.00021949 -0.015371 0.00326698 -0.000104705 0.0706713 -0.135628 -0.00548887
internal_weight=192.021 31.3969 160.625 152.973 7.65148 2.38362 29.0133
internal_count=2074 525 1549 1485 64 61 464
is_linear=0
shrinkage=0.252688


Tree=686
num_leaves=8
num_cat=0
split_feature=3 20 16 16 12 3 17
split_gain=0.156053 0.553735 0.985631 0.380508 1.02159 0.482424 0.295332
threshold=0.16430275887250903 -0.1795387268066406 -0.68387052416801442 -0.73984748125076283 -0.25139765441417689 0.089222453534603133 -0.35928997397422785
decision_type=2 2 2 2 2 2 2
left_child=3 6 -3 4 -1 -5 -2
right_child=1 2 -4 5 -6 -7 -8
leaf_value=-0.170251215856074 -0.15882163251728001 0.12310722381340719 -0.011432046509228567 0.0051192521106874674 0.013937227497683025 0.067742295692036034 -0.010771669521027137
leaf_weight=2.8030615337193012 2.3395034801214938 3.6811094637960187 62.502933988318546 90.73173380731896 6.1193905775435251 8.5986246760003251 1.3606902030296613
leaf_count=18 13 24 769 1074 64 86 26
internal_value=4.13719e-05 -0.00926694 -0.00394812 0.00605052 -0.0439336 0.0105406 -0.104388
internal_weight=178.137 69.8842 66.184 108.253 8.92245 99.3304 3.70019
internal_count=2074 832 793 1242 82 1160 39
is_linear=0
shrinkage=0.252688


Tree=687
num_leaves=6
num_cat=0
split_feature=1 1 20 1 20
split_gain=0.136149 0.289242 0.155073 0.481385 0.326005
threshold=1.1476124525070193 1.1668737530708315 -0.93085792660713185 0.70262312889099132 -0.65043076872825611
decision_type=2 2 2 2 2
left_child=2 -2 3 -1 -4
right_child=1 -3 4 -5 -6
leaf_value=0.063193964002212777 -0.18097456482980578 0.044963900615523758 -0.079339110245644828 -0.017795924920049302 -0.00039683157658686776
leaf_weight=9.2568915868832864 0.7863127670752863 0.6693806000330369 3.4145620377967125 9.4889212283305806 152.32821120295557
leaf_count=139 16 24 64 117 1714
internal_value=-0.000156512 -0.0771003 0.000485625 0.0221984 -0.00212786
internal_weight=175.944 1.45569 174.489 18.7458 155.743
internal_count=2074 40 2034 256 1778
is_linear=0
shrinkage=0.252688


Tree=688
num_leaves=7
num_cat=0
split_feature=8 8 8 20 19 3
split_gain=0.1114 0.822411 0.744776 0.518181 0.445417 0.346678
threshold=-0.10454804822802542 -0.090913552790880189 -0.12033709883689879 -0.22608192265033719 0.11744860932230951 -0.019293534569442269
decision_type=2 2 2 2 2 2
left_child=2 5 4 -3 -1 -2
right_child=1 3 -4 -5 -6 -7
leaf_value=-0.0076798844348264254 -0.032222827491656961 -0.18628923448092247 0.10724122150933195 9.3697349461736303e-05 0.050625287393453233 -0.21418637651266415
leaf_weight=55.039174010191346 1.1231426883023234 0.95969463500659813 4.5217148731462649 117.51347271108534 9.8651253618299943 1.6520050903782237
leaf_count=765 15 34 24 1147 72 17
internal_value=1.9377e-05 -0.00460233 0.00809091 -0.00141691 0.00118253 -0.140564
internal_weight=190.674 121.248 69.426 118.473 64.9043 2.77515
internal_count=2074 1213 861 1181 837 32
is_linear=0
shrinkage=0.252688


Tree=689
num_leaves=8
num_cat=0
split_feature=12 8 17 8 1 20 5
split_gain=0.162577 0.416736 0.393794 0.289983 0.280179 0.21984 0.218594
threshold=2.9869939088821416 -0.076708246022462831 -0.3812743872404098 0.25071121007204061 -2.0647237300872798 -0.27290929853916163 -1.9094588160514829
decision_type=2 2 2 2 2 2 2
left_child=4 2 -2 -3 5 -1 -6
right_child=1 3 -4 -5 6 -7 -8
leaf_value=0.028592087905593113 -0.008590565082123084 -0.029602187703050765 0.24403167533988768 0.0489207689303909 -0.10645694899682952 -0.1750430500367596 -0.00023909378254825196
leaf_weight=0.50030584493651975 0.64607345405966032 5.9198672338388825 1.009118162328378 6.0933865597471595 1.2461983440443862 1.0452773821307335 160.5392905062763
leaf_count=11 14 86 18 82 44 27 1792
internal_value=0.000134697 0.0266071 0.145453 0.0102267 -0.00208073 -0.109138 -0.00105762
internal_weight=177 13.6684 1.65519 12.0133 163.331 1.54558 161.785
internal_count=2074 200 32 168 1874 38 1836
is_linear=0
shrinkage=0.252688


Tree=690
num_leaves=8
num_cat=0
split_feature=11 11 14 19 19 5 18
split_gain=0.133741 1.54446 0.794095 0.709873 1.25991 0.831848 0.365851
threshold=-0.43167817592620844 -0.32937149703502649 -0.17361108958721158 0.15842580795288089 0.53384295105934154 0.18680913001298907 -0.42316143214702601
decision_type=2 2 2 2 2 2 2
left_child=3 2 -2 5 -5 -1 -3
right_child=1 6 -4 4 -6 -7 -8
leaf_value=-0.0011853188052353882 0.055283613780783863 0.066300890467587636 -0.18191270343707838 0.096812719627871344 -0.0063913188765835315 -0.11885365053304224 -0.0021088674828126275
leaf_weight=30.940831360014272 1.1261495612561701 5.2591574735997701 4.5069050188664042 12.942279635230081 18.136705129873008 4.378536633681505 97.91599367035451
leaf_count=443 8 61 80 138 171 48 1125
internal_value=-0.000202507 -0.00565618 -0.134492 0.00873449 0.036587 -0.0157742 0.0013785
internal_weight=175.207 108.808 5.63305 66.3984 31.079 35.3194 103.175
internal_count=2074 1274 88 800 309 491 1186
is_linear=0
shrinkage=0.252688


Tree=691
num_leaves=5
num_cat=0
split_feature=16 3 18 3
split_gain=0.183933 0.121102 1.34307 0.404558
threshold=-0.92156407237052906 -0.38418330252170557 -0.37541170418262476 -0.32090921700000757
decision_type=2 2 2 2
left_child=-1 2 -2 -3
right_child=1 3 -4 -5
leaf_value=-0.1741926703803709 -0.16042571929701879 0.057974771742986764 0.0023589985346504703 0.00051534149123088908
leaf_weight=0.38563966611400147 3.5451898430474094 8.2854621036312874 37.077059265786374 140.31860265159048
leaf_count=18 46 60 551 1399
internal_value=2.14367e-05 0.000376974 -0.0118494 0.00371921
internal_weight=189.612 189.226 40.6222 148.604
internal_count=2074 2056 597 1459
is_linear=0
shrinkage=0.252688


Tree=692
num_leaves=7
num_cat=0
split_feature=7 20 6 12 13 7
split_gain=0.179031 0.973514 1.1431 0.683162 0.56051 0.474685
threshold=-0.037073919549584382 0.34205235540866857 0.76586437225341808 -0.68154582381248463 -0.35380114614963526 0.074072781950235381
decision_type=2 2 2 2 2 2
left_child=1 4 -3 -2 -1 -5
right_child=3 2 -4 5 -6 -7
leaf_value=0.039561993097757431 0.1840212879384544 -0.18297752187525559 -0.0097427707855921725 0.055283175969030214 -0.010705371528071011 -0.0015466624218174283
leaf_weight=18.79139439901337 1.3868298288434733 4.1797778703039494 5.8158535314723849 10.673361143068176 57.509757084306329 77.702077945570636
leaf_count=188 24 64 73 104 680 941
internal_value=0.000178432 -0.00803958 -0.0821887 0.00807918 0.00167461 0.00531712
internal_weight=176.059 86.2968 9.99563 89.7623 76.3012 88.3754
internal_count=2074 1005 137 1069 868 1045
is_linear=0
shrinkage=0.252688


Tree=693
num_leaves=7
num_cat=0
split_feature=14 7 8 3 16 11
split_gain=0.135524 0.593576 0.510156 0.337014 0.329051 0.242229
threshold=-0.92361101508140553 1.2970802783966067 9.1072254180908221 1.3645594716072085 -0.50678333640098561 -1.3154522180557249
decision_type=2 2 2 2 2 2
left_child=2 5 4 -4 -1 -2
right_child=1 -3 3 -5 -6 -7
leaf_value=-0.1290002769891517 -0.17305912013926525 0.17238013847498748 -0.20038461830476362 -0.014201007979344449 0.00012206319204355386 0.0018757784629568237
leaf_weight=1.3211566089012254 0.50670617917785321 1.3055803158786137 1.5051625660853454 1.0564267635345457 27.075694959465181 140.38716638845403
leaf_count=26 27 15 21 18 294 1673
internal_value=-0.000480589 0.00281788 -0.015631 -0.12362 -0.00588756 0.00124599
internal_weight=173.158 142.199 30.9584 2.56159 28.3969 140.894
internal_count=2074 1715 359 39 320 1700
is_linear=0
shrinkage=0.252688


Tree=694
num_leaves=7
num_cat=0
split_feature=17 15 15 17 3 17
split_gain=0.136453 0.826329 0.71025 0.639502 0.691566 0.21203
threshold=-0.34385664761066431 -0.33884464204311365 -0.3843159675598144 -0.33775550127029413 0.27683340013027197 -0.33437339961528773
decision_type=2 2 2 2 2 2
left_child=1 2 -1 4 -2 -5
right_child=3 -3 -4 5 -6 -7
leaf_value=-0.015451064466605692 0.014515501793946188 0.18136917791885426 -0.19995358480642647 -0.076257916281984361 0.1665553934915634 0.00052801336407643548
leaf_weight=27.270417874475246 5.0385190511587989 1.3013606071472157 1.4001248825807149 2.3318640952929846 3.0762993767857552 147.80773864391085
leaf_count=302 46 6 17 32 10 1661
internal_value=0.000108803 -0.0155245 -0.0244648 0.00306966 0.0721606 -0.000664827
internal_weight=188.226 29.9719 28.6705 158.254 8.11482 150.14
internal_count=2074 325 319 1749 56 1693
is_linear=0
shrinkage=0.252688


Tree=695
num_leaves=7
num_cat=0
split_feature=10 8 4 14 1 16
split_gain=0.15574 0.951626 0.196142 0.675837 0.578173 0.13149
threshold=-0.88360258936882008 -0.17771297693252561 -0.33338540792465204 1.3125000000000002 -0.37359261512756342 -0.4607118666172027
decision_type=2 2 2 2 2 2
left_child=1 -1 4 -4 -2 -3
right_child=2 5 3 -5 -6 -7
leaf_value=-0.04902243305922982 0.025617282337708235 0.20941823131670753 0.0031045191350288024 0.16016064595271934 -0.026951618519790294 0.093676541847928119
leaf_weight=3.2696941345930099 18.728035741514759 1.3915376141667368 101.56360619823681 1.7795824650675047 46.592662687064148 1.14276723563671
leaf_count=25 227 18 1177 36 580 11
internal_value=0.000359589 0.0410558 -0.00104095 0.00580986 -0.0118795 0.157259
internal_weight=174.468 5.804 168.664 103.343 65.3207 2.5343
internal_count=2074 54 2020 1213 807 29
is_linear=0
shrinkage=0.252688


Tree=696
num_leaves=7
num_cat=0
split_feature=16 3 16 3 9 20
split_gain=0.164872 0.74592 0.697366 0.612933 0.313352 0.240046
threshold=-0.42455215752124781 -0.5574190318584441 -0.41562186181545252 -0.065278876572847352 -0.91629850864410389 -0.074483551084995256
decision_type=2 2 2 2 2 2
left_child=1 5 -2 -3 -4 -1
right_child=2 3 4 -5 -6 -7
leaf_value=0.045514995861721821 -0.17601108384230774 -0.042598657785614578 0.088436663317471353 0.028495126522919665 -0.0042674963876000623 0.19071476870963078
leaf_weight=1.19279111456126 1.4971785228699435 11.87721671721374 2.3696884420933193 22.243834792432608 131.02782079211954 1.8629055079072703
leaf_count=16 16 160 25 234 1604 19
internal_value=-0.00043924 0.0144599 -0.00454547 0.00374773 -0.00262034 0.134054
internal_weight=172.071 37.1767 134.895 34.1211 133.398 3.0557
internal_count=2074 429 1645 394 1629 35
is_linear=0
shrinkage=0.252688


Tree=697
num_leaves=6
num_cat=0
split_feature=19 19 19 3 9
split_gain=0.127152 0.307389 0.455888 0.392128 0.192326
threshold=1.3487916588783266 1.1894499063491824 1.1703495383262636 0.27273608744144445 -0.090559367090463624
decision_type=2 2 2 2 2
left_child=1 2 -1 -3 -2
right_child=4 3 -4 -5 -6
leaf_value=-0.0009372701498319391 -0.048631215297136106 0.098552397519801008 0.12847276415898007 -0.17892850177626318 0.092993334253268209
leaf_weight=180.33351357870561 0.86154055618681047 0.43737826496362586 1.754551576450466 1.2639105776324866 2.1129888804862267
leaf_count=1977 25 3 8 37 24
internal_value=0.000149863 -0.000688981 0.000310052 -0.107583 0.0519715
internal_weight=186.764 183.789 182.088 1.70129 2.97453
internal_count=2074 2025 1985 40 49
is_linear=0
shrinkage=0.252688


Tree=698
num_leaves=8
num_cat=0
split_feature=7 13 11 9 5 19 5
split_gain=0.181057 0.453175 0.812535 0.370334 0.28245 1.23343 0.858945
threshold=-1.0939416289329527 0.14327484369277957 0.34529374539852148 -0.31294795870780939 -0.53424599766731251 -0.38992404937744135 -0.34819495677947992
decision_type=2 2 2 2 2 2 2
left_child=1 2 -1 -3 5 -2 -6
right_child=4 3 -4 -5 6 -7 -8
leaf_value=0.20352160080553536 0.0097824167468553436 -0.1355648191475208 -0.084515717745698563 0.022628297626049895 0.073969967765019129 -0.095382492822048012 -0.0024792383504279596
leaf_weight=2.0623435834422694 23.201152052395628 1.1041903328150509 0.89700098335742939 6.5310972202569246 10.187003112318051 10.273926014779134 118.97438023271388
leaf_count=34 314 12 9 107 146 95 1357
internal_value=0.000274722 0.0322809 0.116215 -0.000256688 -0.00181034 -0.022495 0.0035506
internal_weight=173.231 10.5946 2.95934 7.63529 162.636 33.4751 129.161
internal_count=2074 162 43 119 1912 409 1503
is_linear=0
shrinkage=0.252688


Tree=699
num_leaves=7
num_cat=0
split_feature=4 6 9 4 16 9
split_gain=0.139534 0.782565 0.674164 0.238319 0.567832 0.171272
threshold=-1.8424841761589048 0.18161923438310626 -0.24302295595407483 -1.6558450460433958 1.0147743821144106 0.30436614155769354
decision_type=2 2 2 2 2 2
left_child=1 -1 -3 4 -2 -5
right_child=3 2 -4 5 -6 -7
leaf_value=-0.18394004145681983 -0.022151024939941005 0.12502401665139795 -0.087835554378110067 -0.0062817399450039012 0.21177737690316645 0.010830014409994957
leaf_weight=1.6725831644143898 1.5924920565448695 1.9893614791799337 1.817562042735517 104.39826904473011 1.1339637201285766 58.150528665095862
leaf_count=26 25 20 26 1291 11 675
internal_value=-0.0002326 -0.0399014 0.0233988 0.00108269 0.0751641 -0.000160123
internal_weight=170.755 5.47951 3.80692 165.275 2.72646 162.549
internal_count=2074 72 46 2002 36 1966
is_linear=0
shrinkage=0.252688


Tree=700
num_leaves=8
num_cat=0
split_feature=13 1 18 13 17 13 1
split_gain=0.132722 0.793815 0.8983 0.417455 0.698462 0.311322 0.0903668
threshold=1.1725144386291506 -0.031696058809757226 0.268386259675026 1.0847952365875246 1.519483268260956 1.0730993151664736 -0.021810836158692833
decision_type=2 2 2 2 2 2 2
left_child=3 2 -2 5 -5 -1 -3
right_child=1 6 -4 4 -6 -7 -8
leaf_value=-0.00053842114815979647 -0.18838907291888013 0.19166675438633865 0.12365486537630586 0.026894603727389617 -0.21163317828693207 0.12315623935508085 0.09543574235385395
leaf_weight=176.20483873177363 1.451473340392113 1.1756297447718682 0.9906843362841754 1.5639366861432784 1.5707254181616006 1.3083249698393036 1.3298170951893542
leaf_count=1949 32 4 10 14 31 11 23
internal_value=-0.000122357 0.0407065 -0.0618056 -0.00124071 -0.0926427 0.000373601 0.140622
internal_weight=185.595 4.9476 2.44216 180.648 3.13466 177.513 2.50545
internal_count=2074 69 42 2005 45 1960 27
is_linear=0
shrinkage=0.252688


Tree=701
num_leaves=8
num_cat=0
split_feature=2 11 23 18 9 15 23
split_gain=0.148734 0.51998 0.660275 0.460805 0.381911 0.667132 0.460519
threshold=-0.098888970911502824 -0.64071163535118092 -0.46249550580978388 -0.47914390265941614 -0.12842410057783124 -0.38649132847785944 -0.59690457582473744
decision_type=2 2 2 2 2 2 2
left_child=4 2 -2 -3 6 -6 -1
right_child=1 3 -4 -5 5 -7 -8
leaf_value=-0.16386180315380863 0.0073991994576644059 -0.085188948331240036 0.14760510706995553 0.0049570338534048221 -0.072199348964545773 5.189716056594841e-05 0.012562949926242409
leaf_weight=0.96689864620566268 5.1894655269570649 3.7844475088641039 3.6548932853620482 83.421984229309601 13.221128039789617 21.314722240436822 40.227994751854567
leaf_count=6 58 28 54 1017 163 265 483
internal_value=0.000363414 0.00696557 0.0653442 0.00104451 -0.0080102 -0.0276082 0.00841995
internal_weight=171.782 96.0508 8.84436 87.2064 75.7307 34.5359 41.1949
internal_count=2074 1157 112 1045 917 428 489
is_linear=0
shrinkage=0.252688


Tree=702
num_leaves=7
num_cat=0
split_feature=16 16 24 13 16 3
split_gain=0.141897 0.566899 1.18026 0.700877 0.422718 0.337395
threshold=-0.29240749776363367 -0.23841591924428937 0.39731925725936895 1.2192981839179995 -0.298016607761383 -0.62747031450271595
decision_type=2 2 2 2 2 2
left_child=4 2 -2 -3 5 -1
right_child=1 3 -4 -5 -6 -7
leaf_value=0.078299587991929251 -0.13709103673106635 0.0020165827707151599 0.076303999779527773 -0.18401760444871823 0.13809245238202197 0.00093217544881882221
leaf_weight=3.8992713167099273 5.3402933526667757 108.31675748605016 2.3975578285753727 1.3081725236261252 1.6178157480899233 46.673358816478867
leaf_count=59 61 1342 19 31 16 546
internal_value=4.46106e-06 -0.00487024 -0.0709701 -0.000204257 0.0109664 0.00689817
internal_weight=169.553 117.363 7.73785 109.625 52.1904 50.5726
internal_count=2074 1453 80 1373 621 605
is_linear=0
shrinkage=0.252688


Tree=703
num_leaves=7
num_cat=0
split_feature=9 9 12 0 21 21
split_gain=0.119944 0.441982 0.642571 0.219852 0.945713 0.347328
threshold=1.2128003835678103 1.2499344944953921 -0.74121010303497303 -1.0000000180025095e-35 0.24749143421649936 1.1859936118125918
decision_type=2 2 2 2 2 2
left_child=3 -2 -3 4 -1 -5
right_child=1 2 -4 5 -6 -7
leaf_value=-0.069988079378576706 0.11235979594642992 -0.19341234462707058 0.013625297844985923 0.0044182199132220658 0.010056415052859429 -0.1082856185480994
leaf_weight=14.727464071998837 2.7109278226271298 1.0017600287683368 21.264699073908556 116.39950144494651 26.172914516806486 1.7720067694317538
leaf_count=309 16 18 230 1105 367 29
internal_value=-0.000242763 0.0160361 0.00430632 -0.00279892 -0.0187666 0.00272771
internal_weight=184.049 24.9774 22.2665 159.072 40.9004 118.172
internal_count=2074 264 248 1810 676 1134
is_linear=0
shrinkage=0.252688


Tree=704
num_leaves=8
num_cat=0
split_feature=7 2 13 7 2 12 2
split_gain=0.172912 0.728181 1.05317 0.731069 0.562392 0.697563 0.429702
threshold=-0.037073919549584382 0.19603836536407473 -0.39473684132099146 -0.2867672592401504 0.37146268784999853 0.49218034744262701 -0.098888970911502824
decision_type=2 2 2 2 2 2 2
left_child=1 3 -3 -1 6 -6 -2
right_child=4 2 -4 -5 5 -7 -8
leaf_value=-0.0084920131913159263 0.0027692648630404863 0.10775308135888552 -0.0021621905860428571 -0.077390424695317039 -0.05902797525913784 0.057226017646431364 0.043689332930863883
leaf_weight=34.777615942060947 42.668208655290073 6.9746260587126008 27.553567534894682 13.709692270611411 13.880707609598177 4.3211644951443295 26.600702796131372
leaf_count=393 538 78 386 148 163 53 315
internal_value=0.000257631 -0.0080028 0.0200417 -0.0279736 0.00809733 -0.0314281 0.0184837
internal_weight=170.486 83.0155 34.5282 48.4873 87.4708 18.2019 69.2689
internal_count=2074 1005 464 541 1069 216 853
is_linear=0
shrinkage=0.252688


Tree=705
num_leaves=7
num_cat=0
split_feature=23 18 23 16 23 5
split_gain=0.155569 1.14021 0.880672 0.607984 0.398461 0.200303
threshold=-0.40980535745620722 -0.75686067342758168 -0.43134358525276179 -0.36184741556644434 -0.40293721854686732 -1.0000000180025095e-35
decision_type=2 2 2 2 2 2
left_child=2 -2 3 -1 -3 -4
right_child=1 4 5 -5 -6 -7
leaf_value=0.058582694355296318 0.17479288306926877 -0.15788201019652792 -0.035567500925365141 -0.020772475646200293 0.0018766012820411061 -0.18072787996657219
leaf_weight=7.9401317196898153 2.4454047202598295 1.0042744316160668 0.82302665041061152 27.562619325035485 125.78744264108536 2.3149768123403183
leaf_count=115 19 12 22 402 1470 34
internal_value=-0.000298981 0.00390711 -0.0143665 -0.00302418 0.000610544 -0.142668
internal_weight=167.878 129.237 38.6408 35.5028 126.792 3.138
internal_count=2074 1501 573 517 1482 56
is_linear=0
shrinkage=0.252688


Tree=706
num_leaves=7
num_cat=0
split_feature=3 12 21 7 21 23
split_gain=0.127371 0.339112 0.161446 0.390446 0.283256 0.000398141
threshold=-1.7130728960037229 1.6609721779823305 2.0181746482849126 1.0696763992309573 1.2773557305336001 0.066219005733728423
decision_type=2 2 2 2 2 2
left_child=1 5 4 -4 -2 -1
right_child=2 -3 3 -5 -6 -7
leaf_value=-0.17147815031180155 -0.0012243766009032298 0.082865961024448986 -0.17734719614097874 0.021715286126681357 0.040763812503342114 -0.18600462473245022
leaf_weight=0.38188415663898811 167.75604274541547 0.51273081218823791 1.088381430570734 1.4898094641976056 10.926390903361606 0.43332476471550763
leaf_count=39 1812 7 69 15 124 8
internal_value=-0.000134009 -0.0780917 0.000437338 -0.0623374 0.0013433 -0.179317
internal_weight=182.589 1.32794 181.261 2.57819 178.682 0.815209
internal_count=2074 54 2020 84 1936 47
is_linear=0
shrinkage=0.252688


Tree=707
num_leaves=7
num_cat=0
split_feature=1 9 5 9 1 17
split_gain=0.164831 0.440645 0.356588 0.230111 0.778851 0.24262
threshold=0.96104153990745556 -0.15052268654108045 -0.33319377899169916 1.2987955808639529 0.20901288092136386 1.0990579724311831
decision_type=2 2 2 2 2 2
left_child=3 -2 -3 5 -5 -1
right_child=1 2 -4 4 -6 -7
leaf_value=0.005943113076758968 0.1695930794907366 0.067736618576172858 -0.024317050881224569 0.022879563298678924 -0.09287431325509049 -0.022470774868077387
leaf_weight=118.83995165448869 1.2673350796103484 4.4708445674077657 6.7321596784313416 7.8768087372445716 7.0178827703930438 22.882408969919197
leaf_count=1342 19 75 106 105 83 344
internal_value=0.00044156 0.0284004 0.0124207 -0.00178469 -0.0316611 0.00135535
internal_weight=169.087 12.4703 11.203 156.617 14.8947 141.722
internal_count=2074 200 181 1874 188 1686
is_linear=0
shrinkage=0.252688


Tree=708
num_leaves=7
num_cat=0
split_feature=10 0 24 10 24 17
split_gain=0.130409 0.610492 0.604356 0.470623 0.43179 0.28539
threshold=-0.63295421004295338 -1.0000000180025095e-35 -0.29674604535102839 -0.6134158968925475 -0.15567435324192044 0.30519227683544164
decision_type=2 2 2 2 2 2
left_child=1 4 -3 -2 -1 -5
right_child=3 2 -4 5 -6 -7
leaf_value=0.17613687317449275 0.14588009953371872 -0.14709673816480337 -0.016977415389384888 0.0096449067445658378 -0.017715482430596272 -0.013383249368083831
leaf_weight=1.5734383938834073 1.4443076271563757 2.751946655844228 13.255846895335702 91.050256314523153 1.3740465308073933 55.192298760644917
leaf_count=21 16 41 171 1111 28 686
internal_value=-0.000160625 -0.0198914 -0.0393508 0.00237183 0.0857801 0.000953998
internal_weight=166.642 18.9553 16.0078 147.687 2.94748 146.243
internal_count=2074 261 212 1813 49 1797
is_linear=0
shrinkage=0.252688


Tree=709
num_leaves=7
num_cat=0
split_feature=5 3 19 13 4 21
split_gain=0.123994 0.877687 0.472092 0.429501 0.637269 0.326052
threshold=0.40529616177082067 -0.91226875782012928 0.60693734884262096 -1.002923935651779 0.73196834325790416 1.3939296007156374
decision_type=2 2 2 2 2 2
left_child=3 -2 -3 4 -1 -5
right_child=1 2 -4 5 -6 -7
leaf_value=-0.17954146087130868 -0.20112639831698703 -0.033495418165071039 0.014519473657002038 0.0039710412305016358 0.17408804405896106 0.084583294680948315
leaf_weight=1.6574204308490146 1.4941229195101176 21.912306518221158 32.41840157812112 120.39500541890447 0.40438103862106789 3.2907671788270809
leaf_count=71 24 246 330 1338 2 63
internal_value=-0.000190454 -0.0101009 -0.00484569 0.00420925 -0.110157 0.00611616
internal_weight=181.572 55.8248 54.3307 125.748 2.0618 123.686
internal_count=2074 600 576 1474 73 1401
is_linear=0
shrinkage=0.252688


Tree=710
num_leaves=8
num_cat=0
split_feature=14 6 1 14 20 6 12
split_gain=0.167607 0.820099 0.986198 0.40533 1.09873 0.299102 0.006714
threshold=0.67361107468605053 -0.54923412203788746 -0.24048420786857602 0.54861110448837291 0.023464569821953777 -0.78118157386779774 -0.18957541882991788
decision_type=2 2 2 2 2 2 2
left_child=3 2 -2 5 -5 -1 -3
right_child=1 6 -4 4 -6 -7 -8
leaf_value=0.14420592854473338 -0.040485689674836699 -0.18624772104456366 0.074279967168324579 -0.031050026702929685 0.23329845567303031 0.00039627116406353561 -0.15649406030989066
leaf_weight=0.92911036685109039 15.484421149129052 1.1109941359609368 6.9157182835042486 2.3484580423682919 1.7528763602022079 138.63908907588848 0.91694401577114959
leaf_count=20 155 12 111 23 16 1723 14
internal_value=0.000364963 -0.0189851 -0.00505248 0.00365511 0.0819455 0.00135417 -0.172839
internal_weight=168.098 24.4281 22.4001 143.67 4.10133 139.568 2.02794
internal_count=2074 292 266 1782 39 1743 26
is_linear=0
shrinkage=0.252688


Tree=711
num_leaves=8
num_cat=0
split_feature=14 9 15 5 10 14 8
split_gain=0.148004 0.900267 1.16132 0.487748 0.444202 0.232946 0.0647161
threshold=0.71527773141860973 -0.58497241139411915 0.63846087455749523 -0.56702417135238636 -0.88360258936882008 0.59027779102325451 -0.16391332447528836
decision_type=2 2 2 2 2 2 2
left_child=4 3 -3 -2 6 -6 -1
right_child=1 2 -4 -5 5 -7 -8
leaf_value=-0.17737038912752834 -0.0024924891927193475 -0.037097778097511372 0.13431366611613763 0.17423955710185085 0.00067530759541480231 -0.052942759053211545 -0.067085885621198327
leaf_weight=0.98548629420110956 1.4554359894245861 14.323761670617388 3.0629113968461743 3.16540573909879 136.54923059442706 5.3769219918176523 0.51985681639052816
leaf_count=22 15 187 29 30 1722 50 19
internal_value=0.000155803 0.0194503 -0.00689796 0.11858 -0.00280471 -0.00135621 -0.139322
internal_weight=165.439 22.0075 17.3867 4.62084 143.431 141.926 1.50534
internal_count=2074 261 216 45 1813 1772 41
is_linear=0
shrinkage=0.252688


Tree=712
num_leaves=6
num_cat=0
split_feature=3 18 3 21 1
split_gain=0.118062 0.402205 0.144531 0.75022 0.262389
threshold=-1.7130728960037229 0.25466518104076391 -1.3743321299552915 0.54044088721275341 0.92750355601310741
decision_type=2 2 2 2 2
left_child=1 -1 3 -2 -4
right_child=2 -3 4 -5 -6
leaf_value=0.14192023478959259 -0.11098652183364666 -0.17791051905903268 0.00093347263540528901 0.085768203977321267 -0.044121022344842789
leaf_weight=0.36129362508654483 1.6476964673493046 0.81991952004318591 163.68667482845922 4.9640139474067837 8.6912112977079214
leaf_count=2 47 52 1739 61 173
internal_value=-0.000457547 -0.0800641 6.80308e-05 0.03673 -0.00133827
internal_weight=180.171 1.18121 178.99 6.61171 172.378
internal_count=2074 54 2020 108 1912
is_linear=0
shrinkage=0.252688


Tree=713
num_leaves=5
num_cat=0
split_feature=7 12 10 4
split_gain=0.149008 0.1565 0.350252 0.286959
threshold=1.6332325935363772 2.9869939088821416 0.5766088366508485 0.73196834325790416
decision_type=2 2 2 2
left_child=1 3 -3 -1
right_child=-2 2 -4 -5
leaf_value=0.0014979293473770579 -0.089920450983051931 0.090977640983117919 0.00055866265372839089 -0.044233863479638064
leaf_weight=142.96044232172062 1.1591715067625035 3.8959967114496967 9.1802947906544414 9.3323890261817706
leaf_count=1758 8 59 140 109
internal_value=0.000340238 0.000973222 0.0275011 -0.00130461
internal_weight=166.528 165.369 13.0763 152.293
internal_count=2074 2066 199 1867
is_linear=0
shrinkage=0.252688


Tree=714
num_leaves=8
num_cat=0
split_feature=12 12 2 2 9 4 9
split_gain=0.137842 0.440833 0.351815 0.324785 0.308768 0.308521 0.0183196
threshold=0.86184510588645946 0.7552325725555421 -0.39252716302871699 0.44921118021011358 0.10473985597491266 0.31862710416316992 0.49503192305564886
decision_type=2 2 2 2 2 2 2
left_child=1 5 -3 4 -2 -1 -5
right_child=3 2 -4 6 -6 -7 -8
leaf_value=-0.0044837082317469848 0.0086632199078421259 0.18065869682356187 0.020121967485248981 -0.17820729885771308 -0.044825450970106866 0.027351285399959773 -0.097163944584457151
leaf_weight=105.81853278807102 19.460453240943032 1.5763434264808895 1.949307816568761 0.73627189313992758 10.668052004941272 23.810991861158982 0.23797575390187831
leaf_count=1294 243 13 27 20 167 284 26
internal_value=0.000224137 0.00376195 0.0919158 -0.0149215 -0.0102767 0.00136398 -0.158476
internal_weight=164.258 133.155 3.52565 31.1028 30.1285 129.63 0.974248
internal_count=2074 1618 40 456 410 1578 46
is_linear=0
shrinkage=0.252688


Tree=715
num_leaves=8
num_cat=0
split_feature=3 8 8 4 7 8 4
split_gain=0.118952 0.495704 0.81404 0.421979 0.412601 0.758867 0.631665
threshold=0.16430275887250903 -0.17552258074283597 -0.15647432208061215 0.053951634094119079 0.22771213948726657 0.10887519642710687 0.52894392609596264
decision_type=2 2 2 2 2 2 2
left_child=4 3 -3 -2 6 -6 -1
right_child=1 2 -4 -5 5 -7 -8
leaf_value=-0.0053202982529873535 0.15841506263756758 -0.20304970498265515 0.0048091916796627245 0.019397316474650417 -0.13967479083765288 -0.0060215541556449936 0.087860819714814672
leaf_weight=84.349296680709813 2.4303821013309053 1.2233578179730091 70.602004631829914 3.2695190684462432 4.0169734420633167 8.3511116407462378 4.9153372072614721
leaf_count=1031 18 18 751 45 81 86 44
internal_value=-0.000495271 0.00695969 0.00126737 0.0786826 -0.00618193 -0.0494344 -0.000188796
internal_weight=179.158 77.5253 71.8254 5.6999 101.633 12.3681 89.2646
internal_count=2074 832 769 63 1242 167 1075
is_linear=0
shrinkage=0.252688


Tree=716
num_leaves=8
num_cat=0
split_feature=3 20 6 22 20 15 3
split_gain=0.148172 0.582994 1.16372 0.549153 0.46821 1.20933 0.515764
threshold=0.061182133853435523 0.34205235540866857 0.76586437225341808 0.84076648950576793 0.22830685228109363 -0.40401791036128992 0.12471677735447885
decision_type=2 2 2 2 2 2 2
left_child=1 3 -3 -1 5 -2 -6
right_child=4 2 -4 -5 6 -7 -8
leaf_value=0.010495876318543805 0.0059680090484930635 -0.16914301572740986 0.010099372757852394 0.11397558261652416 0.12982641911137169 -0.090773413733121616 0.0037558964662934282
leaf_weight=73.413891763808351 22.830251059465809 3.4296057992614788 7.0997185185551643 3.426911845279391 2.183145055663771 12.919100677128879 40.521992719441187
leaf_count=899 240 60 82 68 31 145 549
internal_value=0.000313068 0.00747069 -0.0482888 0.0151116 -0.00765794 -0.0289932 0.0102024
internal_weight=165.825 87.3701 10.5293 76.8408 78.4545 35.7494 42.7051
internal_count=2074 1109 142 967 965 385 580
is_linear=0
shrinkage=0.252688


Tree=717
num_leaves=8
num_cat=0
split_feature=20 20 7 20 17 3 17
split_gain=0.131751 0.522442 0.390167 0.37172 0.32646 0.31661 0.267632
threshold=-0.41433502733707422 -0.35664084553718561 -0.88328832387924183 -0.5615238845348357 -0.19089131057262418 -0.54030027985572804 -0.21510434150695798
decision_type=2 2 2 2 2 2 2
left_child=3 5 -3 6 -5 -2 -1
right_child=1 2 -4 4 -6 -7 -8
leaf_value=-0.097935827270365053 0.039187057637524461 -0.089580681529483883 0.0018141652764771408 0.14626409510492761 -0.022105486105382249 -0.12686989906342783 0.012171406692796153
leaf_weight=1.5114429006353081 0.94072801261586381 3.0520186878275117 129.91526673483895 2.3683817491400991 1.0660861351220763 3.3180304117850019 20.804084811509256
leaf_count=36 9 58 1547 28 20 55 321
internal_value=3.77458e-05 -0.00307447 -0.000283972 0.0166231 0.0940051 -0.0901885 0.00471158
internal_weight=162.976 137.226 132.967 25.75 3.43447 4.25876 22.3155
internal_count=2074 1669 1605 405 48 64 357
is_linear=0
shrinkage=0.252688


Tree=718
num_leaves=8
num_cat=0
split_feature=24 17 24 22 11 24 21
split_gain=0.137657 1.00784 0.432311 0.563188 0.424763 0.245274 0.0527
threshold=2.3228778839111333 0.44509713351726538 1.8908402323722842 0.34088943898677831 0.69705823063850414 1.1530272960662844 0.72186267375946056
decision_type=2 2 2 2 2 2 2
left_child=2 6 5 -4 -3 -1 -2
right_child=1 4 3 -5 -6 -7 -8
leaf_value=0.0014040926345636573 -0.28853332092778872 0.058272930708770133 0.17436837568156205 -0.0080716046134329672 -0.053741979021641989 -0.047855697876980199 -0.18790430898905189
leaf_weight=156.64710979322626 0.55851340747903921 4.3923724335618299 2.0949960034340611 2.2301250877790153 4.2549182540969923 6.7308951969025648 0.83589528023730963
leaf_count=1746 8 61 10 30 118 80 21
internal_value=-0.00025869 -0.0289956 0.00146209 0.0803086 0.00315567 -0.000625466 -0.228305
internal_weight=177.745 10.0417 167.703 4.32512 8.64729 163.378 1.39441
internal_count=2074 208 1866 40 179 1826 29
is_linear=0
shrinkage=0.252688


Tree=719
num_leaves=8
num_cat=0
split_feature=7 20 6 19 7 6 24
split_gain=0.14512 0.549229 0.936161 0.410737 0.39256 0.619386 0.356923
threshold=-0.037073919549584382 0.34205235540866857 0.76586437225341808 0.46456113457679754 0.042187189683318145 -0.13785555213689801 3.24232029914856
decision_type=2 2 2 2 2 2 2
left_child=1 3 -3 -1 5 -2 -6
right_child=4 2 -4 -5 6 -7 -8
leaf_value=0.0065781552884477922 -0.015516484049222892 -0.17894798020038125 -0.0058639123039795835 -0.055015709256630803 -0.0024728034351835428 0.13182111016746267 0.065250789618298236
leaf_weight=63.379351337091066 3.3986386070027947 3.0944589617429283 5.6156654118094593 7.7586301639676085 71.46885161946193 3.9258470635541007 5.3396869315765789
leaf_count=789 37 64 73 79 888 40 104
internal_value=0.00024288 -0.00747325 -0.067363 -0.000139889 0.00756604 0.0634585 0.0022357
internal_weight=163.981 79.8481 8.71012 71.138 84.133 7.32449 76.8085
internal_count=2074 1005 137 868 1069 77 992
is_linear=0
shrinkage=0.252688


Tree=720
num_leaves=5
num_cat=0
split_feature=21 10 10 24
split_gain=0.141189 0.178464 0.19995 0.0930305
threshold=-1.0132324695587156 -0.90587633848190297 -0.86475628614425648 0.12236216664314271
decision_type=2 2 2 2
left_child=-1 3 -3 -2
right_child=1 2 -4 -5
leaf_value=0.064778257551046964 -0.17457996768256978 0.11808376478943772 -0.0010198931134796408 -0.0090602455362580655
leaf_weight=2.1116097122430793 0.57177603233139862 0.90463062922935833 157.73429563691934 0.34918479947373271
leaf_count=18 27 16 2003 10
internal_value=-0.000125246 -0.000984397 -0.000340311 -0.111865
internal_weight=161.671 159.56 158.639 0.920961
internal_count=2074 2056 2019 37
is_linear=0
shrinkage=0.252688


Tree=721
num_leaves=7
num_cat=0
split_feature=19 19 8 19 1 12
split_gain=0.13198 1.2033 0.569246 0.565761 0.898261 0.576859
threshold=0.13567599654197696 0.1498694717884064 -0.26625958085060114 -0.012314206454902886 -0.42965376377105707 -0.29703865945339197
decision_type=2 2 2 2 2 2
left_child=3 -2 -3 5 -5 -1
right_child=1 2 -4 4 -6 -7
leaf_value=0.029961919085043729 0.14319120674900757 0.16378224994880636 -0.00216801934885253 0.020541308971744499 -0.12002496624065974 -0.015583434714064039
leaf_weight=27.898214649641886 3.9485831956844768 1.3406452361959953 82.867951491556596 5.1637392713455483 6.6284217057982442 48.840923067597032
leaf_count=321 18 9 873 41 119 693
internal_value=-5.26102e-05 0.00686812 0.000474991 -0.00694411 -0.0584733 0.000974476
internal_weight=176.688 88.1572 84.2086 88.5313 11.7922 76.7391
internal_count=2074 900 882 1174 160 1014
is_linear=0
shrinkage=0.252688


Tree=722
num_leaves=8
num_cat=0
split_feature=6 3 9 6 3 10 8
split_gain=0.139363 1.09395 0.612518 0.365321 0.505608 0.217575 0.0108131
threshold=-0.11159736663103102 -0.79904896020889271 0.43327905237674719 -0.048140022903680794 -0.62747031450271595 -0.88360258936882008 -0.40836641192436213
decision_type=2 2 2 2 2 2 2
left_child=1 6 -3 4 -2 -5 -1
right_child=3 2 -4 5 -6 -7 -8
leaf_value=0.22667367362297913 -0.0059775653223247908 0.020756010147699618 -0.040560371468187813 0.057198575950313336 -0.1723863007035393 -0.0041574310751434059 0.18567038017504331
leaf_weight=0.96583472078782506 2.9017121242359281 38.370618932705838 14.270859055395702 3.8319239299744359 1.9483063183724869 99.499390365104773 0.75712085887789615
leaf_count=15 23 464 171 36 11 1341 13
internal_value=0.000181769 0.010619 0.00413316 -0.00506328 -0.0728376 -0.00188182 0.208719
internal_weight=162.546 54.3644 52.6415 108.181 4.85002 103.331 1.72296
internal_count=2074 663 635 1411 34 1377 28
is_linear=0
shrinkage=0.252688


Tree=723
num_leaves=8
num_cat=0
split_feature=2 14 10 10 4 2 10
split_gain=0.128365 0.524323 0.707857 0.626567 0.390934 0.62821 0.323583
threshold=-0.87879866361618031 1.0208333134651186 1.5025941729545595 1.1288967728614809 1.1085863113403323 0.090869203209877028 -0.34037704765796656
decision_type=2 2 2 2 2 2 2
left_child=1 3 -3 -1 6 -6 -2
right_child=4 2 -4 -5 5 -7 -8
leaf_value=0.012070623391517267 -0.018838111273648817 -0.18039716355000868 0.10644544277912853 0.13593585960703225 -0.081332354093606382 0.05518514625262054 0.0095964768666793373
leaf_weight=23.439122315001448 36.845721268371562 1.8059224076569074 0.78893656097352494 2.9334795521572223 8.7370219021977373 2.8552685793256378 83.382674197494453
leaf_count=274 533 29 17 29 135 30 1027
internal_value=-4.38349e-05 0.0151866 -0.0931816 0.0258509 -0.00339077 -0.047706 0.000882232
internal_weight=160.788 28.9675 2.59486 26.3726 131.821 11.5923 120.228
internal_count=2074 349 46 303 1725 165 1560
is_linear=0
shrinkage=0.252688


Tree=724
num_leaves=5
num_cat=0
split_feature=6 8 6 8
split_gain=0.106092 0.15006 0.581806 0.324511
threshold=1.3807439208030703 -0.32604986429214472 1.0437636375427248 -0.10454804822802542
decision_type=2 2 2 2
left_child=1 2 -1 -3
right_child=-2 3 -4 -5
leaf_value=-0.0097980179697040124 0.063774172791508196 0.024049554890505719 -0.18933334161068582 -0.0039564236380748661
leaf_weight=26.502474245766283 1.6519458605907846 34.615574288764037 1.2043931728403539 111.54433989859535
leaf_count=456 15 335 57 1211
internal_value=4.98909e-05 -0.000555751 -0.0176058 0.00267639
internal_weight=175.519 173.867 27.7069 146.16
internal_count=2074 2059 513 1546
is_linear=0
shrinkage=0.252688


Tree=725
num_leaves=5
num_cat=0
split_feature=18 7 5 7
split_gain=0.199374 0.150802 0.481534 0.478149
threshold=-0.7733260691165923 -0.49952119588851923 -0.15675833821296689 -0.33539634943008417
decision_type=2 2 2 2
left_child=-1 2 -2 -3
right_child=1 3 -4 -5
leaf_value=0.19207860582731437 0.0045451945551061787 0.04669224357765419 -0.056077419186453606 -0.001896114880601787
leaf_weight=0.34374640882015128 27.332121638813987 14.70988620223943 12.056016582879236 106.97210838282808
leaf_count=4 398 192 135 1345
internal_value=-1.05772e-05 -0.00042116 -0.0140108 0.0039778
internal_weight=161.414 161.07 39.3881 121.682
internal_count=2074 2070 533 1537
is_linear=0
shrinkage=0.252688


Tree=726
num_leaves=6
num_cat=0
split_feature=16 6 10 10 10
split_gain=0.127172 0.475983 0.126496 0.529384 0.428388
threshold=-0.90339228510856617 0.26914660632610327 1.1780862212181094 0.70323345065116893 1.2437337040901186
decision_type=2 2 2 2 2
left_child=1 -1 3 -2 -4
right_child=2 -3 4 -5 -6
leaf_value=-0.09342386993232582 0.0019548038633269778 0.17976921722749262 0.13389512153424107 -0.047816749443106155 0.0061348299240709236
leaf_weight=0.68508694460615416 122.76570167057241 1.0024886932224033 1.8454440184868897 15.350856147651482 18.175975915335584
leaf_count=14 1600 13 16 167 264
internal_value=-0.000119693 0.0688686 -0.000856141 -0.00357717 0.0179142
internal_weight=159.826 1.68758 158.138 138.117 20.0214
internal_count=2074 27 2047 1767 280
is_linear=0
shrinkage=0.252688


Tree=727
num_leaves=8
num_cat=0
split_feature=10 10 9 10 10 10 24
split_gain=0.122624 0.624663 0.750298 0.516402 0.501379 0.419 0.237156
threshold=0.70323345065116893 0.58443036675453197 -0.38146258890628809 0.54513120651245128 0.79425942897796642 0.83535388112068187 -0.21835286915302274
decision_type=2 2 2 2 2 2 2
left_child=1 3 -3 -1 6 -6 -2
right_child=4 2 -4 -5 5 -7 -8
leaf_value=-0.0024044562456836632 0.15013628635266305 0.039899689574256693 -0.16275425191816242 0.11205856154098227 -0.12198667262248536 0.0082674575390760691 0.036421639337324625
leaf_weight=128.66246803157992 2.2119129757920746 1.8133407300338147 3.2688387254311229 2.5663472718442781 1.6583077373434196 31.918481017135491 2.4888765113428226
leaf_count=1538 14 11 53 24 24 392 18
internal_value=1.67005e-05 -0.00353201 -0.0904497 -0.000165533 0.012654 0.00183254 0.0899402
internal_weight=174.589 136.311 5.08218 131.229 38.2776 33.5768 4.70079
internal_count=2074 1626 64 1562 448 416 32
is_linear=0
shrinkage=0.252688


Tree=728
num_leaves=6
num_cat=0
split_feature=20 9 8 17 8
split_gain=0.130777 0.346389 0.271031 0.390021 0.148304
threshold=-3.4520778656005855 1.4384288191795351 -2.2704004049301143 1.2398518323898318 -1.7211129069328306
decision_type=2 2 2 2 2
left_child=1 -1 3 -2 -4
right_child=2 -3 4 -5 -6
leaf_value=0.15411525422339076 -0.12346654780042496 -0.028843690256164799 0.062332316061107125 0.055306866804503488 -0.00021756516662048205
leaf_weight=1.227575825643725 2.5440310584381218 1.4298662963556124 2.4589351993054143 1.1227549798786638 151.94885790460103
leaf_count=16 40 20 45 25 1928
internal_value=0.000100868 0.0556855 -0.000833756 -0.0687264 0.000778739
internal_weight=160.732 2.65744 158.075 3.66679 154.408
internal_count=2074 36 2038 65 1973
is_linear=0
shrinkage=0.252688


Tree=729
num_leaves=5
num_cat=0
split_feature=12 7 23 7
split_gain=0.125045 0.122725 0.597963 0.155908
threshold=-0.84207814931869496 -0.97743287682533253 0.66424211859703075 -0.49102786183357233
decision_type=2 2 2 2
left_child=-1 2 -2 -3
right_child=1 3 -4 -5
leaf_value=0.082734327450717154 -0.040454589281193304 0.018888846963447021 0.17020945670143586 -0.002503205109744497
leaf_weight=1.1563705340959121 11.519644019484982 26.635862449125852 0.92923728376627046 118.67088744281523
leaf_count=18 194 325 6 1531
internal_value=-3.77512e-05 -0.000644766 -0.0247231 0.00141817
internal_weight=158.912 157.756 12.4489 145.307
internal_count=2074 2056 200 1856
is_linear=0
shrinkage=0.252688


Tree=730
num_leaves=5
num_cat=0
split_feature=8 24 24 24
split_gain=0.119809 0.204467 0.236378 0.157664
threshold=13.693320751190187 3.24232029914856 3.8835343122482304 0.25995022058486944
decision_type=2 2 2 2
left_child=1 3 -3 -1
right_child=-2 2 -4 -5
leaf_value=-0.0047412391267026401 0.061466039384336021 -0.17756238013519959 -0.025180649560721288 0.011970637017283891
leaf_weight=115.42730238633158 1.9938345492118958 0.83615215891040806 2.914331856474746 52.412014825153165
leaf_count=1374 24 31 101 544
internal_value=-0.00011081 -0.000826514 -0.059174 0.000477474
internal_weight=173.584 171.59 3.75048 167.839
internal_count=2074 2050 132 1918
is_linear=0
shrinkage=0.252688


Tree=731
num_leaves=8
num_cat=0
split_feature=7 9 18 7 9 7 18
split_gain=0.138504 0.542237 0.856339 0.187786 0.778252 0.498 0.0491643
threshold=1.1844155192375185 -0.3619831502437591 -0.26234915852546686 0.4251160621643067 -0.47116719186305994 0.39636616408824926 0.19868271797895434
decision_type=2 2 2 2 2 2 2
left_child=3 6 -3 5 -5 -1 -2
right_child=1 2 -4 4 -6 -7 -8
leaf_value=-0.00062320150771248174 -0.10629305203332338 -0.10550408258390294 0.12274224369795914 0.10568660827818971 0.0014337397838625665 -0.11300887153473074 -0.18677212134150614
leaf_weight=117.67845505761943 0.95510448468849041 2.0040576101164334 2.2024850631132713 5.4551668434869489 28.229255979604204 2.5720481951721004 0.99052123352885246
leaf_count=1466 19 26 20 73 431 32 7
internal_value=0.000157636 -0.0370192 0.0140025 0.00164358 0.0183188 -0.00302753 -0.147305
internal_weight=160.087 6.15217 4.20654 153.935 33.6844 120.251 1.94563
internal_count=2074 72 46 2002 504 1498 26
is_linear=0
shrinkage=0.252688


Tree=732
num_leaves=7
num_cat=0
split_feature=1 3 20 5 20 6
split_gain=0.130688 0.271644 0.12843 0.590548 0.358849 0.000432596
threshold=1.1476124525070193 0.7259158492088319 -0.41433502733707422 0.2458029240369797 -0.35664084553718561 -1.0000000180025095e-35
decision_type=2 2 2 2 2 2
left_child=2 5 3 -1 -4 -2
right_child=1 -3 4 -5 -6 -7
leaf_value=0.0085521533126212239 -0.17196755619024351 0.052794781199284005 -0.077217033819543313 0.18760605611488315 -2.0503058114420471e-06 -0.18758303892091799
leaf_weight=23.273544660696647 0.42299149487109844 0.56717389822006226 3.9608223413815713 1.238209607079624 128.6981906448782 0.3266574703156937
leaf_count=373 33 3 62 12 1587 4
internal_value=0.000132839 -0.0791243 0.00079715 0.017601 -0.00230778 -0.178901
internal_weight=158.488 1.31682 157.171 24.5118 132.659 0.749649
internal_count=2074 40 2034 385 1649 37
is_linear=0
shrinkage=0.252688


Tree=733
num_leaves=6
num_cat=0
split_feature=9 9 15 9 5
split_gain=0.130907 0.280938 0.510424 0.168687 0.15265
threshold=1.6908938288688662 1.7930300831794741 0.79290100932121288 1.6389029622077944 -1.4517830610275266
decision_type=2 2 2 2 2
left_child=3 -2 -3 4 -1
right_child=1 2 -4 -5 -6
leaf_value=-0.052115338448890457 0.096391228366251663 -0.040623109839347388 0.13716958489838679 -0.092326175904892255 0.00017392207528817063
leaf_weight=3.6459332709782748 2.7771178632974607 4.6196320739309158 1.3266840411597511 1.3010889110155393 159.26669868761383
leaf_count=86 16 84 20 16 1852
internal_value=-0.000117961 0.0300447 -0.000946845 -0.00172037 -0.000996452
internal_weight=172.937 8.72343 5.94632 164.214 162.913
internal_count=2074 120 104 1954 1938
is_linear=0
shrinkage=0.252688


Tree=734
num_leaves=7
num_cat=0
split_feature=2 18 20 3 2 21
split_gain=0.171883 0.370943 0.40001 0.171647 0.538457 0.537847
threshold=-1.436538517475128 0.63391864299774181 -0.28891076147556299 0.061182133853435523 0.14697373658418658 -0.89470788836479176
decision_type=2 2 2 2 2 2
left_child=1 2 -1 5 -5 -2
right_child=3 -3 -4 4 -6 -7
leaf_value=0.19974539302387542 0.11816565475416707 -0.15292477820330777 -0.028236366009530899 0.0062632582689160195 -0.043825416464775883 0.0059747335309773327
leaf_weight=0.52988477097824205 2.8265213388949624 1.4156726049259303 6.6815458954370097 50.925267420127057 18.748482755734585 78.213659495724642
leaf_count=6 31 18 147 622 227 1023
internal_value=-4.09236e-06 -0.0346911 -0.011471 0.00198155 -0.00721529 0.00988849
internal_weight=159.341 8.6271 7.21143 150.714 69.6738 81.0402
internal_count=2074 171 153 1903 849 1054
is_linear=0
shrinkage=0.252688


Tree=735
num_leaves=8
num_cat=0
split_feature=4 3 12 12 21 12 8
split_gain=0.132787 0.313819 0.590479 0.524298 0.295915 0.676573 0.389197
threshold=-0.28098995983600611 0.46910926699638372 0.38322597742080694 0.34538115561008459 0.78667768836021434 0.03851046413183213 -0.87833279371261586
decision_type=2 2 2 2 2 2 2
left_child=4 3 -3 -2 6 -6 -1
right_child=1 2 -4 -5 5 -7 -8
leaf_value=0.10911788204049958 -0.0099850188184724097 0.064754129130901658 -0.0099945889069273097 -0.094957906277716247 0.13267716723900169 -0.0063535175492921746 -0.0020152190444233829
leaf_weight=2.0838141185231498 52.334773868271441 9.9499306804500538 20.965092682221439 5.0866429481829973 3.77494197222404 5.4770205513819974 58.061196788214147
leaf_count=35 742 103 262 98 44 101 689
internal_value=3.61318e-05 -0.00646215 0.0140638 -0.0175131 0.0083079 0.0503773 0.00183606
internal_weight=157.733 88.3364 30.915 57.4214 69.397 9.25196 60.145
internal_count=2074 1205 365 840 869 145 724
is_linear=0
shrinkage=0.252688


Tree=736
num_leaves=7
num_cat=0
split_feature=8 8 8 12 7 17
split_gain=0.122476 0.600523 0.593514 0.392464 0.305779 0.237314
threshold=-0.10454804822802542 -0.12033709883689879 -0.090913552790880189 0.05006398260593415 -0.55358958244323719 -0.26358215510845179
decision_type=2 2 2 2 2 2
left_child=1 3 5 -1 -4 -2
right_child=2 -3 4 -5 -6 -7
leaf_value=-0.013551639481016226 -0.19994087671896271 0.10107999399688343 0.046910791310813299 0.029540920766667093 -0.0061395686534176427 -0.028100391304357635
leaf_weight=36.830815107081435 1.365712578292005 4.2083606254309407 7.4533915350330053 21.297706379365991 100.12399257047218 0.8221539817750444
leaf_count=487 25 24 58 350 1123 7
internal_value=-3.40398e-05 0.00891084 -0.00511397 0.00223714 -0.0024638 -0.13539
internal_weight=172.102 62.3369 109.765 58.1285 107.577 2.18787
internal_count=2074 861 1213 837 1181 32
is_linear=0
shrinkage=0.252688


Tree=737
num_leaves=5
num_cat=0
split_feature=18 20 20 2
split_gain=0.167175 0.179257 0.496379 0.402099
threshold=-0.7733260691165923 -0.19228717684745786 -0.15698746591806409 -0.5963471233844756
decision_type=2 2 2 2
left_child=-1 3 -3 -2
right_child=1 2 -4 -5
leaf_value=0.18841421586948925 -0.060009321201324788 0.065788597826567125 0.00045068743613583639 -0.0016485732895436293
leaf_weight=0.29959098994731803 9.4701001292560232 7.9956022666301569 103.80477557926497 36.941090813626943
leaf_count=4 116 88 1317 549
internal_value=9.95119e-07 -0.000356405 0.00512375 -0.0135575
internal_weight=158.511 158.212 111.8 46.4112
internal_count=2074 2070 1405 665
is_linear=0
shrinkage=0.252688


Tree=738
num_leaves=7
num_cat=0
split_feature=18 18 14 13 18 18
split_gain=0.118941 0.477463 0.495889 0.435878 0.258263 0.209791
threshold=0.50768378376960765 0.56421509385108959 0.71527773141860973 -0.73976600170135487 0.18825458735227588 0.54280999302864086
decision_type=2 2 2 2 2 2
left_child=3 5 -3 -1 -5 -2
right_child=1 2 -4 4 -6 -7
leaf_value=0.10879467067776827 -0.035755623179748959 -0.014597685829194447 0.068984371026228189 -0.004183701376581187 0.026398697411786586 -0.15911244938574981
leaf_weight=2.4861975552048525 1.6785747753456226 33.991279160233432 5.2291686793323597 89.655315437936224 21.947052015166264 1.8515006296802312
leaf_count=15 33 470 59 1220 261 16
internal_value=-9.76528e-05 -0.0114653 -0.00345308 0.00416198 0.00183053 -0.10047
internal_weight=156.839 42.7505 39.2204 114.089 111.602 3.53008
internal_count=2074 578 529 1496 1481 49
is_linear=0
shrinkage=0.252688


Tree=739
num_leaves=7
num_cat=0
split_feature=2 2 2 4 13 14
split_gain=0.119485 0.721942 0.496322 0.771698 0.482558 0.282421
threshold=-0.3753810822963714 -0.4101309180259704 -0.29848968982696528 3.5567975044250493 0.28947366774082189 -0.13194442912936208
decision_type=2 2 2 2 2 2
left_child=1 5 4 -4 -2 -1
right_child=2 -3 3 -5 -6 -7
leaf_value=0.028252188585584002 0.10418751503848543 -0.18440303394151022 0.0020644800872630337 -0.20610443851861598 -0.018809247960082782 -0.014869441989164825
leaf_weight=12.620896563108543 5.8839402757585031 1.4683588389307249 105.15129841383896 1.1489643934182812 3.1145632823463529 41.866001679154579
leaf_count=152 44 24 1325 16 36 477
internal_value=-1.25681e-05 -0.00959358 0.00463717 -0.000186549 0.0616171 -0.0048809
internal_weight=171.254 55.9553 115.299 106.3 8.9985 54.4869
internal_count=2074 653 1421 1341 80 629
is_linear=0
shrinkage=0.252688


Tree=740
num_leaves=8
num_cat=0
split_feature=10 10 2 10 21 4 14
split_gain=0.125618 0.803093 0.618493 0.550242 0.955228 0.508193 0.432137
threshold=-0.23569827526807782 -0.29600925743579859 0.6389577090740205 -0.19407338649034497 -0.33733201026916498 0.45893442630767828 0.28472222387790685
decision_type=2 2 2 2 2 2 2
left_child=1 5 -3 4 -2 -1 -5
right_child=3 2 -4 6 -6 -7 -8
leaf_value=0.008711229948197766 0.22088688368115503 -0.13924741622269074 0.047451792348958577 -0.012654642414777647 -0.0044985828871037092 -0.072327519236221327 0.023168498639616002
leaf_weight=50.875671493820846 2.032598942052573 4.7492439765483132 1.4875677116215227 54.860739890842524 2.9323487896472207 5.4719069772399953 35.358577793907898
leaf_count=623 21 55 17 753 43 86 476
internal_value=0.000110728 -0.00868249 -0.0947165 0.00589237 0.0877853 0.000840937 0.00138513
internal_weight=157.769 62.5844 6.23681 95.1843 4.96495 56.3476 90.2193
internal_count=2074 781 72 1293 64 709 1229
is_linear=0
shrinkage=0.252688


Tree=741
num_leaves=7
num_cat=0
split_feature=17 6 10 6 5 1
split_gain=0.119745 0.861769 0.513987 0.448877 0.533506 0.339104
threshold=0.30519227683544164 -0.62363234162330616 -0.5455229878425597 0.40481397509574896 0.56825745105743419 0.63373014330863964
decision_type=2 2 2 2 2 2
left_child=3 -2 -3 4 -1 -5
right_child=1 2 -4 5 -6 -7
leaf_value=-0.0079009336347688613 -0.18816286943133448 0.061558748867360034 -0.0135477734761528 0.15207392896619479 0.037893731666746304 -0.036914255307730688
leaf_weight=76.743828039494986 1.6776488996110845 6.6358347788191159 47.171997911369544 2.2115489477291699 20.603983574546874 0.83481731940992165
leaf_count=1037 25 96 631 33 240 12
internal_value=-0.000425546 -0.00984621 -0.00428475 0.00478104 0.0017918 0.100286
internal_weight=155.88 55.4855 53.8078 100.394 97.3478 3.04637
internal_count=2074 752 727 1322 1277 45
is_linear=0
shrinkage=0.252688


Tree=742
num_leaves=7
num_cat=0
split_feature=24 5 5 24 2 2
split_gain=0.114744 0.494813 0.999101 0.407898 0.393927 0.268547
threshold=-1.4892950654029844 -0.2185852378606796 0.34189043939113622 -1.4057702422142027 -0.69091585278511036 0.59311631321907055
decision_type=2 2 2 2 2 2
left_child=1 4 -3 -2 -1 -5
right_child=3 2 -4 5 -6 -7
leaf_value=-0.18399945594396966 0.10564417199431347 -0.15452429005600241 0.047860728937825156 0.0042862569243860083 0.026400583463056102 -0.031174897937741915
leaf_weight=0.60215605609119016 2.4028635621070853 3.9269655156531362 2.5806378111010417 135.50849120164639 9.9272075295903051 15.161035127559442
leaf_count=16 16 67 28 1504 182 261
internal_value=0.000175877 -0.0194953 -0.0742694 0.00236535 0.0143594 0.000717892
internal_weight=170.109 17.037 6.5076 153.072 10.5294 150.67
internal_count=2074 293 95 1781 198 1765
is_linear=0
shrinkage=0.252688


Tree=743
num_leaves=8
num_cat=0
split_feature=3 2 20 7 19 14 20
split_gain=0.146832 0.798979 0.542015 0.48483 0.650612 0.623679 0.393329
threshold=0.16430275887250903 0.4820783138275147 0.16195746511220935 -0.10937428101897238 0.46456113457679754 0.9513889253139497 -0.1795387268066406
decision_type=2 2 2 2 2 2 2
left_child=3 6 -3 4 -1 -5 -2
right_child=1 2 -4 5 -6 -7 -8
leaf_value=0.0014991577328684108 -0.094881538130808796 -0.17277340130779986 0.00026843898790037459 0.023908375430915643 -0.096276325686879521 0.17314822592444054 0.0036921236931516236
leaf_weight=60.386111055035144 2.7111954838037482 3.0453432053327552 1.86252199485898 26.955872047636152 4.6818230176577336 1.914494523545726 55.158790393252275
leaf_count=822 30 31 33 331 59 30 738
internal_value=0.000232359 -0.009229 -0.107111 0.0065553 -0.00553677 0.033808 -0.00092683
internal_weight=156.716 62.7779 4.90787 93.9383 65.0679 28.8704 57.87
internal_count=2074 832 64 1242 881 361 768
is_linear=0
shrinkage=0.252688


Tree=744
num_leaves=8
num_cat=0
split_feature=9 14 18 9 9 8 8
split_gain=0.125239 0.419667 0.404502 0.347247 0.697261 0.451552 0.189605
threshold=-0.63508242368698109 0.72916659712791454 0.59055975079536449 -0.61259722709655751 -0.58497241139411915 0.15553361177444461 0.31704416871070867
decision_type=2 2 2 2 2 2 2
left_child=1 2 -1 5 -5 -2 -3
right_child=3 6 -4 4 -6 -7 -8
leaf_value=0.014686234676779814 -0.15935319276232601 0.042956410311371887 -0.12812524576787837 0.141811529221122 -0.0033982893382783963 0.016721843654731533 0.17711189656225557
leaf_weight=17.222597992426024 2.0374296223162669 1.3281945791095489 1.3663527970202256 2.1464760871604076 127.35113430078547 1.710418385453522 1.363405756652355
leaf_count=248 20 13 18 32 1717 12 14
internal_value=-0.000310572 0.0176898 0.00418568 -0.00318547 -0.000990798 -0.0790058 0.110934
internal_weight=154.526 21.2806 18.589 133.245 129.498 3.74785 2.6916
internal_count=2074 293 266 1781 1749 32 27
is_linear=0
shrinkage=0.252688


Tree=745
num_leaves=8
num_cat=0
split_feature=5 8 17 6 13 5 12
split_gain=0.113924 0.580478 1.15445 0.607065 0.397306 0.49979 0.478879
threshold=0.27780885994434362 0.12194845080375673 -0.35330398380756373 1.218818247318268 -0.9795321226119994 0.10359199345111848 0.73379042744636547
decision_type=2 2 2 2 2 2 2
left_child=4 2 -2 -3 6 -6 -1
right_child=1 3 -4 -5 5 -7 -8
leaf_value=-0.18258221383673712 0.01840118844146767 0.01458425335808497 -0.10588532252596214 -0.1140421049377796 -0.00060105796090076434 0.046392070156904087 0.1335244177584507
leaf_weight=1.3895174561475858 9.3331026665400731 42.336775728967041 9.7635248081714945 2.4795621106750323 85.633673314951011 17.383705395506695 0.39196074008577841
leaf_count=59 87 456 141 60 1121 147 3
internal_value=0.000154882 -0.00825327 -0.0451438 0.00746643 0.00528273 0.007329 -0.113013
internal_weight=168.712 63.913 19.0966 44.8163 104.799 103.017 1.78148
internal_count=2074 744 228 516 1330 1268 62
is_linear=0
shrinkage=0.252688


Tree=746
num_leaves=8
num_cat=0
split_feature=3 3 22 21 11 12 1
split_gain=0.139103 0.49181 0.712499 0.490981 0.298803 0.807466 0.630116
threshold=0.27273608744144445 0.33304715156555181 0.93180191516876232 -0.74996778368949879 -0.64071163535118092 0.31670129299163824 -1.2067079544067381
decision_type=2 2 2 2 2 2 2
left_child=4 2 -2 -3 5 -1 -6
right_child=1 3 -4 -5 6 -7 -8
leaf_value=0.11399428049814941 -0.14522151709708514 -0.10773741169331441 0.086726904137374869 0.0038143543343403096 0.15696080376865559 -0.0015573047192940039 -0.0036307820225600779
leaf_weight=5.6597761432640281 3.5106870057061306 2.6783383598085484 1.113463209941983 42.295563761828816 1.5882674350868899 12.149563429760745 86.279987411740876
leaf_count=82 38 26 18 614 35 161 1100
internal_value=0.000140779 -0.0108989 -0.0893661 -0.00283006 0.00532213 0.035167 -0.000727058
internal_weight=155.276 49.5981 4.62415 44.9739 105.678 17.8093 87.8683
internal_count=2074 696 56 640 1378 243 1135
is_linear=0
shrinkage=0.252688


Tree=747
num_leaves=7
num_cat=0
split_feature=5 3 18 5 18 21
split_gain=0.122198 0.498041 0.548888 0.305007 0.605426 0.362433
threshold=0.97422510385513317 -0.90157526731491078 0.68441271781921398 0.7154299020767213 1.861690402030945 0.20094672590494159
decision_type=2 2 2 2 2 2
left_child=3 -2 -3 4 -1 -5
right_child=1 2 -4 5 -6 -7
leaf_value=0.00059264259858145393 -0.19628743089810299 -0.027476630337202643 0.11133638756752606 -0.029851826529927714 -0.18176167299851306 0.073641103599756702
leaf_weight=124.36963797301723 0.96764156850986438 14.248555153753843 2.084438460180535 3.0396749461069685 1.1729522465923299 7.4682890052208677
leaf_count=1669 9 217 30 34 45 70
internal_value=-0.000194025 -0.0201965 -0.00975802 0.00234962 -0.00111185 0.0437032
internal_weight=153.351 17.3006 16.333 136.051 125.543 10.508
internal_count=2074 256 247 1818 1714 104
is_linear=0
shrinkage=0.252688


Tree=748
num_leaves=8
num_cat=0
split_feature=9 11 16 23 24 17 24
split_gain=0.0954408 0.217872 0.736717 0.447226 0.199226 0.612332 0.306691
threshold=1.6908938288688662 0.10853197053074838 1.0929128527641299 0.012600203510373833 -0.60204792022705067 0.23881457746028903 -0.54126161336898793
decision_type=2 2 2 2 2 2 2
left_child=4 3 -3 -2 5 -1 -6
right_child=1 2 -4 -5 6 -7 -8
leaf_value=-0.098826582967713045 0.0082872850359411512 -0.20297918587840602 0.04424455675124473 0.18690409833963828 0.087057308151524612 -0.00088429704149390101 0.00066950281404854427
leaf_weight=5.2547494634054628 2.6318735570530394 0.99996001459658135 3.3351238656468922 1.3558484464883802 2.6765094907023004 18.160761718638241 132.4671777031399
leaf_count=106 59 22 34 5 23 313 1512
internal_value=3.68969e-05 0.0264119 -0.0127992 0.0690351 -0.00134761 -0.0228656 0.00238075
internal_weight=166.882 8.32281 4.33508 3.98772 158.559 23.4155 135.144
internal_count=2074 120 56 64 1954 419 1535
is_linear=0
shrinkage=0.252688


Tree=749
num_leaves=6
num_cat=0
split_feature=2 1 1 2 5
split_gain=0.149013 0.359799 0.307298 0.257713 0.161732
threshold=-1.3444033861160276 -0.16029764711856839 -0.21816782653331754 -1.2917930483818052 -1.9094588160514829
decision_type=2 2 2 2 2
left_child=1 2 -1 -2 -5
right_child=3 -3 -4 4 -6
leaf_value=-0.026146680132293074 0.10813376908713641 -0.1758200295412963 0.13920056309415754 -0.095935050902134805 0.0020537753255983355
leaf_weight=9.8028717554407176 1.4561169417574991 0.95672451343852927 0.77385225053876538 1.0833184584043909 139.69308689896206
leaf_count=170 16 20 15 44 1809
internal_value=0.000153448 -0.0274698 -0.0140425 0.00239349 0.00129935
internal_weight=153.766 11.5334 10.5767 142.233 140.776
internal_count=2074 205 185 1869 1853
is_linear=0
shrinkage=0.252688


Tree=750
num_leaves=6
num_cat=0
split_feature=1 9 2 19 23
split_gain=0.133463 0.507853 0.125499 0.135309 5.97552e-05
threshold=1.1476124525070193 -0.12320292368531226 0.87709650397300731 -0.61432471871376026 -0.25488057732582087
decision_type=2 2 2 2 2
left_child=2 -2 3 -1 -3
right_child=1 4 -4 -5 -6
leaf_value=-0.017272534964405083 0.19717781193371245 -0.17191491793782909 0.088275009387054862 0.0032597277843883551 -0.1820072577549384
leaf_weight=24.483564782320173 0.30696427077054977 0.32018719534750062 1.0328523013740767 125.74565257308132 0.58757722005247959
leaf_count=427 2 29 11 1596 9
internal_value=-0.000152977 -0.0835581 0.000517098 -8.65518e-05 -0.178551
internal_weight=152.477 1.21473 151.262 150.229 0.907764
internal_count=2074 40 2034 2023 38
is_linear=0
shrinkage=0.252688


Tree=751
num_leaves=7
num_cat=0
split_feature=5 17 14 0 9 14
split_gain=0.118597 0.505605 0.267762 0.448426 0.2606 0.196775
threshold=1.9462294578552248 1.2320468425750735 -1.5208333134651182 1.0000000180025095e-35 1.3486014604568484 -1.1736111044883726
decision_type=2 2 2 2 2 2
left_child=2 4 3 -1 -2 -4
right_child=1 -3 5 -5 -6 -7
leaf_value=-0.010678924931930598 -0.041827852775743135 -0.18567609090893036 -0.04183808386116826 0.14127648490461867 0.10597054646051383 0.0013869846324279611
leaf_weight=2.70920053863665 2.2194550299900579 1.1402317571919409 7.0412193713709703 2.2859475480508991 1.1591095402836797 149.30644513623702
leaf_count=33 32 20 115 15 12 1847
internal_value=0.000149384 -0.0402232 0.00128025 0.0588683 0.00888668 -0.000559811
internal_weight=165.862 4.5188 161.343 4.99515 3.37856 156.348
internal_count=2074 64 2010 48 44 1962
is_linear=0
shrinkage=0.252688


Tree=752
num_leaves=5
num_cat=0
split_feature=20 15 18 23
split_gain=0.128786 0.198904 0.485209 0.300114
threshold=13.386305809020998 4.6590611934661874 0.10318327322602273 1.950252413749695
decision_type=2 2 2 2
left_child=1 3 -3 -1
right_child=-2 2 -4 -5
leaf_value=-0.0018572059219214877 0.067121180544337536 -0.14774803404643114 0.10518007873719298 0.058975981621974483
leaf_weight=143.38754150466048 1.8026673630811263 1.6575272832997137 0.68365562612598285 5.3716142433695486
leaf_count=1874 24 44 19 113
internal_value=-9.48537e-06 -0.000810613 -0.0738821 0.000339641
internal_weight=152.903 151.1 2.34118 148.759
internal_count=2074 2050 63 1987
is_linear=0
shrinkage=0.252688


Tree=753
num_leaves=5
num_cat=0
split_feature=21 7 21 7
split_gain=0.106727 0.106448 0.603134 0.252424
threshold=-1.0743215084075926 -0.88328832387924183 0.1441668123006821 -0.83967038989067067
decision_type=2 2 2 2
left_child=-1 2 -2 -3
right_child=1 3 -4 -5
leaf_value=0.078592082455922779 -0.096096719399985597 0.095491911701103466 0.010736615574122838 0.00031270214033185864
leaf_weight=1.0894877947866906 4.7316648107953396 1.802857708535156 11.75750447437167 132.4632994198094
leaf_count=9 94 23 174 1774
internal_value=-0.000192328 -0.000761974 -0.0199219 0.0015911
internal_weight=151.845 150.755 16.4892 134.266
internal_count=2074 2065 268 1797
is_linear=0
shrinkage=0.252688


Tree=754
num_leaves=7
num_cat=0
split_feature=14 14 14 23 14 16
split_gain=0.0983365 0.577412 0.528123 1.09823 0.408455 0.338562
threshold=1.0624999403953554 1.1041667461395266 0.71527773141860973 0.041415803134441383 0.59027779102325451 -0.49674522876739496
decision_type=2 2 2 2 2 2
left_child=2 -2 4 -4 -1 -3
right_child=1 5 3 -5 -6 -7
leaf_value=-0.0011529660249648003 0.12284255587609728 -0.17868526869147019 0.040217504648426355 -0.15994781299503116 0.065632493150404883 0.0058858792505382621
leaf_weight=138.12596508799834 2.8115100958384565 0.67530462401918967 3.2042319048196068 3.8558241589053068 6.1051513357087961 10.392975113121791
leaf_count=1758 23 14 18 59 55 147
internal_value=0.000238538 0.020594 -0.00162898 -0.0691057 0.00167421 -0.00538315
internal_weight=165.171 13.8798 151.291 7.06006 144.231 11.0683
internal_count=2074 184 1890 77 1813 161
is_linear=0
shrinkage=0.252688


Tree=755
num_leaves=8
num_cat=0
split_feature=16 23 23 10 16 2 16
split_gain=0.112353 0.801755 0.729388 0.599052 0.366512 0.526578 0.251432
threshold=-0.7718600034713744 -0.36153110861778254 -0.4185280948877334 -0.73573341965675343 -0.58869811892509449 0.22431434690952304 -0.36184741556644434
decision_type=2 2 2 2 2 2 2
left_child=1 2 -1 -3 5 -2 -6
right_child=4 3 -4 -5 6 -7 -8
leaf_value=-0.038154080829293953 0.025685025965966547 -0.002680450825698618 0.17477690008995075 -0.18351594961594586 -0.024863107946045442 0.20392083277268966 0.0036715798867837908
leaf_weight=2.4090780364349484 6.2010196835035449 2.1893062610179186 1.7899818383157251 2.5110337985679489 23.931277628391399 1.2757328529842196 111.95625830197605
leaf_count=20 90 28 16 26 312 17 1565
internal_value=-6.69508e-05 -0.0276159 0.0526247 -0.0992971 0.00164325 0.0561092 -0.00135376
internal_weight=152.264 8.8994 4.19906 4.70034 143.364 7.47675 135.888
internal_count=2074 90 36 54 1984 107 1877
is_linear=0
shrinkage=0.252688


Tree=756
num_leaves=6
num_cat=0
split_feature=14 24 14 1 1
split_gain=0.118411 0.232032 0.207946 0.163106 0.110764
threshold=1.5902777910232546 -0.011084320954978464 1.5208333134651186 0.055458540096879012 1.1476124525070193
decision_type=2 2 2 2 2
left_child=2 -2 4 -3 -1
right_child=1 3 -4 -5 -6
leaf_value=0.00030119846391681048 0.025417370926953842 -0.18871450998332306 0.090549555540244533 -0.018644589935001565 -0.082481531992906518
leaf_weight=145.36818011439755 1.3248256344813856 0.8884513119701285 1.6265267860144366 0.60543309990316629 1.0388692285071659
leaf_count=1967 19 14 17 17 40
internal_value=-0.000265093 -0.0515651 0.000711882 -0.119821 -0.000286494
internal_weight=150.852 2.81871 148.034 1.49388 146.407
internal_count=2074 50 2024 31 2007
is_linear=0
shrinkage=0.252688


Tree=757
num_leaves=6
num_cat=0
split_feature=1 1 1 9 1
split_gain=0.103251 0.198133 0.134661 0.465339 0.390659
threshold=1.1476124525070193 1.1668737530708315 0.92750355601310741 0.26419423520565039 0.88081493973732006
decision_type=2 2 2 2 2
left_child=2 -2 4 -4 -1
right_child=1 -3 3 -5 -6
leaf_value=-0.00099220197067884618 0.10626557239459392 -0.060625243953297013 -0.18648104923650574 -0.0091718166852471569 0.074807228321264532
leaf_weight=148.60767837290769 1.4875213667401106 0.65335270859941363 1.0772535594005583 7.6774841858423315 4.4715637089684597
leaf_count=1826 16 24 44 132 32
internal_value=0.00020839 0.0553307 -0.000520984 -0.0309995 0.0012222
internal_weight=163.975 2.14087 161.834 8.75474 153.079
internal_count=2074 40 2034 176 1858
is_linear=0
shrinkage=0.252688


Tree=758
num_leaves=7
num_cat=0
split_feature=12 2 8 12 12 10
split_gain=0.110271 0.258655 0.380114 0.234761 0.304606 0.168422
threshold=-0.78999251127243031 0.7540804147720338 0.8733554780483247 -0.7517789602279662 -0.73461750149726857 0.4125457108020783
decision_type=2 2 2 2 2 2
left_child=1 2 -1 5 -5 -2
right_child=3 -3 -4 4 -6 -7
leaf_value=0.12354659189417336 0.028659110772212452 -0.16499040538723736 -0.13647209339541694 -0.10055410961250696 0.0010781019080508434 0.18398424402820157
leaf_weight=0.821585958823561 1.1302124834619451 0.85512942215427745 0.6367111150175333 1.9072148819686834 145.01830419073303 0.7357812002301215
leaf_count=26 24 17 11 27 1957 12
internal_value=3.85012e-05 -0.0546991 0.0100099 0.000889768 -0.000241516 0.0899409
internal_weight=151.105 2.31343 1.4583 148.792 146.926 1.86599
internal_count=2074 54 37 2020 1984 36
is_linear=0
shrinkage=0.252688


Tree=759
num_leaves=8
num_cat=0
split_feature=21 21 21 21 9 6 3
split_gain=0.103182 0.871836 0.511765 0.5095 0.308406 0.305076 0.185436
threshold=0.37071050703525549 0.44800242781639105 0.27444218099117285 0.24749143421649936 -0.52541542053222645 0.57986870408058178 0.30651064217090612
decision_type=2 2 2 2 2 2 2
left_child=2 6 3 -1 -4 -3 -2
right_child=1 5 4 -5 -6 -7 -8
leaf_value=0.0024673964042648921 -0.1434371086963761 0.017082708971872244 -0.07544072463136034 -0.13031650932377589 0.098367584068266359 -0.028287650765386346 -0.028397216433713696
leaf_weight=95.957818549024523 3.4569264072924843 27.533128293555706 0.74550859257578839 1.8807550269993942 5.1689497721381477 14.418132127906572 1.2074666535481808
leaf_count=1314 40 389 11 16 69 219 16
internal_value=-0.000159078 -0.0100341 0.00427774 -8.57899e-05 0.0764543 0.00148928 -0.113664
internal_weight=150.369 46.6157 103.753 97.8386 5.91446 41.9513 4.66439
internal_count=2074 664 1410 1330 80 608 56
is_linear=0
shrinkage=0.252688


Tree=760
num_leaves=7
num_cat=0
split_feature=19 18 6 5 10 4
split_gain=0.103275 0.502501 0.547342 0.289936 0.783482 0.329613
threshold=1.0006890892982485 0.61690452694892894 -0.73304152488708485 0.40529616177082067 -0.41603393852710718 3.8190512657165532
decision_type=2 2 2 2 2 2
left_child=3 2 -2 5 -5 -1
right_child=1 -3 -4 4 -6 -7
leaf_value=0.0033407315415969301 -0.20536496306683968 0.15191006657524797 0.016621141328712757 -0.18734867167720776 -0.013063588912370904 0.1545472717436534
leaf_weight=110.3957653001562 0.75268393708392878 1.6456026462838043 12.139997026039053 1.7258473240071897 35.796295236272272 0.92773108888650213
leaf_count=1450 14 9 155 40 394 12
internal_value=0.000112404 0.0204398 0.00365344 -0.0018731 -0.0210825 0.00460157
internal_weight=163.384 14.5383 12.8927 148.846 37.5221 111.323
internal_count=2074 178 169 1896 434 1462
is_linear=0
shrinkage=0.252688


Tree=761
num_leaves=4
num_cat=0
split_feature=3 20 7
split_gain=0.115659 0.158646 0.145359
threshold=1.4814792275428774 13.386305809020998 1.1844155192375185
decision_type=2 2 2
left_child=1 2 -1
right_child=-2 -3 -4
leaf_value=0.0012153921364945991 -0.075295534863805164 0.08026126242774291 -0.045710593376588705
leaf_weight=143.29568210593607 1.289632977102882 1.5823039766401041 4.3420622224220997
leaf_count=1977 24 17 56
internal_value=3.69015e-05 0.000688235 -0.000164862
internal_weight=150.51 149.22 147.638
internal_count=2074 2050 2033
is_linear=0
shrinkage=0.252688


Tree=762
num_leaves=7
num_cat=0
split_feature=3 16 0 8 11 12
split_gain=0.105743 0.306738 0.387488 0.172698 0.409904 0.315449
threshold=1.3272922635078432 0.29207280278205877 -1.0000000180025095e-35 3.5369168519973759 1.0763259530067446 -0.44779244065284723
decision_type=2 2 2 2 2 2
left_child=3 -2 -3 4 -1 -5
right_child=1 2 -4 5 -6 -7
leaf_value=-0.00041416353894171775 0.17786329351609592 -0.099530991624634885 0.10729311225083998 0.11703447423044047 0.13944076613443399 -0.054128113193203431
leaf_weight=137.09493379043545 0.826162362354807 1.2186264335177843 1.0999676510691638 0.7607310190796851 1.350782086374237 7.0985530132893464
leaf_count=1883 13 26 9 12 19 112
internal_value=-0.000132123 0.0457097 -0.00140858 -0.00111764 0.000950885 -0.0375537
internal_weight=149.45 3.14476 2.31859 146.305 138.446 7.85928
internal_count=2074 48 35 2026 1902 124
is_linear=0
shrinkage=0.252688


Tree=763
num_leaves=8
num_cat=0
split_feature=24 24 22 10 19 21 24
split_gain=0.093865 0.846958 1.05996 0.520677 0.786724 0.598156 0.376024
threshold=0.096386861056089415 0.048917474225163467 -0.23371988534927365 -0.73573341965675343 0.066931977868080153 -0.43017455935478205 0.013969563879072668
decision_type=2 2 2 2 2 2 2
left_child=1 6 -3 4 -2 -5 -1
right_child=3 2 -4 5 -6 -7 -8
leaf_value=-0.0029470311839166338 -0.034686591098368635 -0.0089945764127007197 -0.21746820100840125 -0.074358219500978276 0.13789943905911439 0.007611449056074639 0.067855255021599975
leaf_weight=78.574867529556286 2.7376561271958044 3.8369849799200892 2.6205192149791392 6.29177163215354 4.3908745447406545 58.826781113282777 5.0998526266776016
leaf_count=1064 23 27 45 74 28 768 45
internal_value=2.94759e-06 -0.00543631 -0.0936063 0.00678873 0.0716213 -0.000308999 0.00136865
internal_weight=162.379 90.1322 6.4575 72.2471 7.12853 65.1186 83.6747
internal_count=2074 1181 72 893 51 842 1109
is_linear=0
shrinkage=0.252688


Tree=764
num_leaves=8
num_cat=0
split_feature=7 18 3 7 10 7 18
split_gain=0.106799 0.43941 0.288594 0.287273 0.633553 0.357091 0.267685
threshold=-0.91985094547271717 -0.054335882887244218 -0.90157526731491078 -0.49952119588851923 0.31953288614749914 -0.33539634943008417 0.26289786398410803
decision_type=2 2 2 2 2 2 2
left_child=1 2 -1 4 -2 -5 -3
right_child=3 6 -4 5 -6 -7 -8
leaf_value=0.19487672094010736 -0.0081147905295572871 -0.090552233935251886 0.016898122519196517 0.04099529159849491 -0.11901849811419868 -0.0022581341062818073 0.016625193973748231
leaf_weight=1.3797523458488288 17.771779832197357 1.7378774951212079 1.0057230079546577 13.880831147253046 4.0353766954503945 99.861844763277986 10.326788527192546
leaf_count=27 238 27 14 192 50 1349 177
internal_value=0.000128439 0.0207787 0.119861 -0.00207303 -0.0286398 0.00302054 0.00118322
internal_weight=150 14.4501 2.38548 135.55 21.8072 113.743 12.0647
internal_count=2074 245 41 1829 288 1541 204
is_linear=0
shrinkage=0.252688


Tree=765
num_leaves=5
num_cat=0
split_feature=11 8 4 20
split_gain=0.180176 0.114549 0.214205 0.127309
threshold=-1.3154522180557249 -3.2882738113403316 0.1988266929984093 -0.12538956105709073
decision_type=2 2 2 2
left_child=-1 2 -2 -3
right_child=1 3 -4 -5
leaf_value=-0.17170541627039571 0.036335179366858344 0.012148852127676061 -0.13396432385810883 -0.0038404925459086382
leaf_weight=0.38859957249951449 0.8266220740879352 46.732836713362587 1.0969171101532991 99.473733141014236
leaf_count=27 19 753 26 1249
internal_value=1.30933e-05 0.000464194 -0.0607892 0.00127029
internal_weight=148.519 148.13 1.92354 146.207
internal_count=2074 2047 45 2002
is_linear=0
shrinkage=0.252688


Tree=766
num_leaves=7
num_cat=0
split_feature=5 10 8 6 5 8
split_gain=0.114792 0.492638 0.361922 0.203321 0.203159 0.124128
threshold=1.9462294578552248 1.4586469531059267 2.6180793046951298 -1.0000000180025095e-35 1.8135564327239992 13.693320751190187
decision_type=2 2 2 2 2 2
left_child=4 2 -2 -3 5 -1
right_child=1 3 -4 -5 -6 -7
leaf_value=-0.00054939395315889265 -0.04501001761623924 -0.013079311076174979 0.16817063053840237 -0.18382432065657994 0.088462271273484758 0.079411988371419467
leaf_weight=153.94019005996597 1.2049813685007387 0.65334608609555322 0.87899627164006222 1.3986154892481861 1.6786262376699586 1.2491256215143938
leaf_count=1972 23 8 7 26 24 14
internal_value=-5.52375e-05 -0.0416056 0.0449261 -0.129477 0.0010404 9.44779e-05
internal_weight=161.004 4.13594 2.08398 2.05196 156.868 155.189
internal_count=2074 64 30 34 2010 1986
is_linear=0
shrinkage=0.252688


Tree=767
num_leaves=6
num_cat=0
split_feature=20 9 20 19 14
split_gain=0.11222 0.326706 0.130381 0.430919 0.137217
threshold=-3.4520778656005855 1.4384288191795351 -2.212331891059875 -1.3852701187133787 -0.38194441795349116
decision_type=2 2 2 2 2
left_child=1 -1 3 -2 -4
right_child=2 -3 4 -5 -6
leaf_value=0.16033332426541788 0.079930551004262843 -0.027136422972765816 0.014107221250898938 -0.15077680125909243 -0.0042474374362787134
leaf_weight=1.046366507012862 0.83919787500053677 1.3703979613346744 34.03666043409612 1.3445366278756399 110.22746308082242
leaf_count=16 15 20 547 30 1446
internal_value=4.66701e-05 0.0540475 -0.000844665 -0.0621186 8.30576e-05
internal_weight=148.865 2.41676 146.448 2.18373 144.264
internal_count=2074 36 2038 45 1993
is_linear=0
shrinkage=0.252688


Tree=768
num_leaves=6
num_cat=0
split_feature=4 6 19 4 5
split_gain=0.104688 0.623191 0.760623 0.220216 0.13981
threshold=-1.8424841761589048 0.18161923438310626 -0.1377754211425781 -1.8267351388931272 1.1196945905685427
decision_type=2 2 2 2 2
left_child=1 -1 -3 -2 -5
right_child=3 2 -4 4 -6
leaf_value=-0.18086643058826712 0.15555294404441589 -0.16155150224137863 0.10734926929722492 0.002930339896386983 -0.025445343581930187
leaf_weight=1.3593858865788195 0.58693218650296231 0.97325251647271249 2.1644350439310074 130.77834962269787 12.113470784213858
leaf_count=26 9 20 26 1779 214
internal_value=-3.04579e-05 -0.0379917 0.0239276 0.00115949 0.000524733
internal_weight=147.976 4.49707 3.13769 143.479 142.892
internal_count=2074 72 46 2002 1993
is_linear=0
shrinkage=0.252688


Tree=769
num_leaves=7
num_cat=0
split_feature=24 14 19 24 12 24
split_gain=0.0953344 0.580426 0.458694 0.295891 0.658122 0.193947
threshold=2.3228778839111333 0.24305555969476703 -0.43261592090129847 1.8908402323722842 -0.46447637677192682 0.9245545268058778
decision_type=2 2 2 2 2 2
left_child=3 2 -2 5 -5 -1
right_child=1 -3 -4 4 -6 -7
leaf_value=0.0018118003859280566 0.18266871387326775 -0.21506903416089418 -0.023690311179008862 -0.10858072471032029 0.13633703656977808 -0.037933434104883222
leaf_weight=139.80042854695421 0.76276591420173634 0.92477317896555167 6.9507957458845322 0.94685578811913762 2.6887970893876618 8.3045708926802018
leaf_count=1722 3 25 180 18 22 104
internal_value=-0.000138517 -0.0259586 -0.00327293 0.00133145 0.0725447 -0.00041692
internal_weight=160.379 8.63833 7.71356 151.741 3.63565 148.105
internal_count=2074 208 183 1866 40 1826
is_linear=0
shrinkage=0.252688


Tree=770
num_leaves=8
num_cat=0
split_feature=14 9 23 14 9 6 15
split_gain=0.117756 0.408577 0.466712 0.330237 0.404066 0.244537 0.212556
threshold=-1.381944417953491 0.74516552686691295 1.6735384464263918 -0.96527773141860951 -0.37201461195945734 0.16849014163017276 0.41981312632560736
decision_type=2 2 2 2 2 2 2
left_child=1 2 -1 4 -2 -5 -3
right_child=3 6 -4 5 -6 -7 -8
leaf_value=0.0569995862329436 -0.04449272552817049 -0.17931684468904269 -0.083280753189419313 0.0048644082171456163 0.062126490164503057 -0.020116192467307871 -0.040085356663440368
leaf_weight=4.2581106806173903 2.881214815657585 1.3668382316827776 2.3494493630714715 90.785984544792882 10.685322206001727 34.540148754909751 1.4355702959001062
leaf_count=56 39 12 30 1155 165 598 19
internal_value=0.000180197 -0.0271747 0.00711724 0.00203359 0.0394821 -0.00202034 -0.108015
internal_weight=148.303 9.40997 6.60756 138.893 13.5665 125.326 2.80241
internal_count=2074 117 86 1957 204 1753 31
is_linear=0
shrinkage=0.252688


Tree=771
num_leaves=5
num_cat=0
split_feature=11 10 0 10
split_gain=0.151758 0.119114 0.433741 0.310093
threshold=-1.3154522180557249 -0.63295421004295338 -1.0000000180025095e-35 -0.51504969596862782
decision_type=2 2 2 2
left_child=-1 2 -2 -3
right_child=1 3 -4 -5
leaf_value=-0.17113455533781788 0.079224367659077213 0.044406805103185232 -0.037225632502101071 -0.00085051897221137085
leaf_weight=0.3300921642803577 2.393586071557368 10.515059375844428 13.898165729362516 119.76080156182428
leaf_count=27 49 131 211 1656
internal_value=-0.000130646 0.000255086 -0.0201147 0.00280253
internal_weight=146.898 146.568 16.2918 130.276
internal_count=2074 2047 260 1787
is_linear=0
shrinkage=0.252688


Tree=772
num_leaves=6
num_cat=0
split_feature=2 2 2 20 11
split_gain=0.0901943 0.369601 0.241516 0.239533 0.172587
threshold=-1.9367952346801756 -1.8545773625373838 -1.6691988110542295 -0.24760868400335309 -1.1285312771797178
decision_type=2 2 2 2 2
left_child=3 -2 -3 -1 -5
right_child=1 2 -4 4 -6
leaf_value=0.066236721962390915 0.12730273405351389 -0.071984580366357867 0.00085173054705512796 -0.18126639676348327 -0.0061240382707738548
leaf_weight=0.74601073190569911 1.4570557288825501 2.9626966028008601 152.71344462078378 0.87322028330527257 0.61018555529881147
leaf_count=6 18 36 1975 24 15
internal_value=-6.49618e-05 0.000651159 -0.000534659 -0.0505273 -0.109252
internal_weight=159.363 157.133 155.676 2.22942 1.48341
internal_count=2074 2029 2011 45 39
is_linear=0
shrinkage=0.252688


Tree=773
num_leaves=5
num_cat=0
split_feature=18 20 14 21
split_gain=0.140048 0.127125 0.51526 0.456602
threshold=-0.7733260691165923 0.09490168467164041 1.118055582046509 -0.46076773107051844
decision_type=2 2 2 2
left_child=-1 2 -2 -3
right_child=1 3 -4 -5
leaf_value=0.18511213170260366 0.0020304505935207539 0.035166524432331793 0.099836294017972574 -0.019909246071589035
leaf_weight=0.26053556799888511 83.021783090247482 11.982170570641754 3.5873703900724641 48.56727464083815
leaf_count=4 1144 168 60 698
internal_value=0.000200418 -0.000127611 0.00608219 -0.00901003
internal_weight=147.419 147.159 86.6092 60.5494
internal_count=2074 2070 1204 866
is_linear=0
shrinkage=0.252688


Tree=774
num_leaves=8
num_cat=0
split_feature=2 8 10 10 17 16 17
split_gain=0.109266 0.35496 0.949 0.655815 0.246915 0.663279 0.423783
threshold=-0.89512509107589711 0.043848119676113136 -0.36252044141292566 0.66777423024177562 -0.31924152374267573 -0.35592114925384516 -0.31461144983768458
decision_type=2 2 2 2 2 2 2
left_child=1 3 -3 -1 5 -2 -6
right_child=4 2 -4 -5 6 -7 -8
leaf_value=0.0058796745097376571 0.0056431395285366746 0.20008571239164435 0.012154723478190433 -0.18252078951597947 0.097260304071822082 -0.082985420930849679 -0.0007576050175825621
leaf_weight=13.65277471796435 14.714504592629966 2.1465224195271722 8.540052578202447 1.2907905718311656 2.9025326999108065 8.5090481754450575 94.39733520916451
leaf_count=180 201 19 121 21 31 202 1299
internal_value=-0.000234714 0.0147475 0.049911 -0.0103997 -0.00342085 -0.0268312 0.00216685
internal_weight=146.154 25.6301 10.6866 14.9436 120.523 23.2236 97.2999
internal_count=2074 341 140 201 1733 403 1330
is_linear=0
shrinkage=0.252688


Tree=775
num_leaves=8
num_cat=0
split_feature=5 5 19 7 8 5 3
split_gain=0.101066 1.03106 0.517509 0.511706 0.461898 0.389023 0.383572
threshold=1.0000000180025095e-35 0.064621757715940489 0.32428127527236944 0.16019065678119662 -0.08239519968628882 -0.16723997145891187 -1.0704267024993894
decision_type=2 2 2 2 2 2 2
left_child=2 3 4 -2 -1 -4 -3
right_child=1 6 5 -5 -6 -7 -8
leaf_value=0.01165108929995296 -0.049783661365823489 0.087031423229295954 -0.026349843301868736 -0.2089427546972733 -0.037782419991354899 0.10710002632749509 -0.0024176724760554035
leaf_weight=50.183004208003695 3.2442466774373306 3.1873489176214198 1.9030258397106079 2.1410190120222978 15.89015332481358 5.2200087509118012 76.910939361994679
leaf_count=756 49 29 27 41 224 30 918
internal_value=-0.000152725 -0.00605376 0.00673889 -0.113075 -0.000237526 0.0714474 0.00114231
internal_weight=158.68 85.4836 73.1962 5.38527 66.0732 7.12303 80.0983
internal_count=2074 1037 1037 90 980 57 947
is_linear=0
shrinkage=0.252688


Tree=776
num_leaves=8
num_cat=0
split_feature=12 20 5 8 24 6 4
split_gain=0.116035 0.271202 0.706738 0.478706 0.257966 0.419087 0.327555
threshold=0.52186670899391185 0.088573046028614058 0.15196507424116137 0.23992525786161426 -5.1939418315887442 -0.54485777020454396 0.28049643337726599
decision_type=2 2 2 2 2 2 2
left_child=4 2 -2 -3 5 -1 -6
right_child=1 3 -4 -5 6 -7 -8
leaf_value=0.22338609824969652 -0.0010185096321908814 -0.083044626224278564 0.096464033735202528 0.01290836484214274 0.001744141784796135 0.010431112380555609 -0.031884846129624375
leaf_weight=0.81939888000488315 14.313945147723645 4.4137338916771141 7.1056243602215536 13.390233258018268 80.800765736101312 2.1049948535946887 23.982466586516239
leaf_count=5 208 55 112 193 1147 52 302
internal_value=0.000398418 0.0121655 0.0313214 -0.0108808 -0.00388678 0.07013 -0.00595287
internal_weight=146.931 39.2235 21.4196 17.804 107.708 2.92439 104.783
internal_count=2074 568 320 248 1506 57 1449
is_linear=0
shrinkage=0.252688


Tree=777
num_leaves=8
num_cat=0
split_feature=10 14 14 14 13 24 4
split_gain=0.107382 0.338982 0.294022 0.485495 0.357433 0.176928 0.164632
threshold=1.1780862212181094 -1.5486110448837278 1.0486110448837282 0.42361110448837286 -0.57017540931701649 -0.49288253486156458 3.586815714836121
decision_type=2 2 2 2 2 2 2
left_child=1 6 3 -2 -4 -3 -1
right_child=2 5 4 -5 -6 -7 -8
leaf_value=-0.1586993590595166 0.016114883121675638 0.016876812765105692 0.049556355736895326 0.18561817390305374 -0.1948891254531247 -0.0060171315688735041 -0.017261809180674294
leaf_weight=1.2970278020948165 15.409227318683412 27.716426625879592 0.68276961240917444 1.1596633512526739 0.86582697834819444 96.931240848804009 0.8833935442380606
leaf_count=14 235 431 16 13 16 1334 15
internal_value=-5.49016e-05 -0.00265443 0.0181421 0.0279841 -0.0871331 -0.000926415 -0.101415
internal_weight=144.946 126.828 18.1175 16.5689 1.5486 124.648 2.18042
internal_count=2074 1794 280 248 32 1765 29
is_linear=0
shrinkage=0.252688


Tree=778
num_leaves=8
num_cat=0
split_feature=7 7 9 3 4 10 3
split_gain=0.118781 0.497111 0.419968 0.177105 0.54238 0.154251 0.00348925
threshold=-1.2097107172012327 -1.3090813755989072 0.45539346337318426 -1.3743321299552915 -0.81985852122306813 0.29702255129814154 -1.5123966932296751
decision_type=2 2 2 2 2 2 2
left_child=1 2 -1 4 -2 -5 -3
right_child=3 6 -4 5 -6 -7 -8
leaf_value=-0.17416079196315828 -0.18434051706188875 -0.20810961834729513 0.044949331312493887 0.0056606877645371317 0.11910456351735439 -0.011511866509756887 -0.17777195866254489
leaf_weight=0.68553160020383108 0.45495951001066748 0.50224472509580664 3.0046478406293318 99.631570878787898 2.1583655684953547 50.239113796931633 0.5547177658881981
leaf_count=41 11 11 58 1248 39 650 16
internal_value=-0.000184067 -0.0395446 0.00422536 0.00104143 0.06625 -9.58454e-05 -0.192286
internal_weight=157.231 4.74714 3.69018 152.484 2.61333 149.871 1.05696
internal_count=2074 126 99 1948 50 1898 27
is_linear=0
shrinkage=0.252688


Tree=779
num_leaves=8
num_cat=0
split_feature=2 2 19 3 23 2 5
split_gain=0.11495 0.299787 0.364255 0.146467 0.374839 0.283269 0.0987967
threshold=-1.436538517475128 -1.586406350135803 1.0755758881568911 0.061182133853435523 -0.5509091019630431 0.14697373658418658 0.48972795903682714
decision_type=2 2 2 2 2 2 2
left_child=1 2 -1 4 -2 -5 -3
right_child=3 6 -4 5 -6 -7 -8
leaf_value=0.040340306768733923 0.19080445077176564 -0.13029384516563527 -0.12539194341157145 0.0030893974484140683 0.0077654714578393406 -0.035188325306463639 -0.01869404471847054
leaf_weight=4.037517479257076 0.72084096446633239 1.8776358088944101 1.07090677897213 46.999455706682056 73.70037929438331 16.741260063718073 0.69385218038223673
leaf_count=97 14 31 29 622 1040 227 14
internal_value=0.000253014 -0.0298354 0.00558731 0.00192563 0.00953974 -0.00696429 -0.100192
internal_weight=145.842 7.67991 5.10842 138.162 74.4212 63.7407 2.57149
internal_count=2074 171 126 1903 1054 849 45
is_linear=0
shrinkage=0.252688


Tree=780
num_leaves=8
num_cat=0
split_feature=22 22 18 20 20 0 23
split_gain=0.111019 0.893226 0.487667 0.449886 0.553037 0.293601 0.20309
threshold=-0.077384583652019487 -0.042105251923203461 -0.50987932085990895 0.26446793973445898 0.19727240502834323 1.0000000180025095e-35 -0.14971785247325894
decision_type=2 2 2 2 2 2 2
left_child=3 2 -2 4 -1 -5 -3
right_child=1 6 -4 5 -6 -7 -8
leaf_value=0.0098595442057406151 0.053195448608182816 0.040893559487579487 -0.17655213594022276 -0.16618243345748959 0.18669699618783375 0.014011435918079613 -0.0040552422241143917
leaf_weight=52.11810179479653 0.74369389563798938 6.9955570780313669 2.8483694852329782 1.5074579300126054 1.1536928263376456 0.9354065132793038 77.718349811173539
leaf_count=767 4 77 84 24 19 14 1085
internal_value=-4.10441e-06 -0.00557674 -0.128984 0.00882829 0.0136911 -0.097195 -0.000343184
internal_weight=144.021 88.306 3.59206 55.7147 53.2718 2.44286 84.7139
internal_count=2074 1250 88 824 786 38 1162
is_linear=0
shrinkage=0.252688


Tree=781
num_leaves=7
num_cat=0
split_feature=17 17 21 11 24 10
split_gain=0.111716 0.416023 0.240562 0.190668 0.588808 0.166502
threshold=-0.36382216215133661 -0.36623810231685633 -0.87871292233467091 -0.8651103377342223 -0.2793892621994018 -0.42472364008426661
decision_type=2 2 2 2 2 2
left_child=1 2 -1 4 -2 -5
right_child=3 -3 -4 5 -6 -7
leaf_value=0.0880529344908067 -0.086690582851404296 -0.19232672541726614 -0.024088023513211623 -0.014765419884506368 0.072227604608772353 0.0049555185378789592
leaf_weight=1.3881625272333611 1.8993884960073044 0.86397725099231948 10.14020814897958 38.060962409188505 6.8772892086999473 97.004283091773686
leaf_count=9 19 18 162 453 41 1372
internal_value=-0.000239901 -0.0232601 -0.0105813 0.00174342 0.0378323 -0.000601806
internal_weight=156.234 12.3923 11.5284 143.842 8.77668 135.065
internal_count=2074 189 171 1885 60 1825
is_linear=0
shrinkage=0.252688


Tree=782
num_leaves=8
num_cat=0
split_feature=11 3 19 10 8 23 10
split_gain=0.114685 0.418943 0.591271 0.26263 0.253532 0.501214 0.267394
threshold=0.42075046896934515 0.0065974122844636449 -0.16619767993688581 -0.58754032850265492 1.0415720343589785 0.31597398221492773 1.6527493596076968
decision_type=2 2 2 2 2 2 2
left_child=4 3 -3 -2 6 -6 -1
right_child=1 2 -4 -5 5 -7 -8
leaf_value=-0.0016298910521499556 0.014498329727265944 -0.090194244709338886 0.019580502409123707 0.14756661701710058 -0.0090598966409611292 -0.16723251216770804 0.11841940576708837
leaf_weight=109.88502501342555 1.6306768829235809 3.7179925129748943 19.893641104223203 2.2588825699785984 4.7465034975321023 1.7506040987791491 1.197063524276017
leaf_count=1473 24 59 324 53 68 37 36
internal_value=0.000262429 0.0149523 0.00229319 0.0917884 -0.00317349 -0.0516888 -0.000335624
internal_weight=145.08 27.5012 23.6116 3.88956 117.579 6.49711 111.082
internal_count=2074 460 383 77 1614 105 1509
is_linear=0
shrinkage=0.252688


Tree=783
num_leaves=7
num_cat=0
split_feature=10 20 1 4 10 11
split_gain=0.111227 0.440314 0.540377 0.323175 0.28393 0.184331
threshold=-0.63295421004295338 -0.23018270730972287 0.52546739578247081 -0.69371965527534474 -0.6134158968925475 -0.45636689662933344
decision_type=2 2 2 2 2 2
left_child=1 3 -3 -1 -2 -6
right_child=4 2 -4 -5 5 -7
leaf_value=0.095940360702368749 0.12287105379411541 -0.072930957716401845 0.10724824109111875 -0.024346351472374309 0.01428231906922172 -0.0059393009718809401
leaf_weight=2.8689754315419123 1.2366395602002729 8.959033294930121 1.2053764413576562 2.8350028302520505 44.572778735120664 81.248179614269247
leaf_count=34 16 157 29 41 638 1159
internal_value=-8.23314e-05 -0.0200285 -0.0515593 0.0361583 0.00240883 0.00122434
internal_weight=142.926 15.8684 10.1644 5.70398 127.058 125.821
internal_count=2074 261 186 75 1813 1797
is_linear=0
shrinkage=0.252688


Tree=784
num_leaves=8
num_cat=0
split_feature=21 1 1 21 4 21 8
split_gain=0.0982872 0.60839 0.49373 0.335801 0.849567 0.624275 0.323342
threshold=-0.23081218451261518 -1.2067079544067381 -1.9924083948135374 -0.022723059169948098 0.51685747504234325 -0.0099115101620554907 -0.31670975685119623
decision_type=2 2 2 2 2 2 2
left_child=1 2 -1 4 -2 -5 -3
right_child=3 6 -4 5 -6 -7 -8
leaf_value=0.0043284255254008117 -0.012209149273434673 -0.050848172205380182 -0.19067784479364808 0.1228054974598643 -0.15995952193493254 -0.0021365973963542615 0.019163768839378304
leaf_weight=1.5880437760497446 15.675250606465854 4.5685395016334942 1.7338467251101963 2.6465575901092953 2.9525283302646121 72.184960861557556 53.895753642253112
leaf_count=35 213 95 54 16 51 1053 557
internal_value=-0.000104461 0.00771517 -0.097468 -0.00527407 -0.0356317 0.00228303 0.0136924
internal_weight=155.245 61.7862 3.32189 93.4593 18.6278 74.8315 58.4643
internal_count=2074 741 89 1333 264 1069 652
is_linear=0
shrinkage=0.252688


Tree=785
num_leaves=7
num_cat=0
split_feature=7 20 6 2 14 7
split_gain=0.0973179 0.491457 0.740162 0.374643 0.311996 0.360851
threshold=-0.037073919549584382 0.34205235540866857 0.76586437225341808 0.24499902874231341 1.2986111640930178 0.074072781950235381
decision_type=2 2 2 2 2 2
left_child=1 3 -3 -1 5 -2
right_child=4 2 -4 -5 -6 -7
leaf_value=-0.014838519235040081 0.053456071056960673 -0.17730484800979235 -0.010010786064520239 0.025250979140727062 0.13843504786370284 -0.0019365160303316759
leaf_weight=38.253363975905813 8.5053437763708626 2.5798257737769736 4.8865960609400645 24.363372593885288 1.128181904554366 64.085117866736255
leaf_count=475 101 64 73 393 24 944
internal_value=0.000194614 -0.00654722 -0.0678235 0.000759852 0.00660399 0.00455409
internal_weight=143.802 70.0832 7.46642 62.6167 73.7186 72.5905
internal_count=2074 1005 137 868 1069 1045
is_linear=0
shrinkage=0.252688


Tree=786
num_leaves=6
num_cat=0
split_feature=19 5 10 10 10
split_gain=0.100558 0.169253 0.143922 0.373951 0.260771
threshold=1.4818525314331057 1.4802483320236208 1.1780862212181094 0.70323345065116893 1.2437337040901186
decision_type=2 2 2 2 2
left_child=2 -2 3 -1 -4
right_child=1 -3 4 -5 -6
leaf_value=0.0024807476927000932 0.033393918597507066 -0.17517652237107367 0.12017818000509221 -0.04230057487493398 0.012427150554358848
leaf_weight=110.68701879776614 0.45768587850034126 0.54242927208542824 1.5839489572681511 13.341302973898676 15.115435853163943
leaf_count=1624 13 15 14 165 243
internal_value=6.12315e-05 -0.0797591 0.000628801 -0.00233637 0.022651
internal_weight=141.728 1.00012 140.728 124.028 16.6994
internal_count=2074 28 2046 1789 257
is_linear=0
shrinkage=0.252688


Tree=787
num_leaves=5
num_cat=0
split_feature=6 0 8 6
split_gain=0.125023 0.092849 0.834323 0.368137
threshold=1.3807439208030703 1.0000000180025095e-35 -0.42947210371494288 1.218818247318268
decision_type=2 2 2 2
left_child=1 3 -3 -1
right_child=-2 2 -4 -5
leaf_value=0.0072772292366601434 0.070138679026909817 -0.19136280750750068 -0.0041006394129554542 -0.053735665013491751
leaf_weight=96.248645181711254 1.5914780753664661 1.5685448725707818 47.754787218029378 6.7572494458290739
leaf_count=1362 15 42 524 131
internal_value=-0.000306226 -0.00104246 -0.0100578 0.00327448
internal_weight=153.921 152.329 49.3233 103.006
internal_count=2074 2059 566 1493
is_linear=0
shrinkage=0.252688


Tree=788
num_leaves=7
num_cat=0
split_feature=12 2 2 11 2 19
split_gain=0.121239 0.226214 0.3547 0.311267 0.16778 0.392106
threshold=-0.78999251127243031 0.77070844173431408 0.74126946926116954 0.26551257073879247 0.7540804147720338 -0.27349731326103205
decision_type=2 2 2 2 2 2
left_child=4 2 -2 -3 5 -1
right_child=1 3 -4 -5 -6 -7
leaf_value=0.1770902299128255 0.0014612194642253749 0.19188902089762389 -0.088786402886853133 0.018203646980736236 -0.16042927268285762 -0.10897717020854206
leaf_weight=0.47168669104576122 134.48001203926833 0.91485227254634027 2.8389093317091456 2.3513019140809774 0.70601314492523659 0.8683244660496704
leaf_count=18 1927 30 35 28 17 19
internal_value=0.000269611 0.00115849 -0.00040487 0.0668766 -0.0607902 -0.00824972
internal_weight=142.631 140.585 137.319 3.26615 2.04602 1.34001
internal_count=2074 2020 1962 58 54 37
is_linear=0
shrinkage=0.252688


Tree=789
num_leaves=7
num_cat=0
split_feature=10 3 20 10 6 10
split_gain=0.105704 0.77612 0.458054 0.232506 0.604288 0.197899
threshold=-0.34037704765796656 0.6481609344482423 -1.2918391227722166 -0.22670632600784299 0.25164114683866506 -0.20586539804935453
decision_type=2 2 2 2 2 2
left_child=1 2 -1 4 -2 -5
right_child=3 -3 -4 5 -6 -7
leaf_value=0.08344763972844646 0.0011304713971226482 -0.18558582879867655 -0.011973386138513306 -0.075738894645144217 0.11783045769982274 0.0016830110587982166
leaf_weight=3.5135384644381693 9.7130227651214209 1.5557181537151326 37.387551069696201 2.1625612119678399 3.9993554975371799 82.879733837918195
leaf_count=41 100 18 586 32 52 1245
internal_value=0.000104161 -0.0104396 -0.0037754 0.00463721 0.0351705 -0.000286211
internal_weight=141.211 42.4568 40.9011 98.7547 13.7124 85.0423
internal_count=2074 645 627 1429 152 1277
is_linear=0
shrinkage=0.252688


Tree=790
num_leaves=8
num_cat=0
split_feature=13 1 13 13 19 13 1
split_gain=0.107631 0.498061 0.382062 0.271281 0.742475 0.222023 0.0946852
threshold=1.1725144386291506 -0.031696058809757226 1.3654969334602358 1.0847952365875246 -0.87550038099288929 1.0730993151664736 -0.0082102289889007789
decision_type=2 2 2 2 2 2 2
left_child=3 2 -2 5 -5 -1 -3
right_child=1 6 -4 4 -6 -7 -8
leaf_value=-0.00077524770369175196 -0.18097318349039537 0.18007042417178351 0.049140396806251666 0.15171120534333538 -0.16313477603030396 0.1144220001202363 0.07061118307651007
leaf_weight=145.7818891177576 0.82757591921836171 1.0608955165371301 1.0379862522240726 0.63997757434845004 1.8878969391807903 1.0756329521536816 0.96407433284912158
leaf_count=1949 30 7 12 4 41 11 20
internal_value=-0.000263326 0.0412259 -0.0529611 -0.00134401 -0.0834102 6.8894e-05 0.12799
internal_weight=153.276 3.89053 1.86556 149.385 2.52787 146.858 2.02497
internal_count=2074 69 42 2005 45 1960 27
is_linear=0
shrinkage=0.252688


Tree=791
num_leaves=8
num_cat=0
split_feature=4 21 21 21 4 1 15
split_gain=0.112082 0.599057 0.557939 0.447187 0.409001 0.348027 0.280369
threshold=0.26983371376991278 0.66828027367591869 0.52361974120140087 0.84526246786117565 0.24860394746065143 -0.21816782653331754 0.4781330823898316
decision_type=2 2 2 2 2 2 2
left_child=4 2 -2 -3 6 -6 -1
right_child=1 3 -4 -5 5 -7 -8
leaf_value=-0.0027817907759404266 -0.01829073390381836 0.17842963631706216 -0.18251832698423584 0.023883426967336127 -0.02870404258868316 0.1764085017759652 0.038822700849554144
leaf_weight=83.013712527266762 34.823783568688668 1.4344124712515602 1.3724434552714218 7.1653389724961016 0.7900404138490561 1.5923014767467965 11.813646342634454
leaf_count=1164 453 26 14 147 10 22 238
internal_value=0.000180636 -0.010277 -0.0245203 0.0496708 0.00499973 0.108397 0.00240149
internal_weight=142.006 44.796 36.1962 8.59975 97.2097 2.38234 94.8274
internal_count=2074 640 467 173 1434 32 1402
is_linear=0
shrinkage=0.252688


Tree=792
num_leaves=6
num_cat=0
split_feature=6 16 6 6 9
split_gain=0.118406 0.555114 0.261681 0.284839 0.0772835
threshold=1.3544857501983645 -0.25133478641510004 1.3282274603843691 1.3107219934463503 -0.38146258890628809
decision_type=2 2 2 2 2
left_child=2 -2 3 -1 -4
right_child=1 -3 4 -5 -6
leaf_value=0.0011874013463071787 0.05139637872347412 -0.18410071599488081 0.18346722650109862 -0.11666530823942071 0.059952818427385951
leaf_weight=134.85292895128094 1.4354112010914835 1.151290452107786 0.56710042059421539 1.3217599410563696 0.75393458676990011
leaf_count=1988 19 18 8 22 19
internal_value=0.000121259 -0.0534344 0.00112901 4.30228e-05 0.113029
internal_weight=140.082 2.5867 137.496 136.175 1.32104
internal_count=2074 37 2037 2010 27
is_linear=0
shrinkage=0.252688


Tree=793
num_leaves=8
num_cat=0
split_feature=6 1 21 1 6 0 7
split_gain=0.114374 0.358398 0.372431 0.286203 0.252658 0.969376 0.509171
threshold=1.1575492024421694 -0.031696058809757226 -0.29624165594577784 -0.0082102289889007789 0.85557988286018383 1.0000000180025095e-35 1.3499619960784914
decision_type=2 2 2 2 2 2 2
left_child=4 2 -2 -3 6 -6 -1
right_child=1 3 -4 -5 5 -7 -8
leaf_value=-0.00092422068159674292 -0.11273623168035797 0.13888219419838949 0.013335830313731756 0.028501351121675018 -0.0047939659928295398 -0.18325806482984874 0.14397407344164914
leaf_weight=120.93510706437155 1.9102090733358625 2.1657167718512937 6.8950806705397545 4.8772451019613063 11.410351524405995 2.3418087997706598 1.5680361039703701
leaf_count=1566 37 15 116 85 209 39 7
internal_value=-0.000351519 0.0199654 -0.0140191 0.0624516 -0.00271471 -0.03519 0.000931074
internal_weight=152.104 15.8483 8.80529 7.04296 136.255 13.7522 122.503
internal_count=2074 253 153 100 1821 248 1573
is_linear=0
shrinkage=0.252688


Tree=794
num_leaves=4
num_cat=0
split_feature=18 3 8
split_gain=0.108628 0.102768 0.118632
threshold=-0.7733260691165923 1.4814792275428774 9.7020187377929705
decision_type=2 2 2
left_child=-1 2 -2
right_child=1 -3 -4
leaf_value=0.18143249444109219 -0.00034146252561096524 -0.074247112367237397 0.057348860792507776
leaf_weight=0.21046523936092754 137.22591821376955 1.1802232690679364 2.3138209213502696
leaf_count=4 2004 24 42
internal_value=0.000258849 -1.27898e-05 0.000615351
internal_weight=140.93 140.72 139.54
internal_count=2074 2070 2046
is_linear=0
shrinkage=0.252688


Tree=795
num_leaves=7
num_cat=0
split_feature=5 5 17 2 3 3
split_gain=0.111911 0.48823 0.450032 0.703645 0.385576 0.31563
threshold=-0.15675833821296689 -0.1440228074789047 1.2503048181533816 -0.1592392101883888 -0.065278876572847352 -0.83383920788764943
decision_type=2 2 2 2 2 2
left_child=2 -2 4 -4 -1 -3
right_child=1 5 3 -5 -6 -7
leaf_value=-0.014486211552355124 0.13997192679782494 -0.04506338958513658 0.065183782681600438 -0.1198619604398506 0.037506263925518889 0.0079314033158356511
leaf_weight=32.922745584879408 1.6948116146377277 7.9064901314559384 1.7917870522360315 4.897492114785563 12.58975787629606 77.614817545220149
leaf_count=567 16 108 30 84 180 1089
internal_value=0.000154974 0.00569366 -0.00909872 -0.0702943 -0.000103652 0.00303174
internal_weight=139.418 87.2161 52.2018 6.68928 45.5125 85.5213
internal_count=2074 1213 861 114 747 1197
is_linear=0
shrinkage=0.252688


Tree=796
num_leaves=7
num_cat=0
split_feature=12 9 23 12 24 5
split_gain=0.121663 0.383488 0.508137 0.267558 0.934739 0.134641
threshold=-0.46992701292037958 -0.64599213004112233 -0.34444694221019739 -0.41263267397880549 1.3027558922767641 -1.2504738569259641
decision_type=2 2 2 2 2 2
left_child=1 -1 -3 4 -2 -5
right_child=3 2 -4 5 -6 -7
leaf_value=0.10626081911779653 -0.17220659708680006 0.1334466977228928 -0.0083584164140239076 0.034774494217771533 0.065218304697552007 -0.0030467462752561503
leaf_weight=2.6991558092413497 2.3529526663478455 1.7754539027810157 17.633877694082909 6.3305029102775725 1.9242277771700171 118.51674963546066
leaf_count=18 49 6 301 105 23 1572
internal_value=-0.000292347 0.0170281 0.00461631 -0.00325799 -0.0653981 -0.00112883
internal_weight=151.233 22.1085 19.4093 129.124 4.27718 124.847
internal_count=2074 325 307 1749 72 1677
is_linear=0
shrinkage=0.252688


Tree=797
num_leaves=8
num_cat=0
split_feature=2 2 5 6 3 6 14
split_gain=0.105216 0.229738 0.201226 0.120041 0.75404 0.276395 0.064145
threshold=-1.436538517475128 -1.586406350135803 -0.42714437842369074 -0.11159736663103102 -0.79904896020889271 -0.048140022903680794 0.71527773141860973
decision_type=2 2 2 2 2 2 2
left_child=1 2 -1 4 -2 -5 -3
right_child=3 6 -4 5 -6 -7 -8
leaf_value=-0.10224083483036492 0.19658030239684321 -0.12820695753191763 0.027245596412176085 -0.066973634629993894 0.006650066054357355 -0.00040494948404731155 -0.041729816956801814
leaf_weight=0.95437648508232076 1.3780892031372776 1.4297806129325175 3.8794558115623659 4.1757780006155363 41.87328045887989 85.830964874301571 0.88876982312649477
leaf_count=30 28 31 96 34 574 1267 14
internal_value=0.000160992 -0.0296949 0.00167154 0.00176357 0.012704 -0.00349373 -0.0950753
internal_weight=140.41 7.15238 4.83383 133.258 43.2514 90.0067 2.31855
internal_count=2074 171 126 1903 602 1301 45
is_linear=0
shrinkage=0.252688


Tree=798
num_leaves=4
num_cat=0
split_feature=24 8 3
split_gain=0.123252 0.128784 0.170774
threshold=10.188266754150392 11.880712509155275 1.3272922635078432
decision_type=2 2 2
left_child=1 2 -1
right_child=-2 -3 -4
leaf_value=-0.00087797986619612218 0.093443313490189639 -0.10083782710941355 0.07894884542953487
leaf_weight=134.99351580316781 0.89774950896389683 0.81080594484228541 1.7326093656010915
leaf_count=2001 24 22 27
internal_value=0.000147583 -0.000461736 0.000133886
internal_weight=138.435 137.537 136.726
internal_count=2074 2050 2028
is_linear=0
shrinkage=0.252688


Tree=799
num_leaves=8
num_cat=0
split_feature=9 1 9 5 9 12 9
split_gain=0.088312 0.661101 0.469006 0.221847 0.151714 0.311922 0.214542
threshold=-0.87094116210937489 -0.37359261512756342 -0.99418321251869191 -0.68839234113693226 -0.78947457671165455 0.8954543173313142 -0.72513332962989796
decision_type=2 2 2 2 2 2 2
left_child=1 3 -3 -1 5 -2 -6
right_child=4 2 -4 -5 6 -7 -8
leaf_value=0.16087159260294379 0.0048734150088185768 0.0012397696987323217 -0.20512636294503755 0.00178246038641556 -0.058002184412774549 0.14227042246424698 0.0010559247074953713
leaf_weight=0.95771334413439069 3.7942219604738048 1.258693910087459 1.5927248562220473 1.3456942314514888 4.0440430509624994 1.4608674496412275 135.74568878760874
leaf_count=7 48 17 29 28 54 6 1885
internal_value=-0.000223343 -0.0327232 -0.114047 0.067951 0.000931791 0.0430793 -0.000652798
internal_weight=150.2 5.15483 2.85142 2.30341 145.045 5.25509 139.79
internal_count=2074 81 46 35 1993 54 1939
is_linear=0
shrinkage=0.252688


Tree=800
num_leaves=8
num_cat=0
split_feature=20 14 7 6 20 3 20
split_gain=0.109073 0.498133 0.439539 0.405942 0.353038 1.56761 0.520111
threshold=-0.19228717684745786 -0.38194441795349116 -0.077340144664049135 0.64113783836364757 -0.15698746591806409 0.20186398923397067 -0.13610044121742246
decision_type=2 2 2 2 2 2 2
left_child=1 3 -3 -1 5 -2 -6
right_child=4 2 -4 -5 6 -7 -8
leaf_value=0.19829034532054066 0.17287020213520479 -0.014222487119716888 -0.12398681300583722 0.025945077044980783 -0.095071681500887698 -0.062663486163333587 0.0042116426891017165
leaf_weight=1.0760051938705135 3.7130083101801565 32.8793392512016 2.5065100854935727 4.6086748416928458 3.5030715612228951 3.5089036909630522 87.752141518998542
leaf_count=27 58 474 46 122 40 30 1277
internal_value=9.39753e-05 -0.0108451 -0.0219993 0.0585825 0.00465623 0.0584353 0.000399848
internal_weight=139.548 41.0705 35.3858 5.68468 98.4771 7.22191 91.2552
internal_count=2074 669 520 149 1405 88 1317
is_linear=0
shrinkage=0.252688


Tree=801
num_leaves=7
num_cat=0
split_feature=21 16 13 8 3 21
split_gain=0.114073 0.59532 0.540543 0.549422 0.423305 0.265372
threshold=-0.18326192349195478 -0.60224580764770497 -0.92690050601959217 0.098393481224775328 1.1265262365341189 -0.10353004559874533
decision_type=2 2 2 2 2 2
left_child=2 -2 3 -1 -4 -3
right_child=1 5 4 -5 -6 -7
leaf_value=0.0087433975933477962 -0.19716638475165163 0.057936102910283935 0.00079338976855511205 -0.19659401978099333 -0.16977992013158361 0.0039474895992891385
leaf_weight=1.4771767333149903 0.91257403464987774 6.2804511821595943 48.376481828468968 1.9043832536553962 0.94662578776478667 78.068386243607307
leaf_count=12 19 94 743 45 5 1156
internal_value=5.82654e-05 0.00577091 -0.00918313 -0.106908 -0.00248207 0.00796773
internal_weight=137.966 85.2614 52.7047 3.38156 49.3231 84.3488
internal_count=2074 1269 805 57 748 1250
is_linear=0
shrinkage=0.252688


Tree=802
num_leaves=7
num_cat=0
split_feature=10 10 6 19 5 19
split_gain=0.0940726 0.465441 0.575388 0.424179 0.438136 0.327391
threshold=-0.24402727186679837 -0.18891716003417966 -1.0000000180025095e-35 0.81756398081779491 0.39581681787967687 -0.78349384665489186
decision_type=2 2 2 2 2 2
left_child=3 2 -2 4 -1 -3
right_child=1 5 -4 -5 -6 -7
leaf_value=0.0085366622895819682 -0.19318114035834175 -0.05330396890644213 -0.006603509435664027 0.1021260418604493 -0.076312371274483995 0.0035975123339970719
leaf_weight=56.435278618329903 1.8465820223209446 7.0716200746155655 2.4623544599162406 2.8686528602847821 4.1726375870057373 74.149369820486754
leaf_count=677 40 227 40 21 75 994
internal_value=-0.000181076 -0.00565074 -0.086575 0.00718885 0.00269447 -0.00135699
internal_weight=149.006 85.5299 4.30894 63.4766 60.6079 81.221
internal_count=2074 1301 80 773 752 1221
is_linear=0
shrinkage=0.252688


Tree=803
num_leaves=8
num_cat=0
split_feature=6 11 1 2 3 1 4
split_gain=0.107038 0.433637 0.377458 0.193126 0.153512 0.735491 0.425126
threshold=-0.78118157386779774 0.11597556620836259 -1.1301626563072202 -1.3620882034301756 0.6481609344482423 -0.44101281464099878 1.62702351808548
decision_type=2 2 2 2 2 2 2
left_child=1 3 -3 -1 6 -6 -2
right_child=4 2 -4 -5 5 -7 -8
leaf_value=-0.030252675359542191 0.0030000199878672975 0.04747624762465627 -0.14893566278697676 0.14351637792616342 0.018080625695098572 -0.084435393074630632 0.12520478781526961
leaf_weight=0.7292681881226597 112.5427247691805 0.87126137129962478 2.2055080342106521 0.92709364846814335 12.218860697394122 7.0441797453968311 1.8469587241997931
leaf_count=11 1633 16 19 24 205 120 46
internal_value=0.000136875 -0.0372051 -0.0933178 0.0670227 0.00145944 -0.019409 0.00497374
internal_weight=138.386 4.73313 3.07677 1.65636 133.653 19.263 114.39
internal_count=2074 70 35 35 2004 325 1679
is_linear=0
shrinkage=0.252688


Tree=804
num_leaves=7
num_cat=0
split_feature=1 1 15 16 24 18
split_gain=0.0954781 0.599032 0.578081 0.483827 0.451765 0.307371
threshold=0.36152698099613195 0.3097051084041596 -0.32819473743438715 -0.7147640287876128 -1.6855663061141966 1.10702520608902
decision_type=2 2 2 2 2 2
left_child=1 5 -3 -2 -5 -1
right_child=3 2 -4 4 -6 -7
leaf_value=-0.0031987911987192358 0.18732384036404928 0.039088377826731482 -0.18839677483382769 0.10606616052199461 -0.0010688449118812042 0.086992327341515158
leaf_weight=88.531185707513941 0.95858452655374904 1.0736115862382578 2.1235790930222711 2.6849769173763596 39.157014142255093 2.4797713020088841
leaf_count=1338 11 21 35 65 556 48
internal_value=-2.16095e-05 -0.00451779 -0.112013 0.00987481 0.00580717 -0.000740852
internal_weight=137.009 94.2081 3.19719 42.8006 41.842 91.011
internal_count=2074 1442 56 632 621 1386
is_linear=0
shrinkage=0.252688


Tree=805
num_leaves=8
num_cat=0
split_feature=24 9 24 24 2 14 15
split_gain=0.0880643 0.943693 0.416055 0.203012 0.889424 0.179112 0.145438
threshold=2.3228778839111333 1.2128003835678103 4.5174303054809579 1.8908402323722842 0.042338978499174125 -1.7291666269302366 0.19589745998382571
decision_type=2 2 2 2 2 2 2
left_child=3 2 -2 5 -5 -1 -3
right_child=1 6 -4 4 -6 -7 -8
leaf_value=0.095943811904126319 -0.19534168018835765 0.0057873707284221802 -0.035555408751713764 0.16672381318512525 -0.11442261454477129 -0.0008518118055366728 0.10996066688480303
leaf_weight=1.2311669075861562 1.8889289032085788 1.4090087730437519 2.3164525463653263 1.9901838600635522 1.123759760870598 135.80256412412928 2.1790377001743764
leaf_count=15 79 11 90 9 31 1811 28
internal_value=1.42064e-05 -0.0261286 -0.107342 0.00146808 0.0652611 1.81959e-05 0.0690596
internal_weight=147.941 7.79343 4.20538 140.148 3.11394 137.034 3.58805
internal_count=2074 208 169 1866 40 1826 39
is_linear=0
shrinkage=0.252688


Tree=806
num_leaves=8
num_cat=0
split_feature=19 22 3 13 3 23 2
split_gain=0.0940716 0.565752 0.900191 0.804339 0.328846 0.697084 0.497173
threshold=-0.38992404937744135 -0.16603654623031613 -0.31257510185241694 -0.37134498357772822 -0.91226875782012928 -0.48258787393569941 0.49905665218830114
decision_type=2 2 2 2 2 2 2
left_child=1 2 -1 -3 5 -2 -6
right_child=4 3 -4 -5 6 -7 -8
leaf_value=0.17150142425041026 -0.031288050195371106 0.047130203832374991 0.0012334940783662984 -0.043161643187923524 9.7267837671823453e-07 0.12442020000857042 -0.050480951080358383
leaf_weight=3.2939348621293902 3.6185646615922451 10.552631888018368 4.9790029079886136 15.628706354342285 80.76284133802983 3.7253907725680611 14.727880831866058
leaf_count=57 36 152 70 335 1163 75 186
internal_value=6.24623e-06 0.0114335 0.0690338 -0.00676841 -0.00382242 0.0477016 -0.00778526
internal_weight=137.289 34.4543 8.27294 26.1813 102.835 7.34396 95.4907
internal_count=2074 614 127 487 1460 111 1349
is_linear=0
shrinkage=0.252688


Tree=807
num_leaves=7
num_cat=0
split_feature=13 18 3 24 13 6
split_gain=0.110253 0.459286 0.378714 0.257607 0.141831 0.143046
threshold=-1.0204677581787107 1.1311745047569277 0.70221230387687694 0.82618567347526561 -1.002923935651779 -0.78993430733680714
decision_type=2 2 2 2 2 2
left_child=1 3 -3 -1 -2 -6
right_child=4 2 -4 -5 5 -7
leaf_value=-0.18165839336100345 0.090126444084997565 -0.061800692630958116 0.12281078798701615 -0.0036960860083207021 0.094259741416807444 -0.00028077245044032375
leaf_weight=1.5079416348598891 1.1360901162520054 1.4028808927978391 1.4345339462161062 0.79212926514446724 1.0295911307912309 128.10097425472202
leaf_count=39 18 59 10 5 21 1922
internal_value=-0.000176328 -0.0364826 0.0315398 -0.120385 0.00125566 0.000473395
internal_weight=135.404 5.13749 2.83741 2.30007 130.267 129.131
internal_count=2074 113 69 44 1961 1943
is_linear=0
shrinkage=0.252688


Tree=808
num_leaves=6
num_cat=0
split_feature=24 13 9 15 24
split_gain=0.0928468 0.340163 0.357892 0.186335 0.161766
threshold=-1.8564782142639158 -0.57602334022521962 1.7466874718666079 5.3473856449127206 -1.6855663061141966
decision_type=2 2 2 2 2
left_child=1 -1 -3 4 -2
right_child=3 2 -4 -5 -6
leaf_value=-0.18098827064570383 0.085822250014480114 -0.027691526675526476 0.1266392426126644 0.11231697924001834 -0.00012151634505476359
leaf_weight=0.80519382503189163 1.4126060225535173 8.331391568441175 1.0837671690533159 0.96256959007587184 133.95273903871202
leaf_count=23 16 209 13 11 1802
internal_value=-0.000177832 -0.0234065 -0.00992045 0.00156367 0.000775672
internal_weight=146.548 10.2204 9.41516 136.328 135.365
internal_count=2074 245 222 1829 1818
is_linear=0
shrinkage=0.252688


Tree=809
num_leaves=5
num_cat=0
split_feature=20 12 17 11
split_gain=0.124657 0.139902 0.250057 0.112057
threshold=-3.7129387855529781 -0.78999251127243031 0.61498391628265392 0.42075046896934515
decision_type=2 2 2 2
left_child=-1 2 -2 -3
right_child=1 3 -4 -5
leaf_value=0.11655260677192582 0.065785802890787615 -0.0026967837975335699 -0.13932998993155843 0.016179430378288263
leaf_weight=0.58656051778962037 0.56545370863750477 108.8520344873923 1.1518040928058324 24.622345027513802
leaf_count=18 18 1574 34 430
internal_value=0.00036779 -0.000136748 -0.0717898 0.000785397
internal_weight=135.778 135.192 1.71726 133.474
internal_count=2074 2056 52 2004
is_linear=0
shrinkage=0.252688


Tree=810
num_leaves=5
num_cat=0
split_feature=24 23 2 23
split_gain=0.0974689 0.117085 0.300632 0.228306
threshold=10.188266754150392 1.9316909313201907 -0.098888970911502824 1.784934997558594
decision_type=2 2 2 2
left_child=1 3 -3 -1
right_child=-2 2 -4 -5
leaf_value=-0.00013239350393260757 0.084858182575431776 0.0049068554858087803 -0.09007677676217074 0.079152340890843206
leaf_weight=122.12443871889576 0.85544843366369505 6.1696253101690672 3.2470967042027024 2.3633889537304631
leaf_count=1826 24 92 92 40
internal_value=-0.00013861 -0.000681954 -0.0278487 0.00137314
internal_weight=134.76 133.905 9.41672 124.488
internal_count=2074 2050 184 1866
is_linear=0
shrinkage=0.252688


Tree=811
num_leaves=7
num_cat=0
split_feature=12 7 21 12 24 5
split_gain=0.105506 0.353026 0.640768 0.207361 0.741205 0.137046
threshold=-0.46992701292037958 0.79470866918563854 0.93788829445838939 -0.41263267397880549 1.3027558922767641 1.9462294578552248
decision_type=2 2 2 2 2 2
left_child=1 2 -1 4 -2 -5
right_child=3 -3 -4 5 -6 -7
leaf_value=0.026498026753922471 -0.1658594571793591 0.15798737294353704 -0.10647250769316741 0.00021460526522763926 0.058671853156623148 -0.056602914502403748
leaf_weight=17.4511078511132 2.0142770067322995 1.0669489596039046 2.6671655433601691 118.32004120474994 1.7573351908358743 2.7736640457878812
leaf_count=230 49 7 88 1620 23 57
internal_value=-0.000106976 0.0163811 0.00886715 -0.00290449 -0.061248 -0.00108704
internal_weight=146.051 21.1852 20.1183 124.865 3.77161 121.094
internal_count=2074 325 318 1749 72 1677
is_linear=0
shrinkage=0.252688


Tree=812
num_leaves=7
num_cat=0
split_feature=6 11 5 3 20 12
split_gain=0.0969036 0.3292 0.417052 0.141851 0.539049 0.36897
threshold=-0.78118157386779774 0.13094136863946917 -0.64765453338623036 0.27273608744144445 -0.038409654051065438 -0.26151189208030695
decision_type=2 2 2 2 2 2
left_child=1 2 -1 5 -5 -2
right_child=3 -3 -4 4 -6 -7
leaf_value=-0.13553087762522492 -0.015498144011480773 -0.16883456614022185 0.057813217381317568 -0.080784463636460552 0.0010370885824645406 0.01892360289973288
leaf_weight=1.0169522231444719 30.115401603456121 0.94411518750712264 2.3749225698411456 5.9899661271047071 36.261261898762314 58.520915287686876
leaf_count=9 486 15 46 98 579 841
internal_value=0.000253687 -0.0369089 -0.000166897 0.00148495 -0.0105636 0.00722831
internal_weight=135.224 4.33599 3.39187 130.888 42.2512 88.6363
internal_count=2074 70 55 2004 677 1327
is_linear=0
shrinkage=0.252688


Tree=813
num_leaves=7
num_cat=0
split_feature=1 23 20 4 13 13
split_gain=0.0963276 0.265704 0.425806 0.180788 0.167371 0.353909
threshold=1.0480016469955447 0.22940944880247119 -1.6888294816017149 0.44195719063282018 -1.06725138425827 -1.0380115509033201
decision_type=2 2 2 2 2 2
left_child=4 3 -3 -2 -1 -6
right_child=1 2 -4 -5 5 -7
leaf_value=0.10457361516479885 -0.053109028211020391 -0.10592819229460657 0.14476334345782471 -0.22392590544997182 -0.1223148693323383 0.0019873017174781319
leaf_weight=0.99477400071918864 2.7867979584688665 0.72430019080638874 1.0726447514025492 0.46068891417235125 1.4790949398884539 126.56376947830722
leaf_count=21 88 13 23 4 33 1892
internal_value=1.4072e-05 -0.0342393 0.0437141 -0.077374 0.00135327 0.000550908
internal_weight=134.082 5.04443 1.79694 3.24749 129.038 128.043
internal_count=2074 128 36 92 1946 1925
is_linear=0
shrinkage=0.252688


Tree=814
num_leaves=8
num_cat=0
split_feature=13 9 20 13 7 13 9
split_gain=0.0943002 0.27058 0.270765 0.232376 0.644885 0.170769 0.139137
threshold=1.1725144386291506 0.35111430287361151 -0.15698746591806409 1.0847952365875246 -0.4450050145387649 1.0730993151664736 0.42473621666431433
decision_type=2 2 2 2 2 2 2
left_child=3 2 -2 5 -5 -1 -3
right_child=1 6 -4 4 -6 -7 -8
leaf_value=-0.00071459847687373971 -0.03674908399561206 -0.2024750835497918 0.13691156743232244 0.092499838667084597 -0.19112060583046897 0.10649113674281846 0.014622455733980575
leaf_weight=138.51993719753409 0.85130883520469147 0.3689186219125985 1.7534684657584865 0.82557074166834388 1.3455879464163434 0.95474103419110079 0.38469100795919076
leaf_count=1949 27 3 15 6 39 11 24
internal_value=-0.000265141 0.0415807 0.0801583 -0.00125746 -0.0832786 1.96437e-05 -0.09172
internal_weight=145.004 3.35839 2.60478 141.646 2.17116 139.475 0.75361
internal_count=2074 69 42 2005 45 1960 27
is_linear=0
shrinkage=0.252688


Tree=815
num_leaves=8
num_cat=0
split_feature=3 5 13 21 15 23 18
split_gain=0.0876782 0.291717 0.281401 0.377663 0.231127 0.105067 0.100861
threshold=1.1519201993942263 1.9713184833526614 0.79824548959732067 2.2002860307693486 3.7712019681930546 1.950252413749695 0.17892417311668399
decision_type=2 2 2 2 2 2 2
left_child=1 5 3 -2 -4 -1 -3
right_child=2 6 4 -5 -6 -7 -8
leaf_value=-0.0013408347298502021 -0.17504758691770958 0.1797906254333938 0.087212004545729818 0.059324347034493213 -0.060063992892654412 0.033653606216588541 0.048033785044186296
leaf_weight=122.4775370968382 1.4381945518543937 0.73001802572980412 1.4877426405437293 0.63144451612606634 1.2528868581866843 5.7341826764532007 0.75486714392900467
leaf_count=1797 31 19 21 17 27 155 7
internal_value=0.000271795 0.00151431 -0.0332257 -0.103543 0.0198852 0.000224389 0.112852
internal_weight=134.507 129.697 4.81027 2.06964 2.74063 128.212 1.48489
internal_count=2074 1978 96 48 48 1952 26
is_linear=0
shrinkage=0.252688


Tree=816
num_leaves=8
num_cat=0
split_feature=7 7 12 19 2 24 19
split_gain=0.0999517 0.628991 0.444121 0.38156 0.337841 0.248023 0.101106
threshold=0.23959073424339297 0.12629811465740207 -0.61673131585121144 -0.76850017905235279 0.59311631321907055 2.4980794191360478 0.92543181777000438
decision_type=2 2 2 2 2 2 2
left_child=1 5 6 -4 -3 -1 -2
right_child=2 4 3 -5 -6 -7 -8
leaf_value=-0.0028454194333070106 -0.17486338036042545 -0.11521611658116189 0.16901527187525978 0.010312772416579984 0.037559082195886315 0.058610435478132959 -0.058430426797823384
leaf_weight=71.757202194331512 0.85516613209620018 4.7037673675258693 0.9865253575552505 48.360594749974553 1.1499017094533881 4.452782805543392 1.0757671764586119
leaf_count=1087 19 98 22 736 13 76 23
internal_value=8.30425e-05 -0.00538567 0.00883498 0.0134873 -0.0852039 0.000745675 -0.11003
internal_weight=133.342 82.0637 51.2781 49.3471 5.85367 76.21 1.93093
internal_count=2074 1274 800 758 111 1163 42
is_linear=0
shrinkage=0.252688


Tree=817
num_leaves=8
num_cat=0
split_feature=16 16 16 23 2 23 1
split_gain=0.0845023 0.59131 0.206715 0.202889 0.280535 0.216576 8.50657e-05
threshold=1.5827189087867739 1.3078675866127016 1.1848564147949221 1.0412940979003908 -0.76330593228340138 -0.3260411918163299 0.63373014330863964
decision_type=2 2 2 2 2 2 2
left_child=1 2 -1 5 -5 -2 -3
right_child=3 6 -4 4 -6 -7 -8
leaf_value=-0.0017161246469456679 0.012950763200346299 -0.1717502766751261 0.051623063655900255 0.077100660446157029 -0.17888572063491473 0.13512784950436246 -0.18068516705366955
leaf_weight=133.08546810892949 2.483677722975699 0.4494470504723711 4.8062875370960674 0.49572766572237015 0.60819117253413402 1.4771231060731218 0.75779458368197083
leaf_count=1859 66 25 56 5 26 22 15
internal_value=-0.000231227 -0.00139865 0.000143221 0.0318279 -0.0639489 0.0585272 -0.177436
internal_weight=144.164 139.099 137.892 5.06472 1.10392 3.9608 1.20724
internal_count=2074 1955 1915 119 31 88 40
is_linear=0
shrinkage=0.252688


Tree=818
num_leaves=8
num_cat=0
split_feature=7 17 9 7 10 7 16
split_gain=0.107877 0.356959 0.406848 0.265495 0.530176 0.310128 0.0596729
threshold=-0.91985094547271717 -0.34385664761066431 0.12195210531353952 -0.49952119588851923 0.31953288614749914 -0.33539634943008417 -0.29240749776363367
decision_type=2 2 2 2 2 2 2
left_child=1 6 -3 4 -2 -5 -1
right_child=3 2 -4 5 -6 -7 -8
leaf_value=0.080855797138173785 -0.0090891030595040053 -0.070390166799263132 0.037243597534030087 0.040600818043845147 -0.11629942744745596 -0.0021939072986417083 0.19723065937877995
leaf_weight=0.45271512540057302 15.488574379472995 3.0538987703621379 8.4335994096472842 12.295649267849511 3.6362568833865216 89.613683674024287 0.74786956282332429
leaf_count=11 238 50 166 192 50 1349 18
internal_value=0.000166465 0.0223327 0.00862761 -0.00215731 -0.029476 0.00296957 0.153404
internal_weight=133.722 12.6881 11.4875 121.034 19.1248 101.909 1.20058
internal_count=2074 245 216 1829 288 1541 29
is_linear=0
shrinkage=0.252688


Tree=819
num_leaves=8
num_cat=0
split_feature=5 9 16 5 1 5 7
split_gain=0.0850522 0.491489 0.435363 0.411804 0.622441 0.613758 0.400173
threshold=-0.035713851451873772 -0.31294795870780939 -0.73984748125076283 0.064621757715940489 -0.19255767762660977 0.14064934104681018 -0.25121654570102686
decision_type=2 2 2 2 2 2 2
left_child=1 6 -3 4 -2 -5 -1
right_child=3 2 -4 5 -6 -7 -8
leaf_value=-0.012530316711066646 -0.042136871149240016 0.18895393419460799 0.00483330504987208 -0.10684077173131616 0.11124270166888092 0.0049794530479872583 -0.089615304994907219
leaf_weight=11.551244857619169 2.507030219072476 0.83708968013524909 38.996234005513202 3.2976293479441656 5.1779801961695275 63.041518178290971 6.8498323452367904
leaf_count=161 49 5 710 72 81 875 121
internal_value=0.000151644 -0.00707288 0.00870505 0.00583517 0.0612071 -0.000579765 -0.0412272
internal_weight=132.259 58.2344 39.8333 74.0242 7.68501 66.3391 18.4011
internal_count=2074 997 715 1077 130 947 282
is_linear=0
shrinkage=0.252688


Tree=820
num_leaves=7
num_cat=0
split_feature=7 7 8 7 9 21
split_gain=0.0824859 0.49309 0.464095 0.414286 0.289232 0.277881
threshold=0.23959073424339297 0.25790387392044073 0.10655900835990907 0.13572283089160922 1.3219918608665469 1.2773557305336001
decision_type=2 2 2 2 2 2
left_child=3 -2 -3 5 -5 -1
right_child=1 2 -4 4 -6 -7
leaf_value=-0.0043624125377719706 -0.19298801247620265 -0.046515810262111615 0.0084634155216086401 0.040345325561706918 0.18119711312944262 0.064417613745444677
leaf_weight=77.378108210908977 0.90576051763491605 12.986481889223795 39.991281068840181 6.84354758466361 1.0770235229283569 3.9411485800319488
leaf_count=1084 16 230 554 95 7 88
internal_value=-0.000368929 -0.00817564 -0.00501399 0.00434482 0.0595091 -0.00102857
internal_weight=143.123 53.8835 52.9778 89.2398 7.92057 81.3193
internal_count=2074 800 784 1274 102 1172
is_linear=0
shrinkage=0.252688


Tree=821
num_leaves=6
num_cat=0
split_feature=1 1 18 14 19
split_gain=0.0986096 0.264334 0.213261 0.295746 0.161046
threshold=1.0374404788017275 1.0107142329216006 0.65203070640563976 -0.35416664183139795 -0.98285245895385731
decision_type=2 2 2 2 2
left_child=1 4 -2 -4 -1
right_child=2 -3 3 -5 -6
leaf_value=0.032149227671372432 -0.049768029212590867 -0.13346523340530053 0.19968488949562338 0.029746429553601829 -0.0028209679439476542
leaf_weight=9.0624727078029519 1.5821822906145815 0.95847271615639229 0.77863793959841121 4.0688840331440588 116.44844668853329
leaf_count=187 25 24 19 92 1727
internal_value=0.000246387 -0.00130564 0.0307718 0.057062 -0.000295821
internal_weight=132.899 126.469 6.4297 4.84752 125.511
internal_count=2074 1938 136 111 1914
is_linear=0
shrinkage=0.252688


Tree=822
num_leaves=8
num_cat=0
split_feature=6 5 12 7 15 15 18
split_gain=0.0829822 0.343581 0.394687 0.289225 0.266495 0.500891 0.414486
threshold=0.14660833030939105 0.56825745105743419 0.942957103252411 0.36482475697994238 -0.31420673429965967 -0.31862585246562952 -0.46377612650394434
decision_type=2 2 2 2 2 2 2
left_child=1 3 -3 -1 5 -2 -6
right_child=4 2 -4 -5 6 -7 -8
leaf_value=-0.025487548822122438 0.021384244903465435 0.047556674966849094 -0.037399008280027131 0.019089352769861945 -0.11051057802930615 0.20101889074717974 0.0013521308165154388
leaf_weight=42.235738792405868 19.11899996956345 13.02850014154683 4.7695785530377171 11.915052086447757 2.2431266686908193 1.0448129307478655 36.879708262182248
leaf_count=677 276 178 79 190 41 6 627
internal_value=9.97628e-05 -0.00566811 0.0247895 -0.015679 0.00709952 0.0306973 -0.00506294
internal_weight=131.236 71.9489 17.7981 54.1508 59.2866 20.1638 39.1228
internal_count=2074 1124 257 867 950 282 668
is_linear=0
shrinkage=0.252688


Tree=823
num_leaves=8
num_cat=0
split_feature=19 19 19 7 19 7 19
split_gain=0.0835163 0.529713 0.420407 0.226442 0.208115 0.667383 0.410922
threshold=-0.71265354752540577 -0.78349384665489186 -0.85625681281089772 -0.21109598875045774 -0.49776150286197657 -0.34142690896987909 -0.47324876487255091
decision_type=2 2 2 2 2 2 2
left_child=1 2 -1 -3 5 -2 -6
right_child=4 3 -4 -5 6 -7 -8
leaf_value=0.0014806746014234327 -0.09327878957232548 0.12416532859980285 -0.17987338742398015 0.0051366390602771567 0.13286530099237062 0.05235892510694614 -0.0014740485748873644
leaf_weight=11.566951924829482 5.5252805433701724 3.3176890461472794 0.87760861485730934 1.473889673128723 1.4719683290459205 3.1563967067049798 114.84496042024693
leaf_count=286 93 28 40 20 16 51 1540
internal_value=-0.000316604 0.0161723 -0.0113157 0.087557 -0.00259034 -0.0403292 0.000226574
internal_weight=142.235 17.2361 12.4446 4.79158 124.999 8.68168 116.317
internal_count=2074 374 326 48 1700 144 1556
is_linear=0
shrinkage=0.252688


Tree=824
num_leaves=7
num_cat=0
split_feature=22 23 6 19 21 14
split_gain=0.081246 0.525038 0.42612 0.502202 0.298157 0.00482658
threshold=-0.077384583652019487 -0.43134358525276179 0.39168487489223486 -0.22081749886274335 -0.44542145729064936 -0.02083331253379583
decision_type=2 2 2 2 2 2
left_child=2 -2 3 -1 -3 -4
right_child=1 4 5 -5 -6 -7
leaf_value=0.03181980298263707 0.18552506735655228 0.032400716948054929 -0.13900985688555539 -0.019586463879719015 -0.0056859196149718792 -0.17595730485848171
leaf_weight=17.488074947788846 1.022975000552832 17.162840375793166 0.34916618815623224 39.633378334867302 55.764573107342585 0.73009696381632128
leaf_count=282 19 251 17 503 980 22
internal_value=0.000241679 0.0058 -0.00682074 -0.00384795 0.00327759 -0.164079
internal_weight=132.151 73.9504 58.2007 57.1215 72.9274 1.07926
internal_count=2074 1250 824 785 1231 39
is_linear=0
shrinkage=0.252688


Tree=825
num_leaves=8
num_cat=0
split_feature=13 21 16 4 8 2 21
split_gain=0.111074 0.249896 0.321892 0.166094 0.112812 0.559268 0.33383
threshold=-1.0087718963623045 0.56826847791671764 -0.25133478641510004 -0.81985852122306813 0.0053185659926384696 0.55543681979179393 0.15977950394153598
decision_type=2 2 2 2 2 2 2
left_child=1 2 -1 -3 6 -6 -2
right_child=4 3 -4 -5 5 -7 -8
leaf_value=0.059412080199053814 -0.021574855203804321 -0.074709656198293228 -0.12905782404921037 0.08003007167338777 0.0010834571323461092 0.08100259206050682 0.018663029836000607
leaf_weight=0.77087259804829988 36.223204972644453 0.64397618692530079 2.3163146638253229 1.4156868704303631 62.005445646092994 6.1445414341287679 20.680991436024101
leaf_count=15 672 8 77 25 841 75 361
internal_value=-0.000142683 -0.0365207 -0.0819942 0.0316416 0.00135466 0.00828972 -0.00695093
internal_weight=130.201 5.14685 3.08719 2.05966 125.054 68.15 56.9042
internal_count=2074 125 92 33 1949 916 1033
is_linear=0
shrinkage=0.252688


Tree=826
num_leaves=8
num_cat=0
split_feature=8 7 8 2 8 5 18
split_gain=0.0760679 0.443095 0.502552 0.482466 0.416558 0.366217 0.245372
threshold=-0.10454804822802542 0.44865271449089056 -0.12033709883689879 -2.1134715080261226 -0.090913552790880189 -0.1882180646061897 0.25466518104076391
decision_type=2 2 2 2 2 2 2
left_child=1 2 -1 -3 5 -2 -6
right_child=4 3 -4 -5 6 -7 -8
leaf_value=0.0053622533176873356 0.061012013921319989 0.17574589315211225 0.10941810864758585 -0.18025163122287544 0.0060565589153640633 -0.19410101580349148 -0.02395312838166986
leaf_weight=46.447453180386219 0.493776618503034 0.29316870868206013 3.1650372662115833 1.4116523359552946 64.176312246228918 1.3164501389255736 23.865928675048053
leaf_count=775 5 2 21 63 825 27 356
internal_value=-0.000112952 0.00764852 0.0120016 -0.118996 -0.00454579 -0.124515 -0.00207835
internal_weight=141.17 51.3173 49.6125 1.70482 89.8525 1.81023 88.0422
internal_count=2074 861 796 65 1213 32 1181
is_linear=0
shrinkage=0.252688


Tree=827
num_leaves=8
num_cat=0
split_feature=12 1 8 10 8 5 22
split_gain=0.0902305 0.339371 0.395743 0.244728 0.461736 0.398495 0.204413
threshold=0.52186670899391185 -0.66077500581741322 -0.31032371520996088 0.87179332971572887 0.25071121007204061 -0.83580192923545826 1.1015191078186037
decision_type=2 2 2 2 2 2 2
left_child=1 2 -1 5 -5 -2 -3
right_child=3 6 -4 4 -6 -7 -8
leaf_value=0.087826282266988964 0.19183271382917177 -0.0014199912940534548 -0.069472799778089983 -0.082742773912309414 0.02395091795787482 0.018693298868720724 0.059823907920355426
leaf_weight=1.1677559781819571 0.87928712693974631 82.637033405655529 8.1165471271233383 4.474691970535785 6.147302687400952 24.078708835057114 3.6322279633168355
leaf_count=17 24 1239 149 89 116 339 101
internal_value=0.000263275 -0.00378139 -0.0496841 0.0111256 -0.0209973 0.0247971 0.00115892
internal_weight=131.134 95.5536 9.2843 35.58 10.622 24.958 86.2693
internal_count=2074 1506 166 568 205 363 1340
is_linear=0
shrinkage=0.252688


Tree=828
num_leaves=8
num_cat=0
split_feature=1 21 17 21 7 15 21
split_gain=0.118098 0.258576 0.42257 0.332002 0.116216 0.232719 0.153138
threshold=1.0522961616516116 0.75923487544059765 0.61498391628265392 0.028634023852646354 -1.3090813755989072 0.2719999253749848 1.2773557305336001
decision_type=2 2 2 2 2 2 2
left_child=4 3 -3 -2 5 -1 -6
right_child=1 2 -4 -5 6 -7 -8
leaf_value=-0.014144049477132534 0.029875541148166214 -0.062708817676753736 0.17642651000505785 -0.18937995681118644 0.0051024572075300898 -0.17942909786702863 -0.028393372584456188
leaf_weight=3.2511272107949476 0.6900108745903698 1.3951616721874702 0.71226367901545007 1.2205675611912736 111.82038569243923 0.65270414389669884 9.4511824024666549
leaf_count=79 26 39 21 34 1699 9 167
internal_value=-0.000258479 -0.0428978 0.018137 -0.110208 0.00111036 -0.0417999 0.00249187
internal_weight=129.193 4.018 2.10743 1.91058 125.175 3.90383 121.272
internal_count=2074 120 60 60 1954 88 1866
is_linear=0
shrinkage=0.252688


Tree=829
num_leaves=7
num_cat=0
split_feature=9 9 17 24 9 9
split_gain=0.107796 0.291762 0.335834 0.142566 0.536579 0.281533
threshold=1.6908938288688662 1.7930300831794741 0.44509713351726538 -0.4591801762580871 -0.64599213004112233 -0.5278005301952361
decision_type=2 2 2 2 2 2
left_child=3 -2 -3 4 -1 -5
right_child=1 2 -4 5 -6 -7
leaf_value=0.094986773349081066 0.10964488800916795 -0.077508606862869728 0.05969928054416359 -0.018983064829115236 -0.032943827362593936 0.0097771195993541209
leaf_weight=2.3307772400439744 2.0815197499468914 2.1389372512439877 2.4353312552666466 29.733586148184258 20.514797651630943 80.761494853744807
leaf_count=32 16 60 44 372 449 1101
internal_value=-0.000152532 0.0312302 -0.00446065 -0.00171915 -0.01989 0.00203785
internal_weight=139.996 6.65579 4.57427 133.341 22.8456 110.495
internal_count=2074 120 104 1954 481 1473
is_linear=0
shrinkage=0.252688


Tree=830
num_leaves=7
num_cat=0
split_feature=10 13 12 10 23 21
split_gain=0.0997642 0.239879 0.390696 0.111009 0.363141 0.286336
threshold=-0.88360258936882008 0.17836252599954608 -0.017691556364297863 -0.074708878993988023 1.9660103321075442 -0.2732106745243072
decision_type=2 2 2 2 2 2
left_child=1 2 -1 4 -2 -5
right_child=3 -3 -4 5 -6 -7
leaf_value=-0.11508591183251414 -0.012246377982747509 0.13390761235690554 0.070308588074329437 -0.025383276879684048 0.11905248065829237 0.014512909348187384
leaf_weight=1.1580271036364138 55.864547347067855 1.2046356890350578 1.9425203199498347 14.603556855174245 1.3776520682731632 53.803821777624762
leaf_count=15 850 21 18 226 53 891
internal_value=0.000421293 0.0382423 0.00105712 -0.000874727 -0.00908531 0.00599575
internal_weight=129.955 4.30518 3.10055 125.65 57.2422 68.4074
internal_count=2074 54 33 2020 903 1117
is_linear=0
shrinkage=0.252688


Tree=831
num_leaves=8
num_cat=0
split_feature=15 23 10 18 11 7 23
split_gain=0.0886759 0.280671 0.700097 0.14704 0.416477 0.370353 0.133453
threshold=4.6590611934661874 1.950252413749695 2.0958386659622197 -0.058177903294563287 1.0816789865493777 0.75502631068229686 0.66424211859703075
decision_type=2 2 2 2 2 2 2
left_child=1 6 -3 5 -5 -2 -1
right_child=3 2 -4 4 -6 -7 -8
leaf_value=-0.0030610526522965044 0.0035721262556199108 -0.17821207984894663 0.05068927773690983 -0.17959700791156083 0.10208863830298731 0.18205337186080661 0.020217226654518576
leaf_weight=101.65646222471821 2.2693575867451732 1.8508221179217792 1.582002254843246 0.66138798803331045 0.67837326042354107 1.1027068956755099 18.602294532349333
leaf_count=1602 33 92 28 19 11 17 272
internal_value=-0.000197856 -0.00149399 -0.0727319 0.0338233 -0.0369835 0.0619575 0.000539823
internal_weight=128.403 123.692 3.43282 4.71183 1.33976 3.37206 120.259
internal_count=2074 1994 120 80 30 50 1874
is_linear=0
shrinkage=0.252688


Tree=832
num_leaves=8
num_cat=0
split_feature=13 20 20 13 17 13 16
split_gain=0.0796755 0.190247 0.223595 0.164682 0.339055 0.115451 0.101342
threshold=1.1725144386291506 -0.15698746591806409 -1.9117841124534605 1.0847952365875246 1.519483268260956 1.0730993151664736 -0.23218546062707898
decision_type=2 2 2 2 2 2 2
left_child=3 2 -2 5 -5 -1 -3
right_child=1 6 -4 4 -6 -7 -8
leaf_value=-0.00050338744177519292 0.070848315511941887 0.02184979903262035 -0.17503279438034958 0.021610634819791277 -0.19054365144032384 0.092221576368867617 0.13230665759683638
leaf_weight=133.27036307675371 0.4634434133768085 0.97687968984246287 0.48048359109088778 1.0669980440288771 0.87509441052679893 0.86239970941096444 1.1605199801851984
leaf_count=1949 5 8 37 14 31 11 19
internal_value=-5.48105e-05 0.0401222 -0.054338 -0.000964755 -0.0740098 9.31335e-05 0.0818418
internal_weight=139.156 3.08133 0.943927 136.075 1.94209 134.133 2.1374
internal_count=2074 69 42 2005 45 1960 27
is_linear=0
shrinkage=0.252688


Tree=833
num_leaves=5
num_cat=0
split_feature=20 12 17 2
split_gain=0.0818439 0.0977579 0.160708 0.158185
threshold=-3.7129387855529781 -0.78999251127243031 0.61498391628265392 0.77070844173431408
decision_type=2 2 2 2
left_child=-1 2 -2 -3
right_child=1 3 -4 -5
leaf_value=0.10103417261821024 0.046744848502962115 -0.00078198816969389387 -0.13002528454450332 0.058434505137982824
leaf_weight=0.51197146893537038 0.51435919944196828 124.25997982322588 0.90661223186179996 2.9481969696953447
leaf_count=18 18 1946 34 58
internal_value=0.000255798 -0.000145724 -0.066044 0.000590649
internal_weight=129.141 128.629 1.42097 127.208
internal_count=2074 2056 52 2004
is_linear=0
shrinkage=0.252688


Tree=834
num_leaves=8
num_cat=0
split_feature=9 11 17 1 9 11 9
split_gain=0.0897816 0.346507 0.479662 0.279943 0.21858 0.6064 0.387801
threshold=-0.63508242368698109 -0.62645557522773732 -0.40224094688892359 -1.0264533162117002 -0.61259722709655751 -0.44758135080337519 -0.58497241139411915
decision_type=2 2 2 2 2 2 2
left_child=1 2 -1 -3 5 -2 -6
right_child=4 3 -4 -5 6 -7 -8
leaf_value=0.061425696184182074 -0.1785082424209386 0.17427429702608732 -0.10102430623441368 0.02834124525767194 0.11750483779941 0.045585763845637284 -0.0028438802235787623
leaf_weight=1.8568369169952346 1.5787400370463731 0.90318719996139485 3.0931408124743056 11.788219386595298 1.7373277741717164 1.5061890273354936 105.15520666394178
leaf_count=29 16 11 76 177 32 16 1717
internal_value=-0.000116839 0.0166171 -0.0400857 0.0387335 -0.0028012 -0.0691068 -0.000887265
internal_weight=127.619 17.6414 4.94998 12.6914 109.977 3.08493 106.893
internal_count=2074 293 105 188 1781 32 1749
is_linear=0
shrinkage=0.252688


Tree=835
num_leaves=8
num_cat=0
split_feature=4 4 12 12 3 4 12
split_gain=0.0843701 1.11134 0.443595 0.857868 0.278633 0.276881 0.124432
threshold=0.37608596682548529 0.32908867299556738 -0.21542041748762128 -0.29334461688995356 -0.23906282335519788 0.24860394746065143 -0.07612245529890059
decision_type=2 2 2 2 2 2 2
left_child=1 5 3 -2 -4 -1 -3
right_child=2 6 4 -5 -6 -7 -8
leaf_value=-0.003533828919134667 -0.058711818270893362 -0.19442600794923626 -0.12614737215929422 0.15216205611148298 0.0033919162440047236 0.040975479751581945 -0.08547928266199091
leaf_weight=90.767915425436513 1.9076297024730591 1.9222508524544539 1.1008069611853013 3.475255901226773 28.402365404981538 9.8965058154717536 1.0289905628887925
leaf_count=1402 22 28 53 24 405 120 20
internal_value=-2.02586e-05 -0.00363907 0.0107279 0.0774322 -0.00144351 0.000842142 -0.156463
internal_weight=138.502 103.616 34.8861 5.38289 29.5032 100.664 2.95124
internal_count=2074 1570 504 46 458 1522 48
is_linear=0
shrinkage=0.252688


Tree=836
num_leaves=8
num_cat=0
split_feature=16 16 21 21 4 4 21
split_gain=0.0856446 0.372497 0.598958 0.389606 0.296561 0.619981 0.421018
threshold=-0.040522089228034013 -0.12628854811191556 0.035274948924779899 1.0532636642456057 0.048452453687787063 0.086068242788314833 -0.4520272016525268
decision_type=2 2 2 2 2 2 2
left_child=1 3 -3 -1 6 -6 -2
right_child=4 2 -4 -5 5 -7 -8
leaf_value=-0.0024399637490013166 -0.11421363442080071 0.13476713038250318 -0.013152433952416432 0.16431309964628998 0.13709747375832992 0.00087227375614026424 -0.013970525286748338
leaf_weight=62.089387409112533 2.9388570711016646 3.5252950524445614 3.4660439715371467 0.90718738827854295 2.3455146311316666 23.513585464628704 29.771695592873584
leaf_count=859 36 64 48 26 31 469 541
internal_value=0.000137821 0.00610418 0.0614385 -3.72429e-05 -0.00699166 0.013231 -0.0229785
internal_weight=128.558 69.9879 6.99134 62.9966 58.5697 25.8591 32.7106
internal_count=2074 997 112 885 1077 500 577
is_linear=0
shrinkage=0.252688


Tree=837
num_leaves=6
num_cat=0
split_feature=10 24 16 10 2
split_gain=0.0908689 0.313916 0.416365 0.235276 0.176089
threshold=-0.63295421004295338 -1.4057702422142027 -0.29421141743659968 -0.6134158968925475 -0.89512509107589711
decision_type=2 2 2 2 2
left_child=1 -1 -3 -2 -5
right_child=3 2 -4 4 -6
leaf_value=0.14397270053153183 0.11924865445115368 0.00011732800256117245 -0.09869708002016811 0.025294965158432648 -0.0031010666787005346
leaf_weight=0.71302791684865852 1.085617625620215 9.5528392541600606 3.8075381489761631 16.344323219615035 94.924823356427424
leaf_count=23 16 143 95 265 1532
internal_value=-0.000185032 -0.0193257 -0.0280462 0.00221257 0.00107011
internal_weight=126.428 14.0734 13.3604 112.355 111.269
internal_count=2074 261 238 1813 1797
is_linear=0
shrinkage=0.252688


Tree=838
num_leaves=8
num_cat=0
split_feature=7 24 8 7 24 5 5
split_gain=0.0897228 0.423217 0.448831 0.307615 0.565459 0.257836 0.000995661
threshold=-0.52000975608825672 -2.23669421672821 0.056344751268625266 -0.36839337646961207 0.1563932150602341 -0.59309008717536915 0.18680913001298907
decision_type=2 2 2 2 2 2 2
left_child=1 6 -3 4 -2 -5 -1
right_child=3 2 -4 5 -6 -7 -8
leaf_value=-0.17448963442717635 -0.094922936837029362 0.0048575739240564594 0.09933372101519844 0.03671801229975874 0.021932802959568808 -0.0039103340412465553 -0.19832080893830373
leaf_weight=0.50697937121731484 6.0868788004736398 26.114996695145241 3.6603309665806583 11.310508875038066 4.674022899067495 84.352346068042607 0.19933329522609711
leaf_count=53 113 430 33 152 55 1237 1
internal_value=-0.000201035 0.011886 0.0164733 -0.00366304 -0.0441677 0.00089344 -0.18136
internal_weight=136.905 30.4816 29.7753 106.424 10.7609 95.6629 0.706313
internal_count=2074 517 463 1557 168 1389 54
is_linear=0
shrinkage=0.252688


Tree=839
num_leaves=8
num_cat=0
split_feature=20 8 7 12 14 6 12
split_gain=0.0961342 0.375686 0.433774 0.402618 0.328268 0.375347 0.355593
threshold=-0.19228717684745786 -0.014141931198537348 -0.42057709395885462 -0.40710389614105219 -0.35416664183139795 0.40481397509574896 -0.68871164321899403
decision_type=2 2 2 2 2 2 2
left_child=4 3 -3 -2 6 -6 -1
right_child=1 2 -4 -5 5 -7 -8
leaf_value=0.22096079422781914 -0.12162328034194114 -0.077626803524761631 0.00069560665228792027 0.038299427508115144 -0.014999774206112428 -0.15924489187657825 0.022724591857926586
leaf_weight=0.65208757342770685 1.0494549353607023 4.8783265668316735 60.543554874602705 23.563206783917849 30.354333617664455 1.1967780666891474 5.0397171594158854
leaf_count=18 19 84 942 360 477 37 137
internal_value=0.000400052 0.00486653 -0.00514523 0.031478 -0.0103975 -0.0204738 0.0454544
internal_weight=127.277 90.0345 65.4219 24.6127 37.2429 31.5511 5.6918
internal_count=2074 1405 1026 379 669 514 155
is_linear=0
shrinkage=0.252688


Tree=840
num_leaves=7
num_cat=0
split_feature=13 4 17 15 13 4
split_gain=0.0741942 0.322963 0.477011 0.399568 0.267211 0.106099
threshold=-0.89181277155876149 -0.74789586663246144 0.12715558707714084 0.037819771096110351 -0.87426894903182972 -0.28098995983600611
decision_type=2 2 2 2 2 2
left_child=1 3 -3 -1 -2 -6
right_child=4 2 -4 -5 5 -7
leaf_value=-0.024911092270489044 0.12272399123695736 -0.01661985396185664 -0.17983304740041958 0.19225850194834296 0.010483033534783191 -0.0054837499967078512
leaf_weight=1.2504341045542724 1.1566519597545255 8.8652607966214401 1.3121679048053909 0.95273275673389424 43.251686699233915 68.910560240903578
leaf_count=36 14 137 20 6 667 1194
internal_value=-0.000109527 -0.0186821 -0.0376712 0.0690242 0.00191968 0.000673324
internal_weight=125.699 12.3806 10.1774 2.20317 113.319 112.162
internal_count=2074 199 157 42 1875 1861
is_linear=0
shrinkage=0.252688


Tree=841
num_leaves=7
num_cat=0
split_feature=1 19 18 13 13 17
split_gain=0.0911649 0.251579 0.124553 0.0976436 0.569216 0.565226
threshold=1.1476124525070193 0.30959428846836096 1.0757409334182741 -0.42982453107833857 -0.41812863945960993 -0.051416903734207146
decision_type=2 2 2 2 2 2
left_child=3 2 -2 5 -5 -1
right_child=1 -3 -4 4 -6 -7
leaf_value=-0.076441031966004533 0.057107216611657914 0.11678643143796584 -0.17862955467692943 0.15765739913555954 0.00069281680730436741 0.0041553665555087238
leaf_weight=7.0253431628225362 0.24236507713794608 1.3052603481337426 0.34818474055464321 1.4969577381853003 98.996682344502915 26.556188484202721
leaf_count=156 2 10 28 16 1508 354
internal_value=-0.000132019 0.0548841 -0.0819149 -0.000910166 0.0030318 -0.0127065
internal_weight=135.971 1.89581 0.59055 134.075 100.494 33.5815
internal_count=2074 40 30 2034 1524 510
is_linear=0
shrinkage=0.252688


Tree=842
num_leaves=7
num_cat=0
split_feature=14 14 15 21 20 10
split_gain=0.0825417 0.25565 0.533956 0.254349 0.23758 0.0928479
threshold=-1.381944417953491 -1.243055462837219 0.19589745998382571 -0.29624165594577784 1.5093199014663699 0.4125457108020783
decision_type=2 2 2 2 2 2
left_child=3 2 -2 -1 -5 -3
right_child=1 5 -4 4 -6 -7
leaf_value=0.079152582490831402 0.19499479188598462 -0.0039629232536994583 -0.031372750443775001 -0.1255304806481308 -0.016397908814987018 0.012609505183893782
leaf_weight=1.2664618352428076 1.3016910045407706 87.095426231069723 1.3601515868213025 1.7112001217901696 4.9784313747659326 28.697862670487666
leaf_count=18 24 1365 21 25 74 547
internal_value=0.000250924 0.00192438 0.0793414 -0.0246629 -0.0443218 0.000144365
internal_weight=126.411 118.455 2.66184 7.95609 6.68963 115.793
internal_count=2074 1957 45 117 99 1912
is_linear=0
shrinkage=0.252688


Tree=843
num_leaves=8
num_cat=0
split_feature=19 13 10 4 7 7 9
split_gain=0.0849742 0.563659 0.419637 0.291774 0.248148 0.541758 0.300255
threshold=-0.61432471871376026 -0.34795320034027094 -0.20026976615190503 0.44195719063282018 -0.88328832387924183 -0.66390544176101673 -0.5180695354938506
decision_type=2 2 2 2 2 2 2
left_child=1 2 -1 -3 6 -6 -2
right_child=4 3 -4 -5 5 -7 -8
leaf_value=-0.0059417556114761917 0.084020167333578144 0.019334426890693136 -0.1492567168428344 -0.12675731480811972 0.08571446294237367 0.0013448871450216101 -0.07659144451270905
leaf_weight=2.3378669596277177 0.89008891233243037 13.900114590536756 2.9511631314827893 0.93085914071707598 5.1228441009297958 94.398139505305153 4.4911202524090177
leaf_count=43 17 304 55 36 63 1470 86
internal_value=-5.47191e-05 -0.0150967 -0.0859156 0.0101608 0.00283036 0.00568826 -0.0500193
internal_weight=125.022 20.12 5.28903 14.831 104.902 99.521 5.38121
internal_count=2074 438 98 340 1636 1533 103
is_linear=0
shrinkage=0.252688


Tree=844
num_leaves=8
num_cat=0
split_feature=8 7 2 3 8 5 3
split_gain=0.0790913 0.33843 0.400906 0.364866 0.309829 0.313159 0.208053
threshold=-0.10454804822802542 0.44865271449089056 -2.1134715080261226 0.27273608744144445 -0.090913552790880189 -0.1882180646061897 -0.18253901600837705
decision_type=2 2 2 2 2 2 2
left_child=1 3 -3 -1 5 -2 -6
right_child=4 2 -4 -5 6 -7 -8
leaf_value=0.0060699168729090184 0.053469731605760698 0.1745035079592005 -0.17799947163424398 0.10098239923502456 -0.03030156873729881 -0.1895628817171324 0.0029910247424881431
leaf_weight=44.662302808075765 0.48762444593012322 0.25071866810321797 1.1452571388326749 2.744595488999038 14.454332755092762 1.1052085133269418 70.150983184779761
leaf_count=770 5 2 63 26 218 27 963
internal_value=-0.000173909 0.00795446 -0.114647 0.0115659 -0.00477599 -0.115168 -0.00269696
internal_weight=135.001 48.8029 1.39598 47.4069 86.1981 1.59283 84.6053
internal_count=2074 861 65 796 1213 32 1181
is_linear=0
shrinkage=0.252688


Tree=845
num_leaves=7
num_cat=0
split_feature=15 16 13 22 2 11
split_gain=0.0835385 0.28589 0.233761 0.150477 0.283124 0.228978
threshold=4.6590611934661874 0.29207280278205877 1.0847952365875246 1.0841760039329531 -0.33239810168743128 0.73397728800773632
decision_type=2 2 2 2 2 2
left_child=3 -2 -3 5 -5 -1
right_child=1 2 -4 4 -6 -7
leaf_value=0.00077945741926734621 -0.17839079765371416 -0.039104663328750504 0.17206516858124465 -0.017489156683979212 0.10466501685548879 -0.091565503111257884
leaf_weight=116.35139998020531 0.73284104280173723 1.5578711019261389 0.42574410885572422 2.3740343232639134 2.4732467952417201 1.7396062575280655
leaf_count=1830 17 57 6 44 81 39
internal_value=0.000241299 -0.0435852 0.00625184 0.00120989 0.0448424 -0.000581274
internal_weight=125.655 2.71646 1.98362 122.938 4.84728 118.091
internal_count=2074 80 63 1994 125 1869
is_linear=0
shrinkage=0.252688


Tree=846
num_leaves=6
num_cat=0
split_feature=6 16 17 6 9
split_gain=0.088591 0.394025 0.160833 0.386569 0.340757
threshold=1.3544857501983645 -0.25133478641510004 1.2188711166381838 1.1137854456901553 0.16989159584045413
decision_type=2 2 2 2 2
left_child=2 -2 3 -1 -4
right_child=1 -3 4 -5 -6
leaf_value=-0.00024024831494164005 0.042160729686605822 -0.18082271061218566 0.058769796648742857 -0.088098206555920364 -0.013059713952271942
leaf_weight=101.77591780264325 1.1980431649135428 0.87522473151329805 8.6061719532590377 3.3008687931578597 8.2678635944503167
leaf_count=1658 19 18 142 73 164
internal_value=-0.00020393 -0.0519926 0.000676731 -0.00300065 0.0235757
internal_weight=124.024 2.07327 121.951 105.077 16.874
internal_count=2074 37 2037 1731 306
is_linear=0
shrinkage=0.252688


Tree=847
num_leaves=7
num_cat=0
split_feature=7 7 13 6 17 8
split_gain=0.0791682 0.37889 0.253426 0.885704 0.566738 0.150385
threshold=0.89772677421569835 0.85889708995819103 0.55263155698776256 1.013128995895386 -0.31973457336425776 4.6539201736450204
decision_type=2 2 2 2 2 2
left_child=1 5 4 -4 -2 -1
right_child=2 -3 3 -5 -6 -7
leaf_value=0.0004974797508261957 0.0020337507206239966 -0.12634537641237459 -0.18965345505037304 0.02371188408779755 0.13155927424017611 -0.071566919410241348
leaf_weight=112.8013342478107 6.961427041067509 1.5522795294818923 1.5471405928255979 6.2945196241198573 3.1248018390615488 1.8792668515234243
leaf_count=1763 81 24 18 88 21 79
internal_value=4.82044e-05 -0.00236253 0.0156775 -0.0183943 0.0421668 -0.000683749
internal_weight=134.161 116.233 17.9279 7.84166 10.0862 114.681
internal_count=2074 1866 208 106 102 1842
is_linear=0
shrinkage=0.252688


Tree=848
num_leaves=5
num_cat=0
split_feature=7 3 7 7
split_gain=0.111465 0.0979668 0.357642 0.305612
threshold=-2.1426863670349117 0.5415475368499757 1.4545366764068606 1.0696763992309573
decision_type=2 2 2 2
left_child=-1 3 -3 -2
right_child=1 2 -4 -5
leaf_value=0.13621934104047714 0.00096749435137629639 -0.0077193365488835855 -0.14840966587060059 0.093767797623676818
leaf_weight=0.38269771216437121 99.261573786980989 21.492869581634299 1.2186095032084256 2.3183073569089165
leaf_count=18 1613 403 21 19
internal_value=0.000150984 -0.000268542 -0.0152716 0.00308592
internal_weight=124.674 124.291 22.7115 101.58
internal_count=2074 2056 424 1632
is_linear=0
shrinkage=0.252688


Tree=849
num_leaves=8
num_cat=0
split_feature=9 17 15 2 9 17 12
split_gain=0.104057 0.356187 0.534217 0.431883 0.351575 0.212923 0.142864
threshold=0.27612602710723883 -0.19089131057262418 -0.39475518465042109 -0.33239810168743128 0.21877397596836093 1.2069380879402163 -0.24380379170179364
decision_type=2 2 2 2 2 2 2
left_child=4 2 -2 -3 5 -1 -6
right_child=1 3 -4 -5 6 -7 -8
leaf_value=-0.0076949734949499455 0.016416122184126532 -0.088922765293314526 0.14234616217570131 0.0060997976117780784 -0.02684954675781558 0.032603401105572236 -0.15035563089716811
leaf_weight=66.429227543434536 8.542865915631408 3.3998227432603008 2.8743067567702374 29.990767790609794 1.0170885395491498 9.5783882287214492 1.4519138144969463
leaf_count=1113 134 88 39 483 17 169 31
internal_value=-0.000117862 0.00959744 0.0481246 -0.00357659 -0.00566505 -0.00261641 -0.0994953
internal_weight=123.284 44.8078 11.4172 33.3906 78.4766 76.0076 2.469
internal_count=2074 744 173 571 1330 1282 48
is_linear=0
shrinkage=0.252688


Tree=850
num_leaves=8
num_cat=0
split_feature=4 4 5 5 2 4 12
split_gain=0.0827539 0.839877 0.496425 0.602302 0.380492 0.234452 0.133678
threshold=0.37608596682548529 0.32908867299556738 0.46964865922927862 0.64151963591575634 -1.3444033861160276 0.24860394746065143 -0.07612245529890059
decision_type=2 2 2 2 2 2 2
left_child=1 5 4 -4 -2 -1 -3
right_child=2 6 3 -5 -6 -7 -8
leaf_value=-0.0039366809903614679 0.11406931023412456 -0.18995506476270513 -0.14737685136334405 -0.0028842096046157299 0.020094715685505731 0.037576249490313705 -0.071641384311786932
leaf_weight=87.795877142966674 3.2628284511156371 1.618894243729301 2.2465007971040896 10.219536083168348 17.525629956275228 9.6400313198391796 0.9796099147060876
leaf_count=1402 23 28 23 159 299 120 20
internal_value=1.93914e-05 -0.00361082 0.0109395 -0.0289284 0.034847 0.000170657 -0.145376
internal_weight=133.289 100.034 33.2545 12.466 20.7885 97.4359 2.5985
internal_count=2074 1570 504 182 322 1522 48
is_linear=0
shrinkage=0.252688


Tree=851
num_leaves=8
num_cat=0
split_feature=4 16 2 24 16 4 24
split_gain=0.0848046 0.471752 0.701917 0.391461 0.302319 0.433167 0.352241
threshold=0.26983371376991278 -0.25133478641510004 0.23028657585382464 -1.6855663061141966 0.077750645577907576 -0.33338540792465204 -0.25332097709178919
decision_type=2 2 2 2 2 2 2
left_child=4 3 -3 -2 5 -1 -6
right_child=1 2 -4 -5 6 -7 -8
leaf_value=-0.0032329455528332155 0.099526899455381707 0.039263051999812011 -0.056873202463692527 -0.056838410184278994 0.020295094057756976 0.043492788981187205 -0.03364037417541077
leaf_weight=29.782277950274874 1.1042545069940377 17.224691165785774 6.7489128649758632 13.698573627509175 12.103320022158185 22.044513334752992 21.402021661459003
leaf_count=456 25 332 121 162 224 360 394
internal_value=9.6242e-05 -0.0097023 0.0121986 -0.0451707 0.00454892 0.016642 -0.0141569
internal_weight=124.109 38.7764 23.9736 14.8028 85.3321 51.8268 33.5053
internal_count=2074 640 453 187 1434 816 618
is_linear=0
shrinkage=0.252688


Tree=852
num_leaves=5
num_cat=0
split_feature=19 10 10 10
split_gain=0.190125 0.104814 0.683009 0.232124
threshold=-1.7712110280990598 0.14612852036952975 0.066787932068109526 0.1965572461485863
decision_type=2 2 2 2
left_child=-1 2 -2 -3
right_child=1 3 -4 -5
leaf_value=-0.18092747173255477 -0.00012708073418301265 0.071735001197953369 -0.11006966382877985 0.0042516666974755941
leaf_weight=0.37030644237529386 64.156353926613519 3.4799117759976061 3.8224382536427575 50.15736095528726
leaf_count=9 1109 52 81 823
internal_value=-0.000271471 0.000279377 -0.00630996 0.00863058
internal_weight=121.986 121.616 67.9788 53.6373
internal_count=2074 2065 1190 875
is_linear=0
shrinkage=0.252688


Tree=853
num_leaves=8
num_cat=0
split_feature=17 17 11 17 11 10 17
split_gain=0.0843766 0.43416 0.409544 0.244492 0.407154 0.205946 0.174346
threshold=-0.34649430215358729 -0.35330398380756373 -0.37250044941902155 -0.33775550127029413 -0.8651103377342223 -0.14986752718687055 -0.32825841009616846
decision_type=2 2 2 2 2 2 2
left_child=1 5 -3 4 -2 -1 -5
right_child=3 2 -4 6 -6 -7 -8
leaf_value=0.030689042819268587 0.16799186855417234 -0.18647566759874074 0.051126989803471495 -0.044770129449883664 0.019325941191641553 -0.025193870392704886 0.0016980545860558484
leaf_weight=7.276080033509067 1.4043557699769733 1.6307391570881011 0.64659875724464555 5.4401024695252991 7.2296150809270312 9.9936918762396072 98.360998365766136
leaf_count=92 7 42 6 88 73 161 1605
internal_value=-3.02238e-06 -0.0153259 -0.119017 0.00266095 0.0435161 -0.00164905 -0.000737494
internal_weight=131.982 19.5471 2.27734 112.435 8.63397 17.2698 103.801
internal_count=2074 301 48 1773 80 253 1693
is_linear=0
shrinkage=0.252688


Tree=854
num_leaves=8
num_cat=0
split_feature=3 2 20 21 19 20 20
split_gain=0.102458 0.622091 0.337872 0.261875 0.246718 0.490443 0.308178
threshold=0.16430275887250903 0.4820783138275147 0.16195746511220935 -0.77925342321395863 0.67105332016944896 0.04103518649935723 -0.19228717684745786
decision_type=2 2 2 2 2 2 2
left_child=4 3 -3 -2 6 -6 -1
right_child=1 2 -4 -5 5 -7 -8
leaf_value=-0.006290683060447431 -0.073350570365727827 -0.16947368126206505 -0.010889849359722573 0.0044734652212931316 0.085094280281922868 -0.093399242917654349 0.027487375907620196
leaf_weight=35.40743123348966 2.9535380518063894 2.256456340430304 1.383935375139117 42.19862530293176 1.3249036520719517 3.8034076606854796 33.623663564067101
leaf_count=640 40 31 33 728 21 43 538
internal_value=0.000272595 -0.00872016 -0.109197 -0.000618006 0.00618934 -0.047281 0.010162
internal_weight=122.952 48.7926 3.64039 45.1522 74.1594 5.12831 69.0311
internal_count=2074 832 64 768 1242 64 1178
is_linear=0
shrinkage=0.252688


Tree=855
num_leaves=8
num_cat=0
split_feature=10 22 15 10 11 10 5
split_gain=0.0849692 0.476623 0.576989 0.180515 0.454409 0.191135 0.122384
threshold=-0.63295421004295338 -0.21958793699741361 -0.32819473743438715 -0.51504969596862782 -0.58877351880073536 -0.37369303405284876 0.48972795903682714
decision_type=2 2 2 2 2 2 2
left_child=1 6 -3 4 -2 -5 -1
right_child=3 2 -4 5 -6 -7 -8
leaf_value=0.058212717020874674 -0.11409062227254056 -0.18579346226871835 -0.016609433489930877 -0.031552049102038654 0.060199826963722933 0.0031933557512199341 0.20103813150697539
leaf_weight=1.3216542637383089 1.0967535663803571 1.4735808057012025 10.147944685231776 11.420129921141777 7.3742020055360609 88.028651680755786 0.53934361785650242
leaf_count=53 22 41 163 200 114 1477 4
internal_value=-0.000143365 -0.0190562 -0.0380691 0.00221951 0.0376282 -0.000796741 0.0996516
internal_weight=121.402 13.4825 11.6215 107.92 8.47096 99.4488 1.861
internal_count=2074 261 204 1813 136 1677 57
is_linear=0
shrinkage=0.252688


Tree=856
num_leaves=7
num_cat=0
split_feature=16 21 8 16 21 24
split_gain=0.0788536 0.302103 0.175755 0.256719 0.108179 0.098447
threshold=2.4033796787261967 2.0181746482849126 0.10655900835990907 2.4524606466293339 1.2773557305336001 8.6003561019897479
decision_type=2 2 2 2 2 2
left_child=1 4 3 -2 -1 -3
right_child=2 5 -4 -5 -6 -7
leaf_value=-0.0014805806719840598 -0.1835381528938326 -0.17590696332624819 0.16932622650942511 0.07584136049704529 0.030605693001601174 0.011492278408144438
leaf_weight=121.06324762419172 0.3492504758760322 0.82741044228896388 0.56323092430829991 0.80242115220607957 7.102322879160055 0.22826589643955231
leaf_count=1844 11 62 5 39 111 2
internal_value=-9.70454e-05 -0.000811523 0.0537231 -0.00286372 0.000297595 -0.135399
internal_weight=130.936 129.221 1.7149 1.15167 128.166 1.05568
internal_count=2074 2019 55 50 1955 64
is_linear=0
shrinkage=0.252688


Tree=857
num_leaves=8
num_cat=0
split_feature=7 2 2 13 12 4 12
split_gain=0.0960146 0.340792 0.484604 0.19334 0.171647 0.305099 0.28748
threshold=1.1623473763465884 -0.1592392101883888 0.0085786767303943651 0.58187130093574535 0.37624990940094 -0.73710441589355458 0.30010937154293066
decision_type=2 2 2 2 2 2 2
left_child=4 3 -3 -2 6 -6 -1
right_child=1 2 -4 -5 5 -7 -8
leaf_value=-0.0014390337151875226 -0.14852811402748856 0.15785884961369948 -0.056896663799418781 0.0075619419670543038 -0.012273084425439805 0.035958189379442757 -0.076169675834122166
leaf_weight=78.497378989319259 1.715120610475424 1.0970492134802037 1.7254205583594737 0.71894959232304234 13.987285456797506 20.867349111329531 3.4299608373548827
leaf_count=1363 27 15 23 15 244 340 47
internal_value=0.00024675 -0.0331589 0.0265888 -0.102432 0.00175054 0.0166029 -0.00456819
internal_weight=122.039 5.25654 2.82247 2.43407 116.782 34.8546 81.9273
internal_count=2074 80 38 42 1994 584 1410
is_linear=0
shrinkage=0.252688


Tree=858
num_leaves=6
num_cat=0
split_feature=6 24 6 6 24
split_gain=0.0821914 0.408437 0.159181 0.169499 0.0892777
threshold=1.3544857501983645 1.2683984637260439 1.3282274603843691 1.3107219934463503 0.9245545268058778
decision_type=2 2 2 2 2
left_child=2 -2 3 -1 -4
right_child=1 -3 4 -5 -6
leaf_value=0.00080100204975863557 -0.1792339664185367 0.056032109785129937 0.033711287547620969 -0.10312523844002112 0.18604644875427706
leaf_weight=116.6028639350952 0.87248299748171021 1.0231993042398242 0.55354388151317735 1.0101968522649247 0.441559411236085
leaf_count=1988 24 13 21 22 6
internal_value=-7.47848e-05 -0.0522675 0.000759615 -9.2084e-05 0.101372
internal_weight=120.504 1.89568 118.608 117.613 0.995103
internal_count=2074 37 2037 2010 27
is_linear=0
shrinkage=0.252688


Tree=859
num_leaves=8
num_cat=0
split_feature=4 5 5 16 9 9 2
split_gain=0.0839792 0.419367 0.668664 0.272411 0.14734 0.274203 0.185114
threshold=0.73196834325790416 0.46964865922927862 0.64151963591575634 -0.047521041706204407 1.0947036147117617 1.2499344944953921 -1.6691988110542295
decision_type=2 2 2 2 2 2 2
left_child=4 3 -3 -2 6 -6 -1
right_child=1 2 -4 -5 5 -7 -8
leaf_value=-0.07205370259804833 0.015705425529073599 -0.19246892153115439 0.0024978116057053929 0.096400898691790138 0.090055664232573662 0.0036657886397806578 -0.0048002376093654016
leaf_weight=2.6892516805964979 6.7805544816073962 1.3105668034404496 7.8370607146061957 4.4071567116770911 2.8936666590161613 12.384282522591091 91.840980295099143
leaf_count=57 88 14 129 65 33 202 1486
internal_value=-0.00023044 0.0146853 -0.0254441 0.0474968 -0.00299275 0.0200308 -0.00671391
internal_weight=130.144 20.3353 9.14763 11.1877 109.808 15.2779 94.5302
internal_count=2074 296 143 153 1778 235 1543
is_linear=0
shrinkage=0.252688


Tree=860
num_leaves=7
num_cat=0
split_feature=19 4 4 4 2 16
split_gain=0.100413 0.421572 0.555035 0.198763 0.192297 0.0471397
threshold=0.92543181777000438 -0.58311739563941944 0.22458894550800326 3.9179333448410039 -1.436538517475128 1.805086672306061
decision_type=2 2 2 2 2 2
left_child=3 -2 -3 4 -1 -5
right_child=1 2 -4 5 -6 -7
leaf_value=-0.051650865730983611 -0.17759138434784699 0.053268475261589746 -0.060737940589137035 0.057297057800459919 0.003926160459357766 0.18307745258622804
leaf_weight=4.1318040404439662 1.0127629376947886 5.1379862355533952 5.8086655781953596 0.33106769691221316 104.47978453167707 0.44903923198580742
leaf_count=111 12 102 104 11 1718 16
internal_value=0.00032141 -0.0216614 -0.00722709 0.00272482 0.00181164 0.129774
internal_weight=121.351 11.9594 10.9467 109.392 108.612 0.780107
internal_count=2074 218 206 1856 1829 27
is_linear=0
shrinkage=0.252688


Tree=861
num_leaves=5
num_cat=0
split_feature=19 10 10 20
split_gain=0.160153 0.0898069 0.244949 0.204781
threshold=-1.7712110280990598 1.1780862212181094 0.70323345065116893 10.396747112274172
decision_type=2 2 2 2
left_child=-1 2 -2 -3
right_child=1 3 -4 -5
leaf_value=-0.17890411483521179 0.0019097369376844049 0.03147442750295177 -0.03742918430294364 -0.050805412085007037
leaf_weight=0.31892301019979541 93.344876661890595 12.455277816130545 11.333013085636081 2.2853386059869072
leaf_count=9 1626 223 167 49
internal_value=-0.000227048 0.000250911 -0.00234947 0.0187166
internal_weight=119.737 119.419 104.678 14.7406
internal_count=2074 2065 1793 272
is_linear=0
shrinkage=0.252688


Tree=862
num_leaves=6
num_cat=0
split_feature=18 18 18 8 1
split_gain=0.0681836 0.289506 0.240239 0.19514 0.143987
threshold=1.5439078211784365 1.7442370653152468 1.5142700076103213 -1.4979361295700071 0.71072274446487438
decision_type=2 2 2 2 2
left_child=2 -2 4 -3 -1
right_child=1 3 -4 -5 -6
leaf_value=0.002657898507980489 -0.17918774815186034 0.12462686148125653 0.12725709125581286 -0.034142577869303248 -0.026289024452232749
leaf_weight=112.68297856985009 0.7082278585294256 0.63564463572402097 0.95150462264427815 2.215723640436408 12.155127288715446
leaf_count=1663 35 12 9 75 280
internal_value=-0.000172319 -0.0346574 0.000803671 0.00126733 -0.000160668
internal_weight=129.349 3.5596 125.79 2.85137 124.838
internal_count=2074 122 1952 87 1943
is_linear=0
shrinkage=0.252688


Tree=863
num_leaves=6
num_cat=0
split_feature=1 20 23 1 16
split_gain=0.0997546 0.186153 0.236696 0.169467 0.12249
threshold=1.0374404788017275 -1.7422857284545896 0.22940944880247119 1.0107142329216006 2.4033796787261967
decision_type=2 2 2 2 2
left_child=3 -2 -3 4 -1
right_child=1 2 -4 -5 -6
leaf_value=0.00033694114218408639 0.15625063918021412 0.044096243561259248 -0.094659942308490452 -0.11553259376039626 -0.097936124817932541
leaf_weight=113.5375995403665 0.69003611057996739 3.8832963023669427 0.98329316076706152 0.821137675200588 0.81513354973867436
leaf_count=1881 23 83 30 24 33
internal_value=0.000409812 0.0334766 0.0160531 -0.00118565 -0.00036401
internal_weight=120.73 5.55663 4.86659 115.174 114.353
internal_count=2074 136 113 1938 1914
is_linear=0
shrinkage=0.252688


Tree=864
num_leaves=6
num_cat=0
split_feature=2 12 23 12 2
split_gain=0.0864129 0.22156 0.220526 0.16375 0.222524
threshold=0.76490977406501781 -0.77470314502716053 0.65029674768447887 -0.80946955084800709 0.74126946926116954
decision_type=2 2 2 2 2
left_child=3 -2 -3 -1 -5
right_child=1 2 -4 4 -6
leaf_value=-0.11457845045012417 0.084201865430150361 -0.10495384423461458 0.048362452515964237 0.00021910921721426477 0.076237268239604125
leaf_weight=0.7755155295599242 0.77540249750018153 2.3810677868025887 0.79997435584664334 112.05248944586492 2.5133624197915188
leaf_count=22 16 56 8 1944 28
internal_value=-0.000156065 -0.0368731 -0.0663955 0.00110355 0.00188716
internal_weight=119.298 3.95644 3.18104 115.341 114.566
internal_count=2074 80 64 1994 1972
is_linear=0
shrinkage=0.252688


Tree=865
num_leaves=6
num_cat=0
split_feature=17 15 19 17 11
split_gain=0.0781955 0.568996 0.475901 0.341101 0.152037
threshold=-0.34385664761066431 -0.33884464204311365 -0.73182156682014454 -0.34208047389984125 -0.91015434265136708
decision_type=2 2 2 2 2
left_child=1 2 -1 -2 -5
right_child=3 -3 -4 4 -6
leaf_value=0.097293789267185488 0.097375687962400745 0.17722061640860901 -0.035323885150564283 -0.099566628236783222 0.0014259987140922852
leaf_weight=1.9048191152978748 2.372732186689972 0.948143370449542 18.537657339620637 0.96002938094898027 104.19031322886349
leaf_count=23 16 6 296 13 1720
internal_value=-0.000134194 -0.0140869 -0.0229644 0.0026416 0.000503421
internal_weight=128.914 21.3906 20.4425 107.523 105.15
internal_count=2074 325 319 1749 1733
is_linear=0
shrinkage=0.252688


Tree=866
num_leaves=7
num_cat=0
split_feature=23 23 12 23 7 21
split_gain=0.0985317 0.671245 0.517854 0.429496 0.402355 0.214803
threshold=-0.36153110861778254 -0.36562334001064295 -0.32666842639446253 -0.35290591418743128 -0.09426619857549666 -0.67796674370765675
decision_type=2 2 2 2 2 2
left_child=1 2 -1 4 -2 -5
right_child=3 -3 -4 5 -6 -7
leaf_value=0.16620509558549976 0.045307334414907086 0.13369252849186411 -0.0023663310086459249 0.031586259193314772 -0.15734502598252986 -0.0075767401544335686
leaf_weight=1.1940661673434068 0.88056251592934165 2.6111547492328091 44.862898714389303 10.570411690277977 2.1579563702453006 58.048021012963545
leaf_count=17 11 24 684 149 37 1152
internal_value=0.000298517 0.00907254 0.00200585 -0.00566065 -0.0986183 -0.00154361
internal_weight=120.325 48.6681 46.057 71.657 3.03852 68.6184
internal_count=2074 725 701 1349 48 1301
is_linear=0
shrinkage=0.252688


Tree=867
num_leaves=8
num_cat=0
split_feature=20 9 11 22 11 16 9
split_gain=0.0894114 0.425842 0.296607 0.29552 0.456107 0.286718 0.243338
threshold=0.593804031610489 -0.58497241139411915 -0.037838527932763093 0.84076648950576793 0.69705823063850414 -0.2820169180631637 0.2816211879253388
decision_type=2 2 2 2 2 2 2
left_child=3 5 -3 6 -5 -2 -1
right_child=1 2 -4 4 -6 -7 -8
leaf_value=-0.011621415723285714 -0.0098945649043270922 -0.10848625466005241 0.0072477278800468833 -0.18194311475938596 -0.0053037397834113697 0.15106214242231522 0.017193342109685213
leaf_weight=52.226766586623853 1.0505545072956013 1.4870514571666742 28.558070446742931 1.497159130231011 2.4773796556637535 2.1576655991375437 29.161491579212594
leaf_count=923 27 29 471 43 76 33 472
internal_value=-0.00025271 0.0108626 0.00151774 -0.00458276 -0.0718573 0.0983623 -0.001297
internal_weight=118.616 33.2533 30.0451 85.3628 3.97454 3.20822 81.3883
internal_count=2074 560 500 1514 119 60 1395
is_linear=0
shrinkage=0.252688


Tree=868
num_leaves=7
num_cat=0
split_feature=24 24 23 18 1 1
split_gain=0.0856815 0.458573 0.291134 0.256536 0.176797 0.119194
threshold=0.89484119415283214 0.86693319678306591 0.051832344383001334 1.1668496727943423 0.92750355601310741 1.1245920658111574
decision_type=2 2 2 2 2 2
left_child=1 4 5 -4 -1 -2
right_child=2 -3 3 -5 -6 -7
leaf_value=0.0032606069063483489 -0.1825000645135014 0.1751998730696715 -0.014668453769848244 0.13724329997886631 -0.045593975388276989 -0.01944768780275033
leaf_weight=106.18392045100336 0.90165441291174164 0.973774922080337 13.958126249592166 0.74729465693235475 4.9496479463050482 0.41954494382662233
leaf_count=1551 34 8 312 6 155 8
internal_value=0.000127105 0.00259772 -0.0171545 -0.00694391 0.00108451 -0.130753
internal_weight=128.134 112.107 16.0266 14.7054 111.134 1.3212
internal_count=2074 1714 360 318 1706 42
is_linear=0
shrinkage=0.252688


Tree=869
num_leaves=8
num_cat=0
split_feature=8 23 4 5 5 16 21
split_gain=0.0956502 0.508993 0.31168 0.300273 0.522437 0.383587 0.168872
threshold=-0.31670975685119623 -0.48805241286754603 -1.4588050246238706 -0.49836373329162592 -0.34819495677947992 0.65500333905220043 0.18323978781700137
decision_type=2 2 2 2 2 2 2
left_child=1 6 -3 5 -5 -2 -1
right_child=3 2 -4 4 -6 -7 -8
leaf_value=0.18833317556440993 -0.074735495961010381 -0.1446673951224148 0.0087763771714358188 0.084742524659000201 -0.0036840770868034416 0.057113357174501757 0.043887928622298164
leaf_weight=1.305505824740979 6.9896644829423149 0.87802699868280498 22.288419604305087 4.5028303803701411 80.992354308647919 1.7641225922852752 0.855910682119429
leaf_count=30 106 28 465 89 1314 24 18
internal_value=0.000114468 0.0139005 0.00295751 -0.00359033 0.000973623 -0.0481624 0.131159
internal_weight=119.577 25.3279 23.1664 94.249 85.4952 8.75379 2.16142
internal_count=2074 541 493 1533 1403 130 48
is_linear=0
shrinkage=0.252688


Tree=870
num_leaves=8
num_cat=0
split_feature=21 21 21 12 1 6 0
split_gain=0.0875321 0.615473 0.39531 0.251819 0.200718 0.190762 0.190335
threshold=0.37071050703525549 0.44800242781639105 0.27444218099117285 -0.36734487116336817 -0.16420497000217435 1.1137854456901553 -1.0000000180025095e-35
decision_type=2 2 2 2 2 2 2
left_child=2 6 3 -1 -4 -3 -2
right_child=1 5 4 -5 -6 -7 -8
leaf_value=-0.028872174970017934 -0.045764294165959972 0.0078129679700640348 0.1448373722515284 0.0074517343146091874 0.034468403071243339 -0.051902993299418124 -0.16219520642403676
leaf_weight=15.160030009566979 1.6439028719905766 28.385366758047553 1.7423261669464407 62.116728877001151 2.6559062575688577 3.8824096620082846 1.9729093488131173
leaf_count=247 27 512 26 1083 54 96 29
internal_value=-5.05142e-05 -0.0104527 0.00451981 0.000325602 0.0782027 0.00062726 -0.10929
internal_weight=117.56 35.8846 81.675 77.2768 4.39823 32.2678 3.61681
internal_count=2074 664 1410 1330 80 608 56
is_linear=0
shrinkage=0.252688


Tree=871
num_leaves=6
num_cat=0
split_feature=4 4 4 15 7
split_gain=0.0816836 0.352642 0.584438 0.339253 0.321569
threshold=-0.93245598673820485 -0.90964746475219715 -0.87317728996276844 -0.32394683361053461 0.19689618051052096
decision_type=2 2 2 2 2
left_child=3 -2 -3 4 -1
right_child=1 2 -4 -5 -6
leaf_value=0.0091519182281372784 0.11058908789741562 -0.18834021453435376 0.0020623776087243541 -0.12556889658206269 -0.15452798149996197
leaf_weight=10.173057814627096 1.8817350788158353 1.0384055861504737 111.54137454595548 1.6644263039343048 0.82830230519175607
leaf_count=192 16 16 1813 24 13
internal_value=-1.18661e-05 0.00211884 0.000305268 -0.0192665 -0.00317839
internal_weight=127.127 114.462 112.58 12.6658 11.0014
internal_count=2074 1845 1829 229 205
is_linear=0
shrinkage=0.252688


Tree=872
num_leaves=8
num_cat=0
split_feature=11 11 4 2 12 21 4
split_gain=0.0826794 0.396808 0.722866 0.36139 0.66888 0.27799 0.198753
threshold=-0.63151198625564564 -0.60932108759880055 -0.67542883753776539 -0.167579710483551 0.37624990940094 0.017076550051569942 -0.69371965527534474
decision_type=2 2 2 2 2 2 2
left_child=3 2 -2 4 -1 -5 -3
right_child=1 6 -4 5 -6 -7 -8
leaf_value=-0.09226535091661929 0.069676863046436263 -0.02605016231506491 -0.11873661396374455 0.098706924173599664 0.018828168465903614 0.0048641863073755343 0.0065167357274176878
leaf_weight=4.4772321348718895 1.8244257098995147 14.433043942677612 4.5216334564611307 4.5165756617207062 15.231960723904193 3.6397325900616124 69.972988888119289
leaf_count=66 25 274 39 74 245 70 1281
internal_value=6.27929e-05 -0.0036339 -0.0645682 0.012102 -0.00641008 0.056833 0.000947801
internal_weight=118.618 90.7521 6.34606 27.8655 19.7092 8.15631 84.406
internal_count=2074 1619 64 455 311 144 1555
is_linear=0
shrinkage=0.252688


Tree=873
num_leaves=7
num_cat=0
split_feature=10 0 0 19 10 14
split_gain=0.0823601 0.360054 0.444746 0.1995 0.198922 0.137714
threshold=-0.63295421004295338 -1.0000000180025095e-35 1.0000000180025095e-35 -0.3343318104743957 -0.6134158968925475 0.28472222387790685
decision_type=2 2 2 2 2 2
left_child=1 3 -3 -1 -2 -6
right_child=4 2 -4 -5 5 -7
leaf_value=0.16366499813607005 0.11679853084257441 -0.083442989374833007 0.017995234743139032 -0.011680858770785597 0.0089681048957396328 -0.0098030966446390581
leaf_weight=0.97513501567300409 0.95886496221646567 5.8783165639906638 5.2013887408247683 0.71994281094521173 60.322300844644218 42.563363774210757
leaf_count=23 16 106 106 26 1095 702
internal_value=-8.48095e-05 -0.0192301 -0.0358239 0.0892099 0.00227049 0.00120251
internal_weight=116.619 12.7748 11.0797 1.69508 103.845 102.886
internal_count=2074 261 212 49 1813 1797
is_linear=0
shrinkage=0.252688


Tree=874
num_leaves=4
num_cat=0
split_feature=14 14 0
split_gain=0.070955 0.171136 0.108626
threshold=-1.7291666269302366 -1.7013888359069822 1.0000000180025095e-35
decision_type=2 2 2
left_child=-1 -2 -3
right_child=1 2 -4
leaf_value=0.058918545811165249 -0.18072534831026221 0.0049424946364038866 -0.010992723479472983
leaf_weight=1.2865092003485177 0.33579327282495697 84.128723518646439 40.4449103653169
leaf_count=16 6 1486 566
internal_value=-0.000108935 -0.000717148 -0.000231154
internal_weight=126.196 124.909 124.574
internal_count=2074 2058 2052
is_linear=0
shrinkage=0.252688


Tree=875
num_leaves=4
num_cat=0
split_feature=15 15 17
split_gain=0.0970516 0.147929 0.108975
threshold=-0.60796841979026783 -0.6036110222339629 -0.43770223855972284
decision_type=2 2 2
left_child=-1 -2 -3
right_child=1 2 -4
leaf_value=-0.091941017486394702 0.12663134918976379 -0.0805595979471595 0.00087180952040898704
leaf_weight=0.72486134478822251 0.59273158200085063 1.0584343585651357 115.29737755439783
leaf_count=18 9 14 2033
internal_value=0.000200886 0.000772417 0.000130692
internal_weight=117.673 116.949 116.356
internal_count=2074 2056 2047
is_linear=0
shrinkage=0.252688


Tree=876
num_leaves=7
num_cat=0
split_feature=12 21 10 13 7 9
split_gain=0.0889826 0.243772 0.219428 0.402844 0.329006 0.201824
threshold=1.0541478395462038 -0.67796674370765675 1.5025941729545595 -0.47076022624969477 -1.7285117506980894 -0.99418321251869191
decision_type=2 2 2 2 2 2
left_child=2 -2 4 -4 -1 -3
right_child=1 5 3 -5 -6 -7
leaf_value=-0.18314036484850307 -0.17323583993684738 0.13988434154600571 0.17315588512306643 0.010028974376203287 0.0016436448810953773 -0.015150545309697797
leaf_weight=0.61887176265008648 0.60673852858599531 0.55204159236746164 1.3445025291293857 3.4360521779744877 91.576630652043605 18.039141437644815
leaf_count=10 35 8 27 86 1551 357
internal_value=2.78307e-05 -0.0156896 0.00313942 0.0559218 0.000402206 -0.0105431
internal_weight=116.174 19.1979 96.9761 4.78055 92.1955 18.5912
internal_count=2074 400 1674 113 1561 365
is_linear=0
shrinkage=0.252688


Tree=877
num_leaves=8
num_cat=0
split_feature=3 3 3 3 19 10 10
split_gain=0.0688854 0.456363 0.680517 0.403594 0.239647 0.203586 0.109736
threshold=-0.10557855293154715 -0.025383396074175831 -0.057440448552370064 -0.13559880852699277 0.4854282289743424 -0.44106310606002802 -0.36733645200729365
decision_type=2 2 2 2 2 2 2
left_child=3 2 -2 4 -1 -5 -3
right_child=1 6 -4 5 -6 -7 -8
leaf_value=-0.006198125070862935 -0.0067834605364636372 0.01707202645601669 -0.203181508149616 0.15135937028417673 0.044284663374153883 0.010425268349105957 -0.0058438154815296309
leaf_weight=40.19297552207172 2.9982718747778563 17.813734498849954 1.804005426733055 1.7867235894082116 7.0580799587187348 1.0327389497542743 53.156334567378508
leaf_count=813 56 239 32 13 64 27 830
internal_value=-0.000387378 -0.00519321 -0.0805761 0.00688531 0.00134307 0.0997488 -9.17556e-05
internal_weight=125.843 75.7723 4.80228 50.0705 47.2511 2.81946 70.9701
internal_count=2074 1157 88 917 877 40 1069
is_linear=0
shrinkage=0.252688


Tree=878
num_leaves=8
num_cat=0
split_feature=16 16 21 18 21 23 13
split_gain=0.0792701 0.341077 0.437601 0.315882 0.28975 0.554581 0.230663
threshold=0.64477971196174633 0.52269333600997936 1.0532636642456057 0.34138306975364691 -0.0099115101620554907 0.045702902600169189 0.64035075902938854
decision_type=2 2 2 2 2 2 2
left_child=1 2 -1 -3 5 -2 -6
right_child=4 3 -4 -5 6 -7 -8
leaf_value=-0.001832582195003345 0.21117450283678299 -0.11292060842648592 0.10085389617902357 -0.0036820405082663614 -0.016789317848787903 -0.0028586684224356992 0.041437081858310895
leaf_weight=85.02711453899974 1.3024963592761225 3.3327188747934988 2.7345539096859275 3.4290935224853456 13.271060831564684 1.9002098005730657 6.4575562777608857
leaf_count=1353 25 48 89 64 318 43 134
internal_value=0.000387503 -0.00284582 0.00136758 -0.0575277 0.0137152 0.0842057 0.00226983
internal_weight=117.455 94.5235 87.7617 6.76181 22.9313 3.20271 19.7286
internal_count=2074 1554 1442 112 520 68 452
is_linear=0
shrinkage=0.252688


Tree=879
num_leaves=8
num_cat=0
split_feature=16 16 4 8 16 13 14
split_gain=0.0867352 0.321855 0.39454 0.305398 0.257649 0.219471 0.186295
threshold=-0.29240749776363367 -0.26044738292694086 -0.046258177608251565 -0.40836641192436213 -0.298016607761383 1.2982455492019656 -1.7569443583488462
decision_type=2 2 2 2 2 2 2
left_child=3 2 -2 5 -5 -1 -3
right_child=1 6 -4 4 -6 -7 -8
leaf_value=-0.17421115946942142 -0.18941726196580577 -0.17596053399894324 0.0013286310423112448 0.010548214295905531 0.12680051448209764 0.03652347699683002 -0.0008617557058106421
leaf_weight=0.9540883864974592 1.3192963241599502 0.3894458613358428 1.4564015910727892 33.687968667050882 1.262406998022924 0.47111603617668152 75.712558471652528
leaf_count=33 16 9 24 567 15 6 1404
internal_value=-0.000134582 -0.00484201 -0.0893517 0.010073 0.0147491 -0.104562 -0.00175904
internal_weight=115.253 78.8777 2.7757 36.3756 34.9504 1.4252 76.102
internal_count=2074 1453 40 621 582 39 1413
is_linear=0
shrinkage=0.252688


Tree=880
num_leaves=8
num_cat=0
split_feature=4 4 4 5 1 1 6
split_gain=0.0807817 0.690332 0.36605 0.294642 0.294385 0.361753 0.244096
threshold=0.37608596682548529 0.31862710416316992 0.2993974387645722 0.21831270307302478 0.20901288092136386 0.76818522810935985 -0.1597374156117439
decision_type=2 2 2 2 2 2 2
left_child=1 2 -1 -3 6 -6 -2
right_child=4 3 -4 -5 5 -7 -8
leaf_value=-0.002015164167716554 -0.084382243915928842 -0.039057351950757907 0.11561302486640752 -0.1916049458208372 0.1026787159574632 -0.046052704563474767 0.0068801246796489695
leaf_weight=88.80506926806811 2.0320641883881825 1.5532222366891795 1.7214461918338191 1.686319106724113 4.0455404478125265 1.4070255468832327 23.582435931370128
leaf_count=1482 54 38 24 26 31 50 369
internal_value=-0.000179501 -0.00387953 0.000222292 -0.118484 0.0109877 0.0642978 -0.000361491
internal_weight=124.833 93.7661 90.5265 3.23954 31.0671 5.45257 25.6145
internal_count=2074 1570 1506 64 504 81 423
is_linear=0
shrinkage=0.252688


Tree=881
num_leaves=8
num_cat=0
split_feature=8 11 4 8 24 24 12
split_gain=0.0852287 0.716462 0.339369 0.241886 0.446639 0.20453 0.0731644
threshold=-0.31670975685119623 -0.73087137937545765 -1.4228082895278928 -0.24629069119691846 -0.057857431471347802 -0.50259676575660694 0.59904274344444286
decision_type=2 2 2 2 2 2 2
left_child=1 6 -3 4 -2 -5 -1
right_child=3 2 -4 5 -6 -7 -8
leaf_value=0.073521521686688907 0.037427841542961873 -0.11045285591011615 0.0098106337561776197 -0.027931579429049249 -0.11459816941786805 0.0053678712729627381 0.19250877113448461
leaf_weight=0.43123714276589709 2.0060228863731027 1.613231286488374 20.923815805241247 14.050421952008035 3.204498929262626 72.789000275544822 1.4179418217390773
leaf_count=13 29 32 461 265 35 1204 35
internal_value=0.000325673 0.0136078 0.00119957 -0.00319312 -0.0560708 -2.00257e-05 0.16479
internal_weight=116.436 24.3862 22.537 92.0499 5.21052 86.8394 1.84918
internal_count=2074 541 493 1533 64 1469 48
is_linear=0
shrinkage=0.252688


Tree=882
num_leaves=6
num_cat=0
split_feature=14 9 16 14 9
split_gain=0.0721865 0.309684 0.208878 0.169135 0.148171
threshold=1.5902777910232546 -0.23665004968643186 0.79628950357437145 1.5208333134651186 1.6908938288688662
decision_type=2 2 2 2 2
left_child=3 -2 -3 4 -1
right_child=1 2 -4 -5 -6
leaf_value=0.0014537832103362889 0.120375019581985 -0.16357150455989011 0.020044029737067245 0.088723572637440115 -0.041039976718174317
leaf_weight=105.21262310229213 0.54723960720002685 1.1035399079555634 0.61628468520939339 1.3678258694708336 5.5134598059894406
leaf_count=1889 10 31 9 17 118
internal_value=-0.000474115 -0.0451097 -0.0977877 0.000428821 -0.000662311
internal_weight=114.361 2.26706 1.71982 112.094 110.726
internal_count=2074 50 40 2024 2007
is_linear=0
shrinkage=0.252688


Tree=883
num_leaves=6
num_cat=0
split_feature=2 1 2 21 3
split_gain=0.0721119 0.433811 0.260645 0.158119 0.0930814
threshold=-1.9367952346801756 -2.2955566644668575 -1.8545773625373838 2.0181746482849126 -0.092847794294357286
decision_type=2 2 2 2 2
left_child=1 -1 -2 -4 -3
right_child=2 4 3 -5 -6
leaf_value=0.13672103787599094 0.1227049117165878 -0.015944290324409704 0.00062159202410216484 -0.085375727411474756 -0.17837813013016152
leaf_weight=0.53802058519795526 1.108418758609331 0.30280731618404377 119.51715449819312 1.3804063527622918 0.88049769811914202
leaf_count=11 18 5 1924 87 29
internal_value=3.31658e-05 -0.0513175 0.000757879 -0.000360681 -0.136838
internal_weight=123.727 1.72133 122.006 120.898 1.18331
internal_count=2074 45 2029 2011 34
is_linear=0
shrinkage=0.252688


Tree=884
num_leaves=8
num_cat=0
split_feature=19 8 15 13 19 2 19
split_gain=0.0847156 0.430147 0.587306 0.542197 0.139923 0.379115 0.145267
threshold=0.92543181777000438 0.113753329962492 -0.44153791666030878 0.95614027976989757 0.84132102131843578 0.25190339982509619 0.80816006660461437
decision_type=2 2 2 2 2 2 2
left_child=4 2 -2 -3 6 -6 -1
right_child=1 3 -4 -5 5 -7 -8
leaf_value=0.0024622640366319744 -0.086774424068745304 -0.065218753536279733 0.1962371794074825 0.11949770305999155 0.11248737765938906 -0.092734490676624468 -0.067578907117106873
leaf_weight=99.203422306309221 0.76203265599906433 8.2958570907940139 1.2126419441774476 1.1555327947717149 2.1338591247331347 0.7861278299242257 1.9269359552126832
leaf_count=1776 20 141 15 42 44 12 24
internal_value=0.000433987 -0.0202189 0.0870275 -0.0426296 0.00270205 0.0572297 0.00112734
internal_weight=115.476 11.4261 1.97467 9.45139 104.05 2.91999 101.13
internal_count=2074 218 35 183 1856 56 1800
is_linear=0
shrinkage=0.252688


Tree=885
num_leaves=7
num_cat=0
split_feature=4 6 19 4 21 4
split_gain=0.0746207 0.461621 0.556261 0.189727 0.314298 0.175591
threshold=-1.8424841761589048 0.18161923438310626 -0.1377754211425781 -1.4228082895278928 -0.082028340548276887 -1.1557195782661436
decision_type=2 2 2 2 2 2
left_child=1 -1 -3 4 -2 -5
right_child=3 2 -4 5 -6 -7
leaf_value=-0.17831208425366252 0.15767223450683102 -0.15679033408063561 0.10243034053163451 -0.11063967906231001 0.0077214404216568184 -0.00035382419652422542
leaf_weight=1.0351378367340651 1.2821415850194169 0.7634482656139886 1.7149680424481626 0.92942236798091826 2.9344407978201152 105.04609961924689
leaf_count=26 20 20 26 36 61 1885
internal_value=-0.000386003 -0.0366346 0.0225634 0.000769968 0.0533315 -0.00132161
internal_weight=113.706 3.51355 2.47842 110.192 4.21658 105.976
internal_count=2074 72 46 2002 81 1921
is_linear=0
shrinkage=0.252688


Tree=886
num_leaves=7
num_cat=0
split_feature=19 19 19 10 3 4
split_gain=0.0800739 0.190992 0.276457 0.272743 0.146442 0.251908
threshold=1.3487916588783266 1.1894499063491824 1.1703495383262636 0.14612852036952975 0.59113806486129772 1.8649486899375918
decision_type=2 2 2 2 2 2
left_child=1 2 -1 -3 -2 -6
right_child=4 3 -4 -5 5 -7
leaf_value=-0.0011754879906003847 0.13784364030380358 0.1376401332854337 0.12035505706635749 -0.17615717014431603 -0.17365253447819701 0.076272582260589972
leaf_weight=118.77073191311865 0.75422492751385917 0.22509700572118052 1.2067777230404306 0.81899836647789925 0.38067304948344804 0.79306356981396675
leaf_count=1977 10 4 8 36 31 8
internal_value=-7.51996e-05 -0.000889241 4.74237e-05 -0.108469 0.0510092 -0.00482505
internal_weight=122.95 121.022 119.978 1.0441 1.92796 1.17374
internal_count=2074 2025 1985 40 49 39
is_linear=0
shrinkage=0.252688


Tree=887
num_leaves=7
num_cat=0
split_feature=15 4 13 22 5 15
split_gain=0.0742825 0.222981 0.290096 0.180667 0.241212 0.22386
threshold=4.5103371143341073 -0.50164476037025441 0.81578931212425243 1.0841760039329531 1.4354260563850405 1.8631288409233095
decision_type=2 2 2 2 2 2
left_child=3 -2 -3 5 -5 -1
right_child=1 2 -4 4 -6 -7
leaf_value=0.0017169810664020601 0.1188083897971723 0.1269765500374069 -0.103138088446229 0.094761240140308706 -0.048928324406308892 -0.064070324489267208
leaf_weight=104.44665688133136 0.48842694237828288 0.41458218643674571 2.2245420523977373 2.7544007406104352 1.0225563514977691 3.409945589490234
leaf_count=1802 13 18 57 94 23 67
internal_value=0.00046303 -0.037942 -0.0669705 0.00153918 0.0558576 -0.000363211
internal_weight=114.761 3.12755 2.63912 111.634 3.77696 107.857
internal_count=2074 88 75 1986 117 1869
is_linear=0
shrinkage=0.252688


Tree=888
num_leaves=7
num_cat=0
split_feature=7 7 6 18 18 18
split_gain=0.0735628 0.183651 0.201782 0.144187 0.307196 0.113047
threshold=-1.3090813755989072 -1.3342393636703489 0.30415751039981848 1.7442370653152468 1.8413830995559695 1.5142700076103213
decision_type=2 2 2 2 2 2
left_child=1 2 -1 5 -5 -2
right_child=3 -3 -4 4 -6 -7
leaf_value=-0.091383830168961427 0.00037315081456275269 -0.16807110926129623 0.041165272560951052 0.19035588993903649 0.00094459612155974775 -0.067257668673666116
leaf_weight=1.2142026337096474 105.0872820026143 0.56518149375915427 1.849888796568848 0.79541450610849951 1.7462233055468344 1.6016525337763585
leaf_count=34 1859 9 56 12 68 36
internal_value=-0.000401323 -0.0357907 -0.011366 0.000774673 0.0602493 -0.000642462
internal_weight=112.86 3.62927 3.06409 109.231 2.54164 106.689
internal_count=2074 99 90 1975 80 1895
is_linear=0
shrinkage=0.252688


Tree=889
num_leaves=8
num_cat=0
split_feature=7 7 5 9 9 9 24
split_gain=0.0667607 0.708212 0.431874 0.211488 0.611183 0.276929 0.197594
threshold=0.61893975734710704 0.48158465325832372 0.90371340513229381 -0.093477994203567491 -0.41200682520866388 0.82944196462631237 0.70616868138313305
decision_type=2 2 2 2 2 2 2
left_child=1 6 -3 4 -2 -5 -1
right_child=3 2 -4 5 -6 -7 -8
leaf_value=0.0056916035461726739 0.036684342709162696 -0.18150601857126814 0.012331110757696495 0.050607040767823235 -0.09227708974089513 -0.021361051755897777 -0.027844253053273996
leaf_weight=79.995887404931636 5.4944595445704181 2.2295264861404571 1.093837515596533 11.342006098944696 4.0947902133193583 4.8835781195521113 13.047465455601921
leaf_count=1269 81 75 29 160 80 95 285
internal_value=-4.84325e-05 -0.00310558 -0.117715 0.0113637 -0.0183865 0.028946 0.000988726
internal_weight=122.182 96.3667 3.32336 25.8148 9.58925 16.2256 93.0434
internal_count=2074 1658 104 416 161 255 1554
is_linear=0
shrinkage=0.252688


Tree=890
num_leaves=7
num_cat=0
split_feature=7 18 8 7 10 9
split_gain=0.0811441 0.267638 0.358425 0.167512 0.430247 0.19279
threshold=-0.91985094547271717 -0.34961585700511927 -0.18365976214408872 -0.49952119588851923 0.31953288614749914 -0.87094116210937489
decision_type=2 2 2 2 2 2
left_child=1 -1 -3 4 -2 -5
right_child=3 2 -4 5 -6 -7
leaf_value=0.18785356853450264 -0.0057291754052229086 0.027842547874562848 -0.12632081479833016 0.061750186721939285 -0.11217477721280567 0.00024030193879405571
leaf_weight=0.58180345036089498 13.084139586600942 9.2392975528491643 1.0744569569360436 3.3846066456753752 2.9755183566594487 83.732249919030437
leaf_count=15 238 214 16 67 50 1474
internal_value=0.000448947 0.0211875 0.0117765 -0.00174115 -0.0254544 0.00263042
internal_weight=114.072 10.8956 10.3138 103.177 16.0597 87.1169
internal_count=2074 245 230 1829 288 1541
is_linear=0
shrinkage=0.252688


Tree=891
num_leaves=7
num_cat=0
split_feature=1 21 24 24 19 1
split_gain=0.071238 0.200518 0.21833 0.142718 0.132652 0.124679
threshold=1.0522961616516116 0.9773848056793214 -1.2945454120635984 0.78470501303672802 -1.7712110280990598 0.23093184828758243
decision_type=2 2 2 2 2 2
left_child=4 2 -2 -3 -1 -6
right_child=1 3 -4 -5 5 -7
leaf_value=-0.17714250705827347 0.069172462162616966 0.14814493914136204 -0.116959590055355 -0.053890784634491894 -0.0050822281542997191 0.012816519072203542
leaf_weight=0.26624468248337407 0.51503606326878149 0.53062266116495482 1.8341196220571863 0.38473229049122892 70.116149859006327 38.489975337695796
leaf_count=9 7 28 64 21 1314 631
internal_value=-0.00027897 -0.0370563 -0.0761445 0.0632438 0.000823949 0.0012611
internal_weight=112.137 3.26451 2.34916 0.915355 108.872 108.606
internal_count=2074 120 71 49 1954 1945
is_linear=0
shrinkage=0.252688


Tree=892
num_leaves=6
num_cat=0
split_feature=12 13 8 9 8
split_gain=0.0646733 0.0864044 0.0735784 0.328896 0.215629
threshold=-0.80946955084800709 0.30701750516891485 -0.32604986429214472 1.4042883515357973 -0.17771297693252561
decision_type=2 2 2 2 2
left_child=1 -1 3 -2 -4
right_child=2 -3 4 -5 -6
leaf_value=0.11028336507555925 -0.034845220643304795 -0.022071007773091188 0.028658647031462793 0.043847672345222556 -0.0031829589836972231
leaf_weight=0.76545715855900087 13.813637739891421 0.53456332674250007 16.143384608818451 4.4940835321676778 85.490931664899108
leaf_count=14 401 22 208 95 1334
internal_value=-0.000173748 0.0558718 -0.000781467 -0.0155273 0.0018748
internal_weight=121.242 1.30002 119.942 18.3077 101.634
internal_count=2074 36 2038 496 1542
is_linear=0
shrinkage=0.252688


Tree=893
num_leaves=7
num_cat=0
split_feature=3 4 24 24 4 3
split_gain=0.0767793 0.368761 0.336399 0.558003 0.391282 0.227091
threshold=0.45084986090660101 1.1085863113403323 -0.079289801418781267 0.069075964391231551 3.586815714836121 0.43156272172927862
decision_type=2 2 2 2 2 2
left_child=1 5 4 -4 -2 -1
right_child=2 -3 3 -5 -6 -7
leaf_value=0.0009062674658970579 -0.073778803819392474 0.17674994158456486 0.13278417374518151 -0.0067229966056366582 0.042639708576742479 0.10599433278437669
leaf_weight=84.434091593124322 7.9912045457167569 0.78239052335265924 2.1009365294594344 14.206678344227837 2.3956560887163505 1.3332008626312006
leaf_count=1486 152 31 36 295 53 21
internal_value=0.000462274 0.00411636 -0.0113849 0.0112536 -0.0469268 0.00254046
internal_weight=113.244 86.5497 26.6945 16.3076 10.3869 85.7673
internal_count=2074 1538 536 331 205 1507
is_linear=0
shrinkage=0.252688


Tree=894
num_leaves=8
num_cat=0
split_feature=22 22 21 20 20 21 1
split_gain=0.0746933 0.558632 0.421408 0.279838 0.379083 0.31498 0.165355
threshold=-0.077384583652019487 -0.042105251923203461 -0.8015742003917693 0.26446793973445898 0.19727240502834323 0.17396893352270129 -1.5034211874008176
decision_type=2 2 2 2 2 2 2
left_child=3 2 -2 4 -1 -5 -3
right_child=1 6 -4 5 -6 -7 -8
leaf_value=0.0086367804123919315 0.067062296442795113 -0.12351692214906732 -0.17476048086604379 -0.1773809918894021 0.17640097880683264 0.027299637813023577 0.00046348233546751041
leaf_weight=41.75458707731741 0.59495198016520623 0.69383621891029079 2.0261696539819232 1.0744890295609355 0.87757312622852524 0.86718026568996709 63.695950822064816
leaf_count=767 12 16 76 17 19 21 1146
internal_value=-0.000196833 -0.00552883 -0.119868 0.00781906 0.0120923 -0.0859841 -0.000873457
internal_weight=111.585 67.0109 2.62112 44.5738 42.6322 1.94167 64.3898
internal_count=2074 1250 88 824 786 38 1162
is_linear=0
shrinkage=0.252688


Tree=895
num_leaves=8
num_cat=0
split_feature=16 16 15 8 3 10 3
split_gain=0.0729606 0.42752 0.290664 0.530824 0.45855 0.111595 0.0980652
threshold=-0.68387052416801442 -0.60224580764770497 -0.33884464204311365 -0.21724182367324826 0.089222453534603133 -0.42472364008426661 0.27273608744144445
decision_type=2 2 2 2 2 2 2
left_child=2 6 4 -4 -1 -3 -2
right_child=1 5 3 -5 -6 -7 -8
leaf_value=-0.18312534163450195 -0.17959837147392554 -0.014038097349180588 -0.038237347450320341 0.11628055912354671 0.012463630354083658 0.0044983968427387199 -0.042146333425424717
leaf_weight=0.95826176565606136 1.0283183358842496 27.939335763003328 2.3104478418827057 3.6802531606517714 3.7934419582597911 80.445776417314846 0.48954514926299442
leaf_count=25 42 424 26 39 36 1470 12
internal_value=-0.000202517 -0.00214532 0.0196729 0.0566889 -0.0269959 -0.000279942 -0.135298
internal_weight=120.645 109.903 10.7424 5.9907 4.7517 108.385 1.51786
internal_count=2074 1948 126 65 61 1894 54
is_linear=0
shrinkage=0.252688


Tree=896
num_leaves=7
num_cat=0
split_feature=4 4 17 17 24 6
split_gain=0.0887803 0.164899 0.40187 0.143686 0.188553 0.0933162
threshold=3.7875136137008671 1.7535226941108706 1.2320468425750735 1.2700583934783938 0.010330330580472948 -0.11159736663103102
decision_type=2 2 2 2 2 2
left_child=1 5 -3 4 -2 -1
right_child=3 2 -4 -5 -6 -7
leaf_value=0.0094040087605517728 0.011782368903909844 0.12082157584872183 -0.026325246466275407 0.075237503964178082 -0.15722135515922553 -0.0062626110454092757
leaf_weight=37.788976880345217 0.74537186484667406 2.3782370401604558 2.3613332248060033 0.45974270999431599 0.96934400461032055 67.884582515529473
leaf_count=663 26 61 43 14 32 1235
internal_value=0.000412103 0.00140801 0.0475155 -0.0501446 -0.0837751 -0.000660179
internal_weight=112.588 110.413 4.73957 2.17446 1.71472 105.674
internal_count=2074 2002 104 72 58 1898
is_linear=0
shrinkage=0.252688


Tree=897
num_leaves=7
num_cat=0
split_feature=13 17 15 17 5 7
split_gain=0.0724855 0.373961 0.215239 0.211656 0.449468 0.17724
threshold=1.0730993151664736 1.2700583934783938 4.6590611934661874 1.2991285324096682 -1.1663169860839842 -1.068440794944763
decision_type=2 2 2 2 2 2
left_child=3 -2 -3 5 -5 -1
right_child=1 2 -4 4 -6 -7
leaf_value=-0.04250186770305938 0.090106277174688512 -0.11934293146103997 0.0030940783536730311 -0.18101650278109796 0.056915201694247221 0.00090906341815476591
leaf_weight=6.4280260112136594 1.2500827936455596 2.2396454328263649 1.5517969233915208 0.54334362974441308 7.4693685525708116 91.199964638692251
leaf_count=162 22 83 20 14 153 1620
internal_value=-0.000121725 -0.0297211 -0.069237 0.00129098 0.04077 -0.0019494
internal_weight=110.682 5.04153 3.79144 105.641 8.01271 97.628
internal_count=2074 125 103 1949 167 1782
is_linear=0
shrinkage=0.252688


Tree=898
num_leaves=7
num_cat=0
split_feature=4 16 16 10 4 4
split_gain=0.0822366 0.329137 0.445985 0.271397 0.242093 0.480828
threshold=-0.93245598673820485 -0.31967553496360773 -0.18517676740884778 -0.68436050415039051 -0.90964746475219715 -0.87317728996276844
decision_type=2 2 2 2 2 2
left_child=1 3 -3 -1 -2 -6
right_child=4 2 -4 -5 5 -7
leaf_value=-0.0063190724853328956 0.096236526331307401 0.10786014332179897 -0.027611911772170976 -0.18444985424510912 -0.18456065380499917 0.0022267709979191621
leaf_weight=0.96113203023560378 1.7193335403571826 1.9567830427549768 7.4857724071589464 1.2644584474619467 0.88683194288751011 105.51102886299122
leaf_count=15 16 26 152 36 16 1813
internal_value=1.41123e-05 -0.0201394 0.000466311 -0.107544 0.0021892 0.000668966
internal_weight=119.785 11.6681 9.44256 2.22559 108.117 106.398
internal_count=2074 229 178 51 1845 1829
is_linear=0
shrinkage=0.252688


Tree=899
num_leaves=7
num_cat=0
split_feature=6 13 4 14 3 9
split_gain=0.0909988 0.417689 0.267878 0.206148 0.117408 0.10431
threshold=-0.78118157386779774 -0.80409348011016835 -0.67159485816955555 1.673611104488373 0.27273608744144445 -0.11029434949159621
decision_type=2 2 2 2 2 2
left_child=1 2 -1 4 -2 -3
right_child=3 5 -4 -5 -6 -7
leaf_value=-0.045702604014886156 0.0062649817140585312 -0.042339036505028758 0.15240749944685053 0.13055438321428223 -0.011649687977106065 -0.15905925959247483
leaf_weight=0.87440256343688838 72.80095853057901 0.78859933279454741 0.86791953351348639 0.78357960702851315 34.393806383188348 1.2880612418521185
leaf_count=25 1308 10 17 19 677 18
internal_value=0.000105378 -0.0382256 0.0529994 0.00146126 0.000516957 -0.114758
internal_weight=111.797 3.81898 1.74232 107.978 107.195 2.07666
internal_count=2074 70 42 2004 1985 28
is_linear=0
shrinkage=0.252688


Tree=900
num_leaves=8
num_cat=0
split_feature=1 4 1 1 12 1 13
split_gain=0.0715195 0.424788 0.326419 0.275944 0.46754 0.184884 0.0277236
threshold=0.37427954375743872 -0.85629725456237782 0.51512554287910473 0.3097051084041596 -0.12236534059047698 0.28507675230503088 0.19005841761827472
decision_type=2 2 2 2 2 2 2
left_child=3 6 -3 5 -5 -1 -2
right_child=1 2 -4 4 -6 -7 -8
leaf_value=-0.003501050733097982 -0.099097230248538157 0.072250752660009659 0.0034103332909896219 -0.17471053085469393 0.046196426402878979 0.084028616975078033 -0.18739920385344488
leaf_weight=72.074026107424288 0.36395471411751046 5.2355329704005262 27.479594135162188 1.5265579224214891 1.0202636088943098 1.5739753333036777 0.61337030673166737
leaf_count=1362 17 84 505 39 25 24 18
internal_value=-0.00017118 0.00952308 0.0144282 -0.00445792 -0.0862228 -0.00162979 -0.154588
internal_weight=109.887 33.6925 32.7151 76.1948 2.54682 73.648 0.977325
internal_count=2074 624 589 1450 64 1386 35
is_linear=0
shrinkage=0.252688


Tree=901
num_leaves=8
num_cat=0
split_feature=10 10 10 9 21 21 10
split_gain=0.0747684 0.474163 0.704063 0.583111 0.19314 0.724072 0.261543
threshold=-0.36733645200729365 -0.42472364008426661 -0.44106310606002802 0.77507686614990245 -0.48184575140476221 -0.59178611636161793 -0.30172300338745112
decision_type=2 2 2 2 2 2 2
left_child=1 2 -1 -3 5 -2 -6
right_child=4 3 -4 -5 6 -7 -8
leaf_value=0.0031802453807436267 0.0040996759389268257 0.10057693179765498 -0.19775013120276572 -0.098173157834382241 -0.072053250190764057 -0.15417343936258557 0.0034012954593970468
leaf_weight=33.044160083896713 6.8239632886979962 5.865213837940245 1.1517979799245939 1.1225594282150266 3.0707064489251925 2.5292485167738032 65.25888111475706
leaf_count=485 129 84 24 20 73 56 1203
internal_value=-3.74524e-05 0.00866636 -0.00359046 0.0686433 -0.00465184 -0.0387059 9.84501e-06
internal_weight=118.867 41.1837 34.196 6.98777 77.6828 9.35321 68.3296
internal_count=2074 613 509 104 1461 185 1276
is_linear=0
shrinkage=0.252688


Tree=902
num_leaves=7
num_cat=0
split_feature=16 21 11 15 16 21
split_gain=0.0868323 0.305826 0.568612 0.299701 0.269859 0.237807
threshold=-0.36184741556644434 0.035274948924779899 -0.63151198625564564 -0.44153791666030878 -0.34138444066047663 -0.022723059169948098
decision_type=2 2 2 2 2 2
left_child=1 3 -3 -1 -2 -6
right_child=4 2 -4 -5 5 -7
leaf_value=-0.083597188482790352 0.12881246873102534 0.19937671034314558 -0.005461806095111872 -0.0098671456932166775 0.019548285493629795 -0.0084560106378866601
leaf_weight=4.2411664681421888 1.098424112657084 1.1857013491971882 3.1980650549521661 20.696950136101805 32.268613365798956 48.40482461560714
leaf_count=80 24 19 72 338 584 957
internal_value=0.000209407 -0.0115879 0.049959 -0.0224078 0.00443975 0.00274548
internal_weight=111.094 29.3219 4.38377 24.9381 81.7719 80.6734
internal_count=2074 509 91 418 1565 1541
is_linear=0
shrinkage=0.252688


Tree=903
num_leaves=6
num_cat=0
split_feature=19 24 15 9 19
split_gain=0.0694878 0.0968662 0.0933386 0.0909035 0.0753647
threshold=1.4818525314331057 8.6003561019897479 0.46269737184047705 0.2482416778802872 0.7146601974964143
decision_type=2 2 2 2 2
left_child=1 4 -2 -3 -1
right_child=2 3 -4 -5 -6
leaf_value=-0.0035901643430516876 0.012342204389065867 0.18088917204944674 -0.17213032775463463 -0.0023400092306237754 0.013569963503074293
leaf_weight=87.386744751347123 0.35117294127121468 0.36552009242586692 0.34867645241320133 0.32757079321891069 20.0999418306601
leaf_count=1716 9 11 19 18 301
internal_value=-0.0002874 0.000226224 -0.0796236 0.094353 -0.000381168
internal_weight=108.88 108.18 0.699849 0.693091 107.487
internal_count=2074 2046 28 29 2017
is_linear=0
shrinkage=0.252688


Tree=904
num_leaves=8
num_cat=0
split_feature=19 3 23 19 17 19 10
split_gain=0.0717611 0.440477 0.225518 0.181645 0.364314 0.141958 0.0215611
threshold=-0.98285245895385731 -0.46700638532638544 0.8590436875820161 -0.71265354752540577 -0.34208047389984125 -0.49776150286197657 -0.36252044141292566
decision_type=2 2 2 2 2 2 2
left_child=1 2 -1 4 -2 -5 -3
right_child=3 6 -4 5 -6 -7 -8
leaf_value=-0.010521546509342091 0.16377144283602754 -0.11131679331348754 0.18094332394714085 -0.035978066521624941 0.015040807641665316 0.0010569653124909823 -0.18837556584319143
leaf_weight=4.279964601410029 1.2405646345578132 0.32547948975116014 0.43196031276602287 7.0929852786357506 6.8878708516403986 96.654449670590111 0.83358347895409568
leaf_count=162 11 10 3 144 157 1556 31
internal_value=-5.4216e-05 -0.0272841 0.0070488 0.00137486 0.0377495 -0.0014752 -0.166798
internal_weight=117.747 5.87099 4.71192 111.876 8.12844 103.747 1.15906
internal_count=2074 206 165 1868 168 1700 41
is_linear=0
shrinkage=0.252688


Tree=905
num_leaves=8
num_cat=0
split_feature=23 15 16 13 17 9 7
split_gain=0.0756352 0.615805 0.875656 0.582441 0.47494 0.334747 0.133592
threshold=-0.36153110861778254 -0.37416915595531458 0.58565545082092296 0.19005841761827472 -0.32440689206123346 -0.66356545686721791 -0.32518506050109858
decision_type=2 2 2 2 2 2 2
left_child=1 3 -3 -1 6 -6 -2
right_child=4 2 -4 -5 5 -7 -8
leaf_value=0.0043453571743178078 -0.044279387034618957 0.16059437460337572 -0.086847660724604647 -0.15420261463457519 -0.064631367741067244 0.0040166621647811677 -0.17711733827521414
leaf_weight=37.797332367219497 0.79310432728379998 3.4453685136977574 1.2420333563350139 1.5391837722272601 4.9116415956523261 59.153320667095613 1.2392901112325478
leaf_count=619 11 46 15 45 99 1221 18
internal_value=0.000342143 0.00845654 0.0950263 -0.00186036 -0.00506242 -0.00124682 -0.125305
internal_weight=110.121 44.0239 4.6874 39.3365 66.0974 64.065 2.03239
internal_count=2074 725 61 664 1349 1320 29
is_linear=0
shrinkage=0.252688


Tree=906
num_leaves=6
num_cat=0
split_feature=11 14 11 14 14
split_gain=0.0661034 0.397037 0.396217 0.377516 0.167669
threshold=0.42075046896934515 1.0347222089767458 0.40981251001358038 -0.11805554106831549 -1.4236110448837278
decision_type=2 2 2 2 2
left_child=2 3 4 -2 -1
right_child=1 -3 -4 -5 -6
leaf_value=0.099277629183165947 -0.012230932667351124 -0.18703503451482689 0.15078101407944974 0.17904169550541496 -0.00020401548146815234
leaf_weight=1.0952150220982719 19.732333621251204 0.80203195568174024 1.1431454489938904 0.68109952565282839 84.852193916514153
leaf_count=14 426 21 16 13 1584
internal_value=-5.07929e-05 -0.0126988 0.00303034 -0.00584454 0.00106425
internal_weight=108.306 21.2155 87.0906 20.4134 85.9474
internal_count=2074 460 1614 439 1598
is_linear=0
shrinkage=0.252688


Tree=907
num_leaves=7
num_cat=0
split_feature=8 8 19 8 5 19
split_gain=0.069905 0.38633 0.399658 0.287117 0.236706 0.0646554
threshold=-1.7211129069328306 -1.4979361295700071 -1.0064441561698911 -2.2704004049301143 -1.6580471992492674 -1.0064441561698911
decision_type=2 2 2 2 2 2
left_child=3 5 -3 4 -1 -2
right_child=1 2 -4 -5 -6 -7
leaf_value=-0.17510287618048409 0.17150528048951022 -0.097045856725559529 0.0016007660375959418 -0.17446526695588474 0.027485982000213845 0.072281743218160707
leaf_weight=0.42548765358515162 0.82908260432304814 2.6866430228674281 108.72565168963047 0.74447356670861964 2.7154805523532559 0.8507067174068641
leaf_count=26 7 117 1786 45 73 20
internal_value=-0.000109772 0.00103525 -0.000778477 -0.0334334 1.72472e-05 0.121294
internal_weight=116.978 113.092 111.412 3.88544 3.14097 1.67979
internal_count=2074 1930 1903 144 99 27
is_linear=0
shrinkage=0.252688


Tree=908
num_leaves=7
num_cat=0
split_feature=10 24 24 10 10 1
split_gain=0.0938481 0.298514 0.176421 0.173063 0.134011 0.128068
threshold=-0.84899231791496266 -0.18172465264797208 -0.01676829811185598 -0.82352477312088002 -0.77422457933425892 -0.47824473679065699
decision_type=2 2 2 2 2 2
left_child=1 -1 -3 5 -5 -2
right_child=3 2 -4 4 -6 -7
leaf_value=0.17945204945591686 -0.16972585722086708 -0.049719844818386816 0.054319317796812948 0.06581880106812138 -0.0013729927201103357 -0.027918275175327672
leaf_weight=0.76296144071966399 0.64471492171287526 1.8848628629930315 2.3223610594868651 1.9311982557410363 100.5041068550363 1.1004451023181889
leaf_count=14 5 25 33 36 1939 22
internal_value=0.000168056 0.0340889 0.0077084 -0.00145037 -0.000105889 -0.0803426
internal_weight=109.151 4.97019 4.20722 104.18 102.435 1.74516
internal_count=2074 72 58 2002 1975 27
is_linear=0
shrinkage=0.252688


Tree=909
num_leaves=7
num_cat=0
split_feature=10 8 1 10 5 4
split_gain=0.071986 0.325076 0.295826 0.146442 0.262127 0.129233
threshold=-0.63295421004295338 1.1130715608596804 0.52546739578247081 -0.55706703662872303 0.23088417947292331 -0.39667810499668116
decision_type=2 2 2 2 2 2
left_child=1 2 -1 4 -2 -5
right_child=3 -3 -4 5 -6 -7
leaf_value=-0.042268368819765513 0.072720275696151263 0.15402516838671942 0.10299562169072489 0.012900775045567119 -0.08441029800052223 -0.0069962936647243543
leaf_weight=9.9469545560132193 3.9202890179585657 0.6548397197620951 0.98314563249005082 32.15665676110504 0.81912189326249052 59.241383923977992
leaf_count=211 66 17 33 598 14 1135
internal_value=-1.75362e-05 -0.0188343 -0.0291976 0.00225003 0.0455564 4.1293e-06
internal_weight=107.722 11.5849 10.9301 96.1375 4.73941 91.398
internal_count=2074 261 244 1813 80 1733
is_linear=0
shrinkage=0.252688


Tree=910
num_leaves=5
num_cat=0
split_feature=9 10 10 15
split_gain=0.0769155 0.0631831 0.317437 0.274416
threshold=-1.0611557960510252 -0.60569283366203297 -0.50313338637351979 -0.49154365062713617
decision_type=2 2 2 2
left_child=-1 3 -3 -2
right_child=1 2 -4 -5
leaf_value=-0.1759770357812209 0.13340607898365237 -0.055759552532964746 0.0014783977555438848 0.0058769056692243209
leaf_weight=0.15780991141218592 1.137221207376572 6.6542324645270119 87.955134709115555 20.298598134511849
leaf_count=9 18 127 1657 263
internal_value=1.8776e-05 0.000258925 -0.00254764 0.0126458
internal_weight=116.203 116.045 94.6094 21.4358
internal_count=2074 2065 1784 281
is_linear=0
shrinkage=0.252688


Tree=911
num_leaves=6
num_cat=0
split_feature=5 10 10 19 4
split_gain=0.0821661 0.11633 0.389906 0.349822 0.0808513
threshold=-1.9094588160514829 1.5864948034286501 1.5025941729545595 0.57787251472473156 -0.85629725456237782
decision_type=2 2 2 2 2
left_child=4 2 -2 -3 -1
right_child=1 3 -4 -5 -6
leaf_value=0.018642125723302122 0.00030578648294548601 0.10998550060766822 -0.1457093439709054 -0.016131256275845596 -0.14568723168461312
leaf_weight=0.31602373177884147 100.75043174880193 2.3729645688435985 1.1808696335647244 3.4389312446292024 0.48289487173315038
leaf_count=21 1862 58 23 86 24
internal_value=-2.68485e-06 0.000596166 -0.00138653 0.0353666 -0.0807133
internal_weight=108.542 107.743 101.931 5.8119 0.798919
internal_count=2074 2029 1885 144 45
is_linear=0
shrinkage=0.252688


Tree=912
num_leaves=7
num_cat=0
split_feature=16 19 17 13 16 10
split_gain=0.0626313 0.397366 0.419492 0.355109 0.308522 0.196037
threshold=-0.27611891925334925 -0.073939740657806383 -0.30918450653553003 -1.0000000180025095e-35 -0.26044738292694086 -0.34037704765796656
decision_type=2 2 2 2 2 2
left_child=1 2 -1 -3 -2 -6
right_child=4 3 -4 -5 5 -7
leaf_value=0.037968271317785109 -0.10937464111760166 -0.022581924617673225 -0.070792014612139853 0.045290002201254724 -0.024894833522168296 0.0058787576420386376
leaf_weight=3.4457957025733776 1.7409306240733702 6.8446895822417018 6.602434270163938 17.520058264897671 17.551868656577426 53.518757533137546
leaf_count=91 24 138 118 290 373 1040
internal_value=-9.76019e-05 0.00878556 -0.0334952 0.0262229 -0.00429611 -0.00172131
internal_weight=107.225 34.413 10.0482 24.3647 72.8116 71.0706
internal_count=2074 637 209 428 1437 1413
is_linear=0
shrinkage=0.252688


Tree=913
num_leaves=8
num_cat=0
split_feature=7 7 12 12 9 4 15
split_gain=0.0645346 0.333895 0.28639 0.0919758 0.284275 0.12534 0.00385578
threshold=-1.2097107172012327 -1.3090813755989072 2.02913510799408 -0.53142458200454701 -0.64045169949531544 -0.72705176472663868 0.028596368618309501
decision_type=2 2 2 2 2 2 2
left_child=1 2 -1 4 -2 -5 -3
right_child=3 6 -4 5 -6 -7 -8
leaf_value=-0.033429694143241102 0.13865367922276695 -0.21387782136544228 0.18566766273474578 0.015959679738620527 0.0090602596111462926 -0.0062385457583469493 -0.17418988919721626
leaf_weight=2.0781850690982546 1.189468508644494 0.31243522716977068 0.46588090062141407 20.445796090004478 11.778426695120286 78.972436635805934 0.36718390975147486
leaf_count=97 14 13 2 313 231 1390 14
internal_value=-7.37114e-05 -0.0353211 0.00672208 0.000937474 0.0209524 -0.00167331 -0.192589
internal_weight=115.61 3.22369 2.54407 112.386 12.9679 99.4182 0.679619
internal_count=2074 126 99 1948 245 1703 27
is_linear=0
shrinkage=0.252688


Tree=914
num_leaves=7
num_cat=0
split_feature=11 11 4 8 1 1
split_gain=0.070243 0.415448 0.337877 0.303985 0.251333 0.271222
threshold=-0.90565735101699818 -1.0864049196243284 0.053951634094119079 -0.31670975685119623 -1.5034211874008176 -0.91592836380004872
decision_type=2 2 2 2 2 2
left_child=1 3 -3 -1 -2 -6
right_child=4 2 -4 -5 5 -7
leaf_value=0.13455351526173787 0.14154491134405123 -0.029967403783293777 0.17855911757179574 -0.032844572901225923 -0.051822723739621421 0.00073863298788244959
leaf_weight=0.79245188878849138 0.77531271940097113 0.72031030632206094 1.5926415659196207 5.4746735481312498 6.7258407056797287 92.075042808777653
leaf_count=24 16 7 37 130 117 1743
internal_value=0.000175565 0.0221126 0.113626 -0.011668 -0.00171475 -0.00283971
internal_weight=108.156 8.58008 2.31295 6.26713 99.5762 98.8009
internal_count=2074 198 44 154 1876 1860
is_linear=0
shrinkage=0.252688


Tree=915
num_leaves=8
num_cat=0
split_feature=2 2 13 2 1 21 1
split_gain=0.0815387 0.309508 0.252381 0.235873 0.248997 0.170232 0.144162
threshold=-0.89512509107589711 -1.1145352125167844 -0.89181277155876149 -0.76330593228340138 -1.6651481986045835 -0.30110199749469752 -0.66077500581741322
decision_type=2 2 2 2 2 2 2
left_child=1 2 -1 6 -5 -3 -2
right_child=3 5 -4 4 -6 -7 -8
leaf_value=-0.098596722083756444 -0.15392602945468084 0.15182125453894693 0.012192665635902435 0.15337753779273741 -0.0025762450892087324 0.011632167301657417 -0.019676313308326088
leaf_weight=1.4352747215889436 1.0432357226090974 1.4999565049656669 15.336117972088687 0.65824637468904157 84.687648855054192 0.87611856748117034 1.0005002601246804
leaf_count=17 22 30 260 12 1665 34 34
internal_value=-0.000131991 0.0148022 0.00270856 -0.00340424 -0.00137246 0.100145 -0.0882275
internal_weight=106.537 19.1475 16.7714 87.3896 85.3459 2.37608 2.04374
internal_count=2074 341 277 1733 1677 64 56
is_linear=0
shrinkage=0.252688


Tree=916
num_leaves=7
num_cat=0
split_feature=3 9 18 10 24 5
split_gain=0.0637655 0.279414 0.404533 0.331348 0.263069 0.227251
threshold=0.2622606903314591 -0.14512994140386579 0.7650933861732484 0.15510223805904391 -5.1939418315887442 0.3859334290027619
decision_type=2 2 2 2 2 2
left_child=4 2 -2 -3 -1 -6
right_child=1 3 -4 -5 5 -7
leaf_value=-0.17597322332241322 -0.0046593196998644861 0.067198228529049386 -0.14191849450265426 0.0044543529127459422 0.0030720558316592928 -0.035081798046892647
leaf_weight=0.56679530634209996 16.338685375289064 8.0958770523138828 1.4960689897416148 15.983944727398919 60.348854179457703 11.939328379408833
leaf_count=38 269 142 41 260 1092 232
internal_value=-5.72325e-05 0.00779525 -0.0161772 0.0255505 -0.00457493 -0.00322974
internal_weight=114.77 41.9146 17.8348 24.0798 72.855 72.2882
internal_count=2074 712 310 402 1362 1324
is_linear=0
shrinkage=0.252688


Tree=917
num_leaves=4
num_cat=0
split_feature=20 7 12
split_gain=0.0831635 0.0836741 0.0771939
threshold=-3.7129387855529781 -2.1426863670349117 -0.78999251127243031
decision_type=2 2 2
left_child=-1 -2 -3
right_child=1 2 -4
leaf_value=0.11464636598209964 0.13440697687769984 -0.068097109867849309 7.3693431866689248e-05
leaf_weight=0.40330458828611782 0.29335471848025818 1.0708295151125629 105.69453870703546
leaf_count=18 18 52 1986
internal_value=0.000191992 -0.000239724 -0.000610363
internal_weight=107.462 107.059 106.765
internal_count=2074 2056 2038
is_linear=0
shrinkage=0.252688


Tree=918
num_leaves=8
num_cat=0
split_feature=12 16 10 2 12 9 6
split_gain=0.0882991 0.350966 0.254429 0.234899 0.220949 0.619414 0.214606
threshold=0.34538115561008459 -0.64052042365074147 -0.20026976615190503 0.40307861566543585 0.1351931914687157 1.0215395689010622 1.3544857501983645
decision_type=2 2 2 2 2 2 2
left_child=4 2 -2 -3 6 -6 -1
right_child=1 3 -4 -5 5 -7 -8
leaf_value=0.0014691379131953363 0.012351346319065709 0.0047013228394815979 -0.19964355226217595 -0.055620631099097179 0.077331067567814368 -0.085410987769816746 -0.12063877090076026
leaf_weight=64.054192991424316 0.55198245935025614 25.603460978105435 1.0464764821808774 4.9122900757638197 6.9361961823451548 1.9024985875003038 0.93186438258271564
leaf_count=1204 15 509 27 113 151 33 22
internal_value=3.97514e-06 -0.0110567 -0.126456 -0.00500979 0.00481551 0.0422982 -0.000282767
internal_weight=105.939 32.1142 1.59846 30.5158 73.8248 8.83869 64.9861
internal_count=2074 664 42 622 1410 184 1226
is_linear=0
shrinkage=0.252688


Tree=919
num_leaves=5
num_cat=0
split_feature=6 8 8 3
split_gain=0.0660293 0.0640709 0.369582 0.236364
threshold=1.3807439208030703 0.086778778582811369 0.067310921847820296 -1.0704267024993894
decision_type=2 2 2 2
left_child=1 2 -1 -3
right_child=-2 3 -4 -5
leaf_value=-0.0028031649143303965 0.063562436012093979 0.10417825602196781 -0.11522872802329466 0.0027507651749713777
leaf_weight=58.14669472231526 1.0275923460721959 1.5095768567407493 1.9284312948584545 51.431259381555719
leaf_count=1141 15 14 36 868
internal_value=-0.000185177 -0.000765106 -0.00641307 0.00564395
internal_weight=114.044 113.016 60.0751 52.9408
internal_count=2074 2059 1177 882
is_linear=0
shrinkage=0.252688


Tree=920
num_leaves=7
num_cat=0
split_feature=11 23 18 18 21 13
split_gain=0.081366 0.378733 0.254436 0.412569 0.237635 0.0724584
threshold=-0.64071163535118092 -0.38043074309825892 -0.63666307926177967 -0.55323827266693104 -0.87871292233467091 0.30701750516891485
decision_type=2 2 2 2 2 2
left_child=1 4 -2 -4 -1 -3
right_child=2 5 3 -5 -6 -7
leaf_value=-0.10157360963899215 0.18861712430563077 0.18309094967474843 -0.16147449976023742 -0.0024310617565680669 0.011984958268901575 0.058992720501840311
leaf_weight=1.2490025814622701 0.43767625465989013 0.91960173961706348 1.0541750242700789 82.804841269529788 20.166383982141269 0.44711760396603495
leaf_count=14 6 25 13 1616 388 12
internal_value=0.000193275 0.0135918 -0.00342787 -0.00443139 0.00535951 0.142532
internal_weight=107.079 22.7821 84.2967 83.859 21.4154 1.36672
internal_count=2074 439 1635 1629 402 37
is_linear=0
shrinkage=0.252688


Tree=921
num_leaves=7
num_cat=0
split_feature=19 8 5 16 17 16
split_gain=0.0762123 0.232633 0.320101 0.118093 0.252707 0.153346
threshold=1.0594418048858645 0.050829134881496436 0.81363457441329967 1.8220110535621645 -0.1071713976562023 1.3078675866127016
decision_type=2 2 2 2 2 2
left_child=3 -2 -3 5 -5 -1
right_child=1 2 -4 4 -6 -7
leaf_value=0.001283101145590724 -0.18796208274285309 0.083177493707825845 -0.047162817858685896 0.073382840136317795 -0.13556415642315672 0.061910608572654208
leaf_weight=94.113715653656982 0.52179041318595309 1.6419555207248775 4.496765093295835 0.55721745057962824 1.0954058894738512 2.740862111378191
leaf_count=1787 6 33 106 25 43 74
internal_value=8.72447e-05 -0.0260715 -0.0122956 0.0018561 -0.0651114 0.00299913
internal_weight=105.168 6.66051 6.13872 98.5072 1.65262 96.8546
internal_count=2074 145 139 1929 68 1861
is_linear=0
shrinkage=0.252688


Tree=922
num_leaves=6
num_cat=0
split_feature=21 21 12 8 4
split_gain=0.0724212 0.432439 0.343738 0.250485 0.121742
threshold=-0.75996214151382435 -0.74996778368949879 -0.36165897548198694 -0.17771297693252561 -0.69371965527534474
decision_type=2 2 2 2 2
left_child=2 -2 -1 -4 -3
right_child=1 4 3 -5 -6
leaf_value=-0.1644579792203881 0.15840670156809589 0.016841825794330668 0.032772779648701941 -0.042256054388745933 -0.004353157059799679
leaf_weight=0.9491091666277488 1.1172664258629073 22.254909973630674 5.4669978530146173 5.914096720138331 77.773918669156046
leaf_count=23 8 387 59 107 1490
internal_value=-0.000119784 0.00210906 -0.0184026 -0.0062154 0.000362458
internal_weight=113.476 101.146 12.3302 11.3811 100.029
internal_count=2074 1885 189 166 1877
is_linear=0
shrinkage=0.252688


Tree=923
num_leaves=8
num_cat=0
split_feature=1 1 3 9 8 6 9
split_gain=0.0769117 0.3562 0.414148 0.234593 0.195564 0.156279 0.120559
threshold=0.22386062145233157 0.26758080720901495 0.56740382313728344 1.8883299827575686 -0.17552258074283597 0.27352297306060797 2.6204532384872441
decision_type=2 2 2 2 2 2 2
left_child=3 5 -3 4 -1 -2 -5
right_child=1 2 -4 6 -6 -7 -8
leaf_value=-0.017820811682110194 -0.12847617680064374 0.0045446961592901106 -0.11442140118508157 0.1868741283163706 0.012308448413207074 -0.0057007781852294421 0.040769081969286913
leaf_weight=19.833453726474545 2.1561987367458637 35.111011225384573 1.9729189537465561 0.64643225353211053 44.884818054066272 0.95526077970862378 0.81567898681169027
leaf_count=380 33 685 35 13 881 15 32
internal_value=4.15133e-05 -0.00867679 -0.00178598 0.00533672 0.00307499 -0.0907903 0.105411
internal_weight=106.376 40.1954 37.0839 66.1804 64.7183 3.11146 1.46211
internal_count=2074 768 720 1306 1261 48 45
is_linear=0
shrinkage=0.252688


Tree=924
num_leaves=8
num_cat=0
split_feature=1 10 24 23 1 2 2
split_gain=0.0740616 0.130468 0.223262 0.161166 0.0968806 0.743769 0.48722
threshold=1.0480016469955447 -0.32781274616718287 -1.6465092897415159 0.23513868451118472 0.63373014330863964 0.27780246734619146 0.30683638155460363
decision_type=2 2 2 2 2 2 2
left_child=4 3 -3 -2 6 -6 -1
right_child=1 2 -4 -5 5 -7 -8
leaf_value=0.0071829112218871468 -0.18515312648659665 0.17777920338254935 -0.036681549247426559 0.029167724301917813 -0.11522815341262292 0.041977255760859269 -0.04198785876796865
leaf_weight=69.587455231613603 0.66453518875641771 0.36371243217021776 2.078849116314756 0.33762878132984042 2.2392433069762765 13.528853333205914 15.785402191965657
leaf_count=1317 36 10 72 10 55 233 341
internal_value=0.000211036 -0.0362221 -0.00471493 -0.11297 0.0014521 0.0196492 -0.00190893
internal_weight=104.586 3.44473 2.44256 1.00216 101.141 15.7681 85.3729
internal_count=2074 128 82 46 1946 288 1658
is_linear=0
shrinkage=0.252688


Tree=925
num_leaves=7
num_cat=0
split_feature=4 4 4 7 10 15
split_gain=0.0975683 0.904495 0.446388 0.334251 0.153197 0.00289162
threshold=-0.47596079111099238 -0.51977977156639088 -0.44859194755554194 -0.40009754896163935 -0.50313338637351979 -0.36978276073932642
decision_type=2 2 2 2 2 2
left_child=1 3 -2 -1 -4 -3
right_child=2 5 4 -5 -6 -7
leaf_value=-0.031800587040214288 0.14034118931170769 -0.19941746830281606 -0.027370520927201786 0.016869619952295141 0.0068947505927262325 -0.17771520554303699
leaf_weight=14.787114753396962 1.5268114808714006 0.74982809019274999 9.6262086828064621 23.05880117306242 61.909135214043999 1.0193740700487968
leaf_count=301 24 19 188 368 1137 37
internal_value=-0.000305547 -0.0104035 0.00516969 -0.00214689 0.00228363 -0.186971
internal_weight=112.677 39.6151 73.0622 37.8459 71.5353 1.7692
internal_count=2074 725 1349 669 1325 56
is_linear=0
shrinkage=0.252688


Tree=926
num_leaves=7
num_cat=0
split_feature=4 4 5 1 4 1
split_gain=0.0956507 0.463428 0.39054 0.462072 0.296497 0.232134
threshold=-0.75145050883293141 -0.69371965527534474 0.84821656346321117 0.71072274446487438 -0.63790658116340626 -0.47394664585590357
decision_type=2 2 2 2 2 2
left_child=2 5 3 -1 -3 -2
right_child=1 4 -4 -5 -6 -7
leaf_value=0.014525164713001254 0.036753939170816131 0.066643044174799701 -0.16438830703333973 0.18803395485660926 -0.0023819534539263098 -0.11033450095404392
leaf_weight=14.78619183890987 0.84471423341892649 4.1792849613702847 0.71845782606396902 1.0490713478466211 80.513712078416575 3.6196601790143168
leaf_count=303 14 72 19 35 1557 74
internal_value=0.00011688 -0.00315833 0.0177566 0.0260259 0.00102455 -0.0825022
internal_weight=105.711 89.1574 16.5537 15.8353 84.693 4.46437
internal_count=2074 1717 357 338 1629 88
is_linear=0
shrinkage=0.252688


Tree=927
num_leaves=7
num_cat=0
split_feature=2 5 11 2 6 2
split_gain=0.0769953 0.134458 0.206448 0.0979915 0.327651 0.227828
threshold=0.76490977406501781 -0.54105100035667408 0.34529374539852148 0.74126946926116954 -0.12910281866788861 0.73006790876388561
decision_type=2 2 2 2 2 2
left_child=3 -2 -3 5 -5 -1
right_child=1 2 -4 4 -6 -7
leaf_value=0.0013771145337293518 -0.13480851695144483 -0.061236633815812382 0.092089465124068182 0.13546887942245939 -0.046933548908852568 -0.11961575425550709
leaf_weight=96.896002476285503 0.7153193419799212 1.7044312810450031 0.83497148752212513 1.3498291238211098 1.1763963885605324 1.0034702387638379
leaf_count=1946 14 53 13 15 17 16
internal_value=0.000164614 -0.0380824 -0.0108128 0.00140438 0.0505363 0.000136284
internal_weight=103.68 3.25472 2.5394 100.426 2.52623 97.8995
internal_count=2074 80 66 1994 32 1962
is_linear=0
shrinkage=0.252688


Tree=928
num_leaves=5
num_cat=0
split_feature=18 18 7 18
split_gain=0.105658 0.14118 0.239795 0.202315
threshold=2.9527992010116582 1.5439078211784365 0.82285079360008251 1.5142700076103213
decision_type=2 2 2 2
left_child=1 3 -3 -1
right_child=-2 2 -4 -5
leaf_value=-0.00056179214624269328 0.095938082481187945 -0.1017683287851321 0.10755194790292359 0.12428202620819552
leaf_weight=107.92156043491559 0.72335772154838096 1.8758610682179999 0.42896269634366024 0.83471066347556089
leaf_count=1943 24 91 7 9
internal_value=-0.000287499 -0.000914696 -0.0627943 0.000396978
internal_weight=111.784 111.061 2.30482 108.756
internal_count=2074 2050 98 1952
is_linear=0
shrinkage=0.252688


Tree=929
num_leaves=6
num_cat=0
split_feature=5 7 4 21 4
split_gain=0.076116 0.0726522 0.305264 0.119448 0.0515057
threshold=-1.9094588160514829 -1.0939416289329527 0.25593066215515142 2.0181746482849126 -0.85629725456237782
decision_type=2 2 2 2 2
left_child=4 2 -2 -3 -1
right_child=1 3 -4 -5 -6
leaf_value=0.001764790715072807 0.0082715156584147412 -0.001917830870664301 0.19849489610215709 0.074855134935598366 -0.13723920890044075
leaf_weight=0.28167752060107887 5.0491343383910126 97.012998585014429 0.602473844308406 1.3109489835105694 0.42942599102388967
leaf_count=21 119 1831 14 65 24
internal_value=0.000143946 0.000707642 0.0285666 -0.00089381 -0.0822155
internal_weight=104.687 103.976 5.65161 98.3239 0.711104
internal_count=2074 2029 133 1896 45
is_linear=0
shrinkage=0.252688


Tree=930
num_leaves=5
num_cat=0
split_feature=20 23 3 21
split_gain=0.0732313 0.122341 0.0901751 0.0660439
threshold=13.386305809020998 5.8859312534332284 1.3272922635078432 -0.35507386922836298
decision_type=2 2 2 2
left_child=1 2 -1 -3
right_child=-2 3 -4 -5
leaf_value=-0.0011002378805424582 -0.074782412924692065 0.0067237602501437994 0.061986094271795356 0.12273038956419149
leaf_weight=99.654266579763572 0.82431407333933648 0.51474775932729244 1.4675036697881285 0.80074390012850816
leaf_count=1986 24 8 34 22
internal_value=0.000207965 0.00081181 -0.000184381 0.0773593
internal_weight=103.262 102.437 101.122 1.31549
internal_count=2074 2050 2020 30
is_linear=0
shrinkage=0.252688


Tree=931
num_leaves=5
num_cat=0
split_feature=18 18 4 18
split_gain=0.0765229 0.10078 0.353146 0.134737
threshold=2.9527992010116582 1.5439078211784365 0.23419670760631564 1.5142700076103213
decision_type=2 2 2 2
left_child=1 3 -3 -1
right_child=-2 2 -4 -5
leaf_value=-0.00045373008875677754 0.08313988024050073 -0.14427107462800429 0.06122819260235686 0.10583940269460283
leaf_weight=107.74408641173068 0.69762427493969781 1.2242277584246033 0.94624632416525845 0.76634635997470368
leaf_count=1943 24 83 15 9
internal_value=-0.000255002 -0.000781049 -0.0546873 0.000297456
internal_weight=111.379 110.681 2.17047 108.51
internal_count=2074 2050 98 1952
is_linear=0
shrinkage=0.252688


Tree=932
num_leaves=7
num_cat=0
split_feature=12 20 8 14 4 6
split_gain=0.0699086 0.197867 0.430559 0.261942 0.168906 0.165502
threshold=0.52186670899391185 0.088573046028614058 0.094584163278341307 0.45138889551162725 -1.0449818968772886 -0.11159736663103102
decision_type=2 2 2 2 2 2
left_child=4 2 -2 -3 -1 -6
right_child=1 3 -4 -5 5 -7
leaf_value=0.11267787179074434 0.017798206272850552 -0.024082194696390863 0.17451399950411794 0.0983065457235133 0.0084054149372734255 -0.015475694671965396
leaf_weight=0.78480958845466275 14.03304979618588 11.586739772232248 1.2158992213662703 1.2351275036344294 32.722914844547631 42.718316810962278
leaf_count=17 290 221 30 27 608 881
internal_value=6.64025e-05 0.0108468 0.0302999 -0.0122888 -0.00390358 -0.00511717
internal_weight=104.297 28.0708 15.2489 12.8219 76.226 75.4412
internal_count=2074 568 320 248 1506 1489
is_linear=0
shrinkage=0.252688


Tree=933
num_leaves=8
num_cat=0
split_feature=18 1 18 2 18 22 24
split_gain=0.0862537 0.242737 0.412639 0.305338 0.200963 0.431629 0.264879
threshold=0.070801265537738814 0.22386062145233157 -0.21240400522947309 -0.39252716302871699 0.35949492454528814 0.93180191516876232 -0.23339045792818067
decision_type=2 2 2 2 2 2 2
left_child=1 3 -3 -1 6 -6 -2
right_child=4 2 -4 -5 5 -7 -8
leaf_value=0.0043537831902733257 -0.0042031118413368039 0.067231939750152778 -0.028711931404195892 -0.038189230327986642 0.0019755566230002294 -0.17976337358179581 0.064262251650696572
leaf_weight=23.364305281524139 6.6557552349986508 6.6278649571759161 5.0370534786197805 19.985828552842577 32.534896951546358 0.85585203991195058 7.8787402651505527
leaf_count=469 118 106 105 438 660 33 145
internal_value=0.000273494 -0.00655334 0.0258027 -0.0152601 0.00811027 -0.0026854 0.0329109
internal_weight=102.94 55.0151 11.6649 43.3501 47.9252 33.3907 14.5345
internal_count=2074 1118 211 907 956 693 263
is_linear=0
shrinkage=0.252688


Tree=934
num_leaves=8
num_cat=0
split_feature=2 21 21 2 18 3 18
split_gain=0.0670584 0.548255 0.326325 0.174764 0.576576 0.352734 0.00224361
threshold=0.59311631321907055 -0.32446098327636713 -0.24694764614105222 0.46541224420070654 0.94127324223518383 -0.62747031450271595 -0.42755220830440516
decision_type=2 2 2 2 2 2 2
left_child=3 6 -3 4 -1 -5 -2
right_child=1 2 -4 5 -6 -7 -8
leaf_value=0.0028185323065318983 -0.20279714863456366 0.17464610985215731 -0.011806808072365196 -0.069671816068198916 -0.095428775263653579 0.057398517904817176 -0.17760934968762734
leaf_weight=85.879087091059773 0.39465136080980301 0.63753540627658267 9.8777930607711788 1.6999970836332066 3.9907576251280252 7.7602716484107059 0.72307973183342322
leaf_count=1455 3 5 276 74 139 94 28
internal_value=-0.000231676 -0.0183828 -0.00049399 0.00189417 -0.00154475 0.0345614 -0.186596
internal_weight=110.963 11.6331 10.5153 99.3301 89.8698 9.46027 1.11773
internal_count=2074 312 281 1762 1594 168 31
is_linear=0
shrinkage=0.252688


Tree=935
num_leaves=5
num_cat=0
split_feature=15 17 0 3
split_gain=0.0753348 0.0877488 0.438199 0.110727
threshold=-0.61191478371620167 -0.36382216215133661 -1.0000000180025095e-35 0.27683340013027197
decision_type=2 2 2 2
left_child=-1 2 -2 -3
right_child=1 3 -4 -5
leaf_value=-0.17013902755218221 0.16286434560344756 0.0039207745824967315 -0.00075406001914924174 -0.014643494490818795
leaf_weight=0.16542366240173478 1.253813864168478 66.487961007527701 6.2664456888669511 29.66848607204156
leaf_count=9 54 1298 126 587
internal_value=-2.35417e-05 0.000248742 0.0265345 -0.00180715
internal_weight=103.842 103.677 7.52026 96.1564
internal_count=2074 2065 180 1885
is_linear=0
shrinkage=0.252688


Tree=936
num_leaves=7
num_cat=0
split_feature=9 9 21 9 0 5
split_gain=0.0765534 0.386193 0.279266 0.276023 0.322973 0.241341
threshold=-0.060836367309093468 -0.042210973799228661 -0.90869301557540882 -0.093477994203567491 -1.0000000180025095e-35 0.36243793368339544
decision_type=2 2 2 2 2 2
left_child=3 -2 -3 5 -5 -1
right_child=1 2 -4 4 -6 -7
leaf_value=-0.015559949221987187 0.1731299760959539 -0.17724759856553923 0.0061648094492801871 0.046937857778668553 -0.15962872337286568 0.022389762555716584
leaf_weight=31.561987359025807 0.87888008519075711 0.53514415211975475 50.632131766336755 0.70932527887634966 1.514764250779989 16.187250611023046
leaf_count=658 16 11 1066 13 35 275
internal_value=0.000315724 0.00709836 0.00424471 -0.00674822 -0.0937527 -0.00269466
internal_weight=102.019 52.0462 51.1673 49.9733 2.22409 47.7492
internal_count=2074 1093 1077 981 48 933
is_linear=0
shrinkage=0.252688


Tree=937
num_leaves=8
num_cat=0
split_feature=7 9 9 23 7 15 4
split_gain=0.083661 0.28622 0.377399 0.266499 0.195819 0.338568 0.251474
threshold=-0.52000975608825672 -0.032903553918004029 0.26419423520565039 0.043720716610550887 -0.36839337646961207 0.3030682653188706 -0.69371965527534474
decision_type=2 2 2 2 2 2 2
left_child=1 3 -3 -1 5 -2 -6
right_child=4 2 -4 -5 6 -7 -8
leaf_value=0.016563196403590056 -0.07136382797989177 -0.1105958957045331 0.0060757472932434038 0.099975365093771584 0.031325489049147053 0.038102278489209163 -0.006570297683859431
leaf_weight=8.2839698193747626 6.2395974414539506 2.1288882334920336 10.495641911889832 3.4699235360021694 13.577771568434398 2.5373574388795532 63.327333508839729
leaf_count=143 116 66 262 46 192 52 1197
internal_value=-0.000244474 0.0128162 -0.0136024 0.0411912 -0.0039606 -0.0397174 0.000120441
internal_weight=110.06 24.3784 12.6245 11.7539 85.6821 8.77695 76.9051
internal_count=2074 517 328 189 1557 168 1389
is_linear=0
shrinkage=0.252688


Tree=938
num_leaves=7
num_cat=0
split_feature=13 0 3 13 13 3
split_gain=0.0833325 0.559443 0.304642 0.250344 0.209861 0.229856
threshold=0.68713447451591503 1.0000000180025095e-35 -0.025383396074175831 0.75146189332008373 0.65204668045043956 1.1265262365341189
decision_type=2 2 2 2 2 2
left_child=4 3 -3 -2 5 -1
right_child=1 2 -4 -5 -6 -7
leaf_value=-0.00072407057696073022 0.11499411766766181 0.10517176916870273 -0.10378589233960211 0.023721749226737726 -0.11745570170769302 -0.14698984696901388
leaf_weight=84.012180078825622 2.3016027517151114 0.52125347376568276 3.0493296643253407 11.526491071377675 1.0153341908007849 0.6911440963158374
leaf_count=1602 42 22 63 304 12 29
internal_value=-5.1414e-05 0.0158926 -0.0732697 0.0389174 -0.00328773 -0.00191846
internal_weight=103.117 17.3987 3.57058 13.8281 85.7187 84.7033
internal_count=2074 431 85 346 1643 1631
is_linear=0
shrinkage=0.252688


Tree=939
num_leaves=7
num_cat=0
split_feature=5 14 6 5 5 6
split_gain=0.07358 0.423428 0.247055 0.172588 0.130359 0.000660314
threshold=1.1196945905685427 1.0486110448837282 -1.0000000180025095e-35 1.0883863568305971 0.97422510385513317 -0.64113783836364735
decision_type=2 2 2 2 2 2
left_child=3 2 -2 4 -1 -3
right_child=1 5 -4 -5 -6 -7
leaf_value=0.0028414857352553938 0.11955902076041232 -0.17386595386599651 -0.018989743875213096 0.11784727114752139 -0.069074052480454243 -0.18992976809983683
leaf_weight=90.167701369324817 0.93551105193910178 0.55246294196695089 6.7319525004568259 0.82166263647377391 1.6381237218156446 0.39954937435686577
leaf_count=1818 23 20 163 8 32 10
internal_value=0.000512057 -0.0218179 -0.00207809 0.00259011 0.00155787 -0.180711
internal_weight=101.247 8.61948 7.66746 92.6275 91.8058 0.952012
internal_count=2074 216 186 1858 1850 30
is_linear=0
shrinkage=0.252688


Tree=940
num_leaves=7
num_cat=0
split_feature=21 16 21 7 16 21
split_gain=0.0633911 0.326001 0.21501 0.437309 0.205368 0.163201
threshold=1.2773557305336001 0.31662611663341528 1.0127834081649782 0.84336555004119884 1.2318732142448428 0.87629941105842601
decision_type=2 2 2 2 2 2
left_child=2 -2 5 -4 -3 -1
right_child=1 4 3 -5 -6 -7
leaf_value=-0.001468848432498079 -0.17637730315187039 0.063358637470875653 -0.1170372562071913 0.085755407715081847 -0.025983937193785934 0.063106539393568487
leaf_weight=94.992151587663102 0.49861289763066263 5.0869561366271228 2.573488060621457 0.92180240340530861 2.4258816768287943 2.5659336568423887
leaf_count=1682 31 101 102 10 92 56
internal_value=-0.000261119 0.0213741 -0.00197646 -0.0635501 0.0345101 0.000229906
internal_weight=109.065 8.01145 101.053 3.49529 7.51284 97.5581
internal_count=2074 224 1850 112 193 1738
is_linear=0
shrinkage=0.252688


Tree=941
num_leaves=7
num_cat=0
split_feature=7 3 7 24 13 18
split_gain=0.0974498 0.405484 0.247246 0.347008 0.222867 0.205323
threshold=-0.037073919549584382 0.4177402406930924 0.022729379124939445 -1.0000000180025095e-35 -0.53508770465850819 1.3649835586547854
decision_type=2 2 2 2 2 2
left_child=1 4 3 -2 -1 -4
right_child=2 -3 5 -5 -6 -7
leaf_value=-0.049680069234664281 0.0055325512974107299 -0.18710682954009741 0.007302114391309446 0.18142260845904232 0.0012540554812384207 -0.058593205116100451
leaf_weight=6.3094220958882934 1.7307951380153102 0.79659646737854828 47.163279194501229 1.2212568132672448 41.968956033088034 3.2252088737623117
leaf_count=106 31 15 918 28 884 92
internal_value=-0.000228129 -0.00835436 0.00724824 0.0783178 -0.00540288 0.00308376
internal_weight=102.416 49.075 53.3405 2.95205 48.2784 50.3885
internal_count=2074 1005 1069 59 990 1010
is_linear=0
shrinkage=0.252688


Tree=942
num_leaves=8
num_cat=0
split_feature=9 11 5 2 21 3 21
split_gain=0.0687527 0.17184 0.302841 0.2186 0.134265 0.195359 0.183483
threshold=0.30436614155769354 0.37590582668781286 0.7154299020767213 0.3809619545936585 1.2979013919830324 1.3272922635078432 1.7895216345787051
decision_type=2 2 2 2 2 2 2
left_child=4 2 -2 -3 5 -1 -6
right_child=1 3 -4 -5 6 -7 -8
leaf_value=-0.0035500177035218366 0.0072893735637416333 -0.050247461150683841 0.079853085412522354 0.040162969069242271 -0.13966742036604571 0.1323354766773861 -0.0049420225718719811
leaf_weight=62.43744601144499 22.347877795691179 5.6308206380381289 4.3940102077322072 2.4502291686221724 1.0897096554981538 0.68240671558305521 1.5822596358484586
leaf_count=1281 433 151 78 50 26 17 38
internal_value=0.000376865 0.00945608 0.0192138 -0.0228334 -0.00442869 -0.0020798 -0.0599044
internal_weight=100.615 34.8229 26.7419 8.08105 65.7918 63.1199 2.67197
internal_count=2074 712 511 201 1362 1298 64
is_linear=0
shrinkage=0.252688


Tree=943
num_leaves=4
num_cat=0
split_feature=4 4 4
split_gain=0.0805825 0.103722 0.0933612
threshold=-2.286483526229858 -2.2395718097686763 -1.0449818968772886
decision_type=2 2 2
left_child=-1 -2 -3
right_child=1 2 -4
leaf_value=-0.080296792262597574 0.070946529912066764 -0.030012457664141019 0.0013861238338006847
leaf_weight=0.79632741864770551 1.3123013228178013 6.4362166583787248 99.77201912495002
leaf_count=9 9 187 1869
internal_value=-0.000237527 0.000355793 -0.000516756
internal_weight=108.317 107.521 106.208
internal_count=2074 2065 2056
is_linear=0
shrinkage=0.252688


Tree=944
num_leaves=8
num_cat=0
split_feature=11 6 8 18 8 1 6
split_gain=0.0772951 0.283404 0.321184 0.272463 0.185545 0.380284 0.210238
threshold=0.42075046896934515 0.89496716856956493 2.7973736524581914 0.35949492454528814 1.0415720343589785 -0.30198310315608973 1.035010874271393
decision_type=2 2 2 2 2 2 2
left_child=4 2 -2 -3 6 -6 -1
right_child=1 3 -4 -5 5 -7 -8
leaf_value=-0.0019646529565565877 0.14500440291405708 -0.009642360568112348 -0.033153053343880058 0.10223433244050387 -0.17382749813488102 -0.0094991827862784175 0.11856697082002345
leaf_weight=77.245676969470878 1.9722589133289177 14.367848314810542 0.96053352486342181 1.5382732961297723 1.2166566490195689 3.4421810699277549 0.93467136449180444
leaf_count=1474 44 353 31 32 23 82 35
internal_value=-0.000119875 0.0144894 0.0866592 0.00118013 -0.00344234 -0.0524287 -0.000522849
internal_weight=101.678 18.8389 2.93279 15.9061 82.8392 4.65884 78.1803
internal_count=2074 460 75 385 1614 105 1509
is_linear=0
shrinkage=0.252688


Tree=945
num_leaves=7
num_cat=0
split_feature=2 12 13 2 21 2
split_gain=0.0752498 0.181949 0.15642 0.111779 0.584158 0.426487
threshold=0.76490977406501781 -0.77470314502716053 -0.28362570703029627 0.49905665218830114 -0.64611312747001637 0.47680586576461798
decision_type=2 2 2 2 2 2
left_child=3 -2 -3 5 -5 -1
right_child=1 2 -4 4 -6 -7
leaf_value=-0.00014197311779785479 0.094871129273846694 0.030636651824021154 -0.10733706468897132 -0.18667096643848208 0.030301888118759227 -0.15552116759570894
leaf_weight=78.350586583555923 0.53780579380691085 0.74187560959217158 1.7895107339136287 0.83144336775876837 16.615111561637605 1.1438953785691399
leaf_count=1610 16 34 30 16 344 24
internal_value=0.000407469 -0.0385435 -0.0669025 0.00164089 0.0199563 -0.00237886
internal_weight=100.01 3.06919 2.53139 96.941 17.4466 79.4945
internal_count=2074 80 64 1994 360 1634
is_linear=0
shrinkage=0.252688


Tree=946
num_leaves=8
num_cat=0
split_feature=24 16 17 24 12 24 1
split_gain=0.068886 0.443444 0.194895 0.117259 0.411456 0.102845 0.00824217
threshold=2.3228778839111333 0.052367631345987327 0.44509713351726538 1.8908402323722842 -0.46447637677192682 0.89484119415283214 -0.68855145573616017
decision_type=2 2 2 2 2 2 2
left_child=3 6 -3 5 -5 -1 -2
right_child=1 2 -4 4 -6 -7 -8
leaf_value=0.0019698219406796293 -0.23042796337906962 -0.17868716730034129 0.017998596124426083 -0.1061473588615028 0.12686266479938538 -0.032703194932794395 -0.17733987868401596
leaf_weight=94.329434868697717 0.30357041954994202 0.34766051781480189 4.2246711840271018 0.6885517954360697 1.6247810719069082 5.7973997820809009 0.53659013769356434
leaf_count=1714 1 18 136 18 22 112 53
internal_value=-0.000206266 -0.0279873 0.00302424 0.00126169 0.0574994 -3.79133e-05 -0.196656
internal_weight=107.853 5.41249 4.57233 102.44 2.31333 100.127 0.840161
internal_count=2074 208 154 1866 40 1826 54
is_linear=0
shrinkage=0.252688


Tree=947
num_leaves=8
num_cat=0
split_feature=12 9 24 20 19 16 20
split_gain=0.0758414 0.166233 0.399068 0.192524 0.149512 0.314575 0.309781
threshold=0.52186670899391185 1.2987955808639529 -5.1939418315887442 -3.4520778656005855 0.97176402807235729 -0.45563010871410364 0.09490168467164041
decision_type=2 2 2 2 2 2 2
left_child=1 3 -3 -1 5 -2 -6
right_child=4 2 -4 -5 6 -7 -8
leaf_value=0.13855781120829191 0.10449044695544646 0.13222233721515592 -0.059986841498906478 -0.0016932638747944905 0.10153932220193572 0.0084673615371614521 -0.081415489897516555
leaf_weight=0.63040796150744327 2.4255636804737213 0.76855301883551863 6.6844944393669712 65.815348989883205 0.76882081333314944 21.34045853333555 2.5479542646789923
leaf_count=15 54 20 134 1337 30 430 54
internal_value=-0.000183236 -0.00437548 -0.0401582 -0.000361512 0.0112556 0.0182697 -0.0389972
internal_weight=100.982 73.8988 7.45305 66.4458 27.0828 23.766 3.31678
internal_count=2074 1506 154 1352 568 484 84
is_linear=0
shrinkage=0.252688


Tree=948
num_leaves=8
num_cat=0
split_feature=21 21 21 19 21 16 19
split_gain=0.0800676 0.412108 0.234456 0.581516 0.329047 0.216731 0.161799
threshold=0.37071050703525549 0.44800242781639105 0.15977950394153598 0.81756398081779491 0.10241668298840524 -0.46555310487747187 -0.054610555991530411
decision_type=2 2 2 2 2 2 2
left_child=2 6 4 -4 -1 -3 -2
right_child=1 5 3 -5 -6 -7 -8
leaf_value=0.0037387923931879222 -0.0026198163754086803 -0.12098611216053969 0.06794784991855303 -0.10319335007290073 -0.076331013256287286 0.0035585171659468628 -0.13408658980046415
leaf_weight=56.016853104119946 0.81722541070485055 0.92320979619399324 8.1860036106954777 1.4995012879371632 3.4801892072864566 26.093446861519592 2.2255017450079349
leaf_count=1172 22 14 146 30 62 594 34
internal_value=0.0002588 -0.0106297 0.00498985 0.0414476 -0.000945382 -0.000699637 -0.0987839
internal_weight=99.2419 30.0594 69.1825 9.6855 59.497 27.0167 3.04273
internal_count=2074 664 1410 176 1234 608 56
is_linear=0
shrinkage=0.252688


Tree=949
num_leaves=8
num_cat=0
split_feature=19 7 1 7 24 24 19
split_gain=0.0738786 0.32286 0.681305 0.619817 0.218874 0.519608 0.32112
threshold=0.54376906156539928 -0.070147152990102754 -0.80671525001525868 0.12629811465740207 0.70616868138313305 0.59801626205444347 -0.48337264358997339
decision_type=2 2 2 2 2 2 2
left_child=4 2 -2 -3 5 -1 -6
right_child=1 3 -4 -5 6 -7 -8
leaf_value=-0.0032900121382853824 -0.1257353192086508 -0.095472193099846989 0.1031212806117664 0.014399253197388296 0.055726136993025303 0.14786746276976823 -0.071783568756035407
leaf_weight=66.579749846581763 1.0028802289161829 3.8610990251181674 4.8230642676353481 21.706403164134827 1.5939140967093406 1.4839078153308936 6.0328644666296887
leaf_count=1354 27 61 45 351 26 20 190
internal_value=-0.000267624 0.0100381 0.0637178 -0.00219466 -0.00454209 6.58912e-06 -0.0451332
internal_weight=107.084 31.3934 5.82594 25.5675 75.6904 68.0637 7.62678
internal_count=2074 484 72 412 1590 1374 216
is_linear=0
shrinkage=0.252688


Tree=950
num_leaves=7
num_cat=0
split_feature=13 5 18 13 13 18
split_gain=0.100835 0.385366 0.395912 0.287673 0.261315 0.0671599
threshold=-1.0087718963623045 0.82945460081100475 1.3649835586547854 -0.96198827028274525 -0.92690050601959217 1.3995609879493716
decision_type=2 2 2 2 2 2
left_child=1 2 -1 5 -5 -2
right_child=3 -3 -4 4 -6 -7
leaf_value=0.13955311819521191 -0.16523034771113046 -0.10418988440798788 -0.026781410569028823 0.10666031988070068 -0.0017599713217018682 -0.051427452039536185
leaf_weight=2.2653082977049048 0.78457736689597257 0.99441063206177194 1.5308521948627456 1.440982790372799 92.638717262338105 0.57381971736504056
leaf_count=57 15 22 46 17 1903 14
internal_value=2.96622e-05 0.0358011 0.0724817 -0.00176608 -9.8735e-05 -0.117197
internal_weight=100.229 4.79057 3.79616 95.4381 94.0797 1.3584
internal_count=2074 125 103 1949 1920 29
is_linear=0
shrinkage=0.252688


Tree=951
num_leaves=6
num_cat=0
split_feature=1 13 8 13 13
split_gain=0.0723222 0.132433 0.153724 0.0979839 0.225909
threshold=1.0480016469955447 0.36549697816371923 0.31704416871070867 -1.06725138425827 -1.0380115509033201
decision_type=2 2 2 2 2
left_child=3 2 -2 -1 -5
right_child=1 -3 -4 4 -6
leaf_value=0.091699640234382346 -0.16451464200883831 0.032725891103396583 -0.020294682852310755 -0.11607887843327061 0.0021483731952977214
leaf_weight=0.76346599776297708 0.77524407455666677 1.0946186569053677 1.2053214920742901 1.042982872982974 93.291099526535618
leaf_count=21 62 22 44 33 1892
internal_value=0.000337095 -0.0377989 -0.0767756 0.00157052 0.000840564
internal_weight=98.1727 3.07518 1.98057 95.0975 94.3341
internal_count=2074 128 106 1946 1925
is_linear=0
shrinkage=0.252688


Tree=952
num_leaves=8
num_cat=0
split_feature=19 8 8 10 5 5 5
split_gain=0.0695395 0.349832 0.370457 0.285486 0.165654 0.632933 0.319499
threshold=-0.71265354752540577 -0.33895295858383173 -0.703568935394287 -0.46938240528106684 -0.85884380340576161 -1.3552751541137693 -0.80517718195915211
decision_type=2 2 2 2 2 2 2
left_child=1 2 -1 -3 5 -2 -6
right_child=4 3 -4 -5 6 -7 -8
leaf_value=0.020554852430176546 0.15085812396827805 0.16282656029232245 -0.10095154479783273 0.025139462560057495 0.10368034111690204 -0.14248373548494619 -0.0029529513021637715
leaf_weight=5.8587653343402044 0.63123444933444295 1.5658352775499222 2.2046213164430801 2.4908698178187469 1.8302937941625703 1.8301846476388153 89.507992425104021
leaf_count=230 5 16 80 48 18 54 1623
internal_value=-0.000231575 0.0177799 -0.0126706 0.0782995 -0.00255898 -0.067239 -0.000815564
internal_weight=105.92 12.1201 8.06339 4.05671 93.7997 2.46142 91.3383
internal_count=2074 374 310 64 1700 59 1641
is_linear=0
shrinkage=0.252688


Tree=953
num_leaves=7
num_cat=0
split_feature=10 20 9 7 2 9
split_gain=0.0728651 0.31515 0.146905 0.0810337 0.238656 0.173818
threshold=-0.88360258936882008 -0.1795387268066406 -0.66955086588859547 -0.10937428101897238 0.17414457350969317 1.5170156955718996
decision_type=2 2 2 2 2 2
left_child=1 2 -1 4 -2 -5
right_child=3 -3 -4 5 -6 -7
leaf_value=0.061140772256748653 -0.026733342469122911 0.15239832726692287 -0.069525052707066132 0.008759372249369457 0.011597463333036096 -0.051176181768140414
leaf_weight=0.93155240640044246 23.314759777509607 1.0339986733160902 1.3376047452911737 50.77955546254816 18.681736494763754 3.2891664654052866
leaf_count=17 444 23 14 1033 450 93
internal_value=-8.61815e-05 0.0368118 -0.0158807 -0.00135511 -0.00968229 0.00511282
internal_weight=99.3684 3.30316 2.26916 96.0652 41.9965 54.0687
internal_count=2074 54 31 2020 894 1126
is_linear=0
shrinkage=0.252688


Tree=954
num_leaves=8
num_cat=0
split_feature=23 22 24 23 19 17 0
split_gain=0.0684722 0.369049 0.270155 0.198711 0.560258 0.180856 0.119404
threshold=-0.4661372303962707 -0.13872381299734113 0.027463735081255439 -0.4502748548984527 -0.025953597389161583 -0.35928997397422785 1.0000000180025095e-35
decision_type=2 2 2 2 2 2 2
left_child=1 2 -1 4 -2 -5 -3
right_child=3 6 -4 5 -6 -7 -8
leaf_value=-0.045748822986168905 -0.065638482451764832 -0.17910158333242451 0.029659186179558577 -0.11032611271723211 0.11924605756552868 0.0013485977603232152 -0.030524539201159211
leaf_weight=5.170792374876326 1.6151874375646 1.0691623598686408 7.3374879814800806 0.93654972175136109 2.9706011654925524 78.048598409043933 0.51045037584844966
leaf_count=145 47 35 133 32 49 1605 28
internal_value=0.000245629 -0.0160504 -0.0015142 0.00299281 0.0541264 2.3692e-05 -0.131116
internal_weight=97.6588 14.0879 12.5083 83.5709 4.58579 78.9851 1.57961
internal_count=2074 341 278 1733 96 1637 63
is_linear=0
shrinkage=0.252688


Tree=955
num_leaves=8
num_cat=0
split_feature=17 5 5 5 17 21 11
split_gain=0.0709057 0.270786 0.510108 0.373299 0.230023 0.387489 0.182876
threshold=-0.31808340549468989 -0.28617243468761439 -0.60022941231727589 0.2109564691781998 -0.30918450653553003 0.25736014544963842 -0.61606380343437184
decision_type=2 2 2 2 2 2 2
left_child=1 2 -1 -3 5 -2 -6
right_child=4 3 -4 -5 6 -7 -8
leaf_value=0.017659844166869637 -0.15121105019485612 0.051251761204486442 -0.13461750934560529 -0.005818620539311474 0.04113972137764052 0.05944026962922784 -0.0061196311054401396
leaf_weight=3.6964807556360029 1.6537182593019673 12.86441995133646 2.2648409752437137 16.973268118890701 5.7175027276880419 0.84068261203356076 61.026689156682551
leaf_count=79 37 196 64 234 140 11 1313
internal_value=-0.000166088 0.00896425 -0.0402003 0.0187875 -0.00488688 -0.0802176 -0.00207094
internal_weight=105.038 35.799 5.96132 29.8377 69.2386 2.4944 66.7442
internal_count=2074 573 143 430 1501 48 1453
is_linear=0
shrinkage=0.252688


Tree=956
num_leaves=7
num_cat=0
split_feature=16 4 9 18 16 17
split_gain=0.0733926 0.258125 0.365684 0.283123 0.175294 0.15105
threshold=-0.36184741556644434 0.22235320508480075 0.11238750815391542 0.56421509385108959 -0.34138444066047663 -0.3447373360395431
decision_type=2 2 2 2 2 2
left_child=1 3 -3 -1 -2 -6
right_child=4 2 -4 -5 5 -7
leaf_value=0.020200096665973107 0.10776926852810433 -0.019065621878813662 -0.13801553143830866 -0.10797602281528676 0.036115495341096884 -0.001448168623300429
leaf_weight=13.729598538600841 1.0250081269768987 8.8474583132192475 2.0281723157968363 1.1956881129881356 7.6501449469360514 64.130701668200345
leaf_count=315 24 145 26 23 172 1369
internal_value=-6.63341e-05 -0.0116466 -0.0412541 0.00992816 0.00403751 0.00255545
internal_weight=98.6068 25.8009 10.8756 14.9253 72.8059 71.7808
internal_count=2074 509 171 338 1565 1541
is_linear=0
shrinkage=0.252688


Tree=957
num_leaves=8
num_cat=0
split_feature=2 14 8 10 2 16 20
split_gain=0.0643892 0.315617 0.404683 0.371299 0.194533 0.174918 0.108383
threshold=-0.89512509107589711 1.0208333134651186 0.1168201006948948 1.5025941729545595 -0.76330593228340138 0.4358689039945603 0.44647480547428137
decision_type=2 2 2 2 2 2 2
left_child=1 2 -1 -3 5 -2 -6
right_child=4 3 -4 -5 6 -7 -8
leaf_value=0.0029515501518582736 -0.13565434088376566 -0.17643700128112355 0.099916078634393224 0.11495718349075941 -0.0084685174741301588 0.0332182845909876 0.011176700334683723
leaf_weight=12.928974005604692 1.284658040240173 1.0610400752630074 3.4896357190445988 0.37843528715893615 48.760796880063594 0.56301946472376574 28.360256990999915
leaf_count=230 42 29 66 16 1145 14 532
internal_value=-8.69876e-05 0.0136154 0.0235632 -0.099815 -0.00318574 -0.0842004 -0.0012442
internal_weight=96.8268 17.8581 16.4186 1.43948 78.9687 1.84768 77.1211
internal_count=2074 341 296 45 1733 56 1677
is_linear=0
shrinkage=0.252688


Tree=958
num_leaves=8
num_cat=0
split_feature=24 2 2 15 24 23 9
split_gain=0.0587588 0.138576 0.102574 0.0677361 0.183884 0.10704 0.000401789
threshold=5.277287721633912 0.19196039438247683 0.14697373658418658 4.5103371143341073 -7.8814394474029532 1.9660103321075442 0.74516552686691295
decision_type=2 2 2 2 2 2 2
left_child=3 2 -2 5 -5 -1 -3
right_child=1 6 -4 4 -6 -7 -8
leaf_value=0.00042547045458694101 -0.060212525793520343 -0.17028598872713319 0.096547034027916895 -0.017474222055024101 0.10432221208664597 -0.07185913721782361 -0.19155753917360033
leaf_weight=98.099181380899608 0.76331636073882581 0.21568650298286218 0.40883338591083884 1.776194070969723 1.4269339983875386 1.3251990805583762 0.17065233108587563
leaf_count=1858 51 23 8 49 18 61 6
internal_value=-0.000112672 -0.0488006 -0.00551642 0.000626931 0.0367916 -0.000538353 -0.179934
internal_weight=104.186 1.55849 1.17215 102.628 3.20313 99.4244 0.386339
internal_count=2074 88 59 1986 67 1919 29
is_linear=0
shrinkage=0.252688


Tree=959
num_leaves=7
num_cat=0
split_feature=2 2 23 21 2 18
split_gain=0.0653162 0.182328 0.147831 0.0947932 0.0941651 0.0782685
threshold=-1.436538517475128 -1.586406350135803 0.38874401152133947 0.19166566431522372 -1.3799008727073667 0.65203070640563976
decision_type=2 2 2 2 2 2
left_child=1 2 -1 -3 -2 -6
right_child=4 3 -4 -5 5 -7
leaf_value=-0.018594643538005093 0.078356816106856672 -0.13330248693219532 0.11411408632711298 -0.0095668221800598186 -0.0026986584077158607 0.016019742719355457
leaf_weight=2.8354122831515274 1.0132405473850656 1.2026008677203197 0.66033246810547996 0.58895904477685679 73.800310989652644 17.679706256492864
leaf_count=104 18 32 22 13 1431 454
internal_value=0.000206206 -0.0271077 0.00648657 -0.0926411 0.00176774 0.000918973
internal_weight=97.7806 5.2873 3.49574 1.79156 92.4933 91.48
internal_count=2074 171 126 45 1903 1885
is_linear=0
shrinkage=0.252688


Tree=960
num_leaves=8
num_cat=0
split_feature=5 19 21 5 8 18 21
split_gain=0.0737536 0.149501 0.256166 0.149248 0.124467 0.093155 0.0520391
threshold=1.2487879395484927 0.73652428388595592 1.1635822653770449 1.9462294578552248 9.1072254180908221 0.50768378376960765 -0.099598132073879228
decision_type=2 2 2 2 2 2 2
left_child=4 2 -2 -3 5 -1 -6
right_child=1 3 -4 -5 6 -7 -8
leaf_value=0.0081229953054801889 0.062124532596418237 -0.042133204418448242 -0.17926567547236572 0.045133950983680206 -0.14092048986333894 -0.010218964664353335 -0.032412541515211432
leaf_weight=64.208637896019354 0.41083547892048844 3.0838663514441578 0.88414620008552447 2.1050513107329607 0.50950664095580578 24.3975359924234 0.63283463084371649
leaf_count=1310 17 83 28 56 4 554 22
internal_value=0.000123472 -0.0259016 -0.102689 -0.00672922 0.00200381 0.00307253 -0.0808532
internal_weight=96.2324 6.4839 1.29498 5.18892 89.7485 88.6062 1.14234
internal_count=2074 184 45 139 1890 1864 26
is_linear=0
shrinkage=0.252688


Tree=961
num_leaves=7
num_cat=0
split_feature=19 19 8 19 8 8
split_gain=0.0676598 0.555208 0.307369 0.185453 0.781843 0.167835
threshold=0.13567599654197696 0.1498694717884064 -0.26625958085060114 0.013073470443487169 -0.066244751214981065 3.5369168519973759
decision_type=2 2 2 2 2 2
left_child=3 -2 -3 5 -5 -1
right_child=1 2 -4 4 -6 -7
leaf_value=-0.0039391288119076202 0.12679926135505548 0.15690121850841088 -0.0018284132607033722 0.055413920135686121 -0.13888719831526811 0.091328975944881333
leaf_weight=44.776540712905444 2.332502959878183 0.79096465889597212 49.175974298806977 2.410012252497836 2.9287447739625341 1.212193171144462
leaf_count=1026 18 9 873 42 86 20
internal_value=-8.47887e-05 0.00631163 0.000685843 -0.00660235 -0.0511791 -0.00142696
internal_weight=103.627 52.2994 49.9669 51.3275 5.33876 45.9887
internal_count=2074 900 882 1174 128 1046
is_linear=0
shrinkage=0.252688


Tree=962
num_leaves=7
num_cat=0
split_feature=1 8 8 11 1 11
split_gain=0.0763655 0.336886 0.312423 0.244139 0.298305 0.226745
threshold=-1.7037193179130552 -0.31670975685119623 -0.18365976214408872 -0.90565735101699818 -0.13724045455455777 -0.86974287033081044
decision_type=2 2 2 2 2 2
left_child=1 -1 -3 4 -2 -5
right_child=3 2 -4 5 -6 -7
leaf_value=0.12662416517064407 0.10496794894468782 -0.17611212307919563 -0.0056272222708626798 -0.08490519427022114 -0.037184172706579068 0.0004358479921673633
leaf_weight=0.6558686975622553 2.9664281182194827 1.1469302673358475 1.70804706031049 2.0335699990391722 1.3811316592618812 87.488474171785128
leaf_count=24 67 23 61 24 27 1848
internal_value=-3.17755e-05 -0.0366182 -0.0741365 0.00133679 0.0598098 -0.00150322
internal_weight=97.3804 3.51085 2.85498 93.8696 4.34756 89.522
internal_count=2074 108 84 1966 94 1872
is_linear=0
shrinkage=0.252688


Tree=963
num_leaves=8
num_cat=0
split_feature=11 24 24 24 1 20 1
split_gain=0.0611321 0.566117 0.372929 0.351513 0.0925377 0.325268 0.215964
threshold=-0.87884214520454396 0.027463735081255439 0.11581755056977273 -0.29674604535102839 -1.4107555150985716 1.2732819914817812 -1.0264533162117002
decision_type=2 2 2 2 2 2 2
left_child=1 3 -3 -1 5 -2 -6
right_child=4 2 -4 -5 6 -7 -8
leaf_value=0.036485944387328717 -0.16261858318530709 0.13710955369067723 -0.017391513973795854 -0.14309086806806973 0.060381634221674141 0.052873329290892918 0.00041371591289241107
leaf_weight=0.94718171894783187 0.89373007009271421 1.6054469171212984 2.6327433865517378 2.6219866304490997 4.0221635030757161 0.89432727545499802 81.975819738782832
leaf_count=33 21 22 54 105 72 8 1759
internal_value=0.000129946 -0.0212965 0.0411437 -0.0954362 0.00203566 -0.0548521 0.00321881
internal_weight=95.5934 7.80736 4.23819 3.56917 87.786 1.78806 85.998
internal_count=2074 214 76 138 1860 29 1831
is_linear=0
shrinkage=0.252688


Tree=964
num_leaves=7
num_cat=0
split_feature=19 10 6 12 12 19
split_gain=0.0703218 0.364439 0.252006 0.174034 0.358438 0.323369
threshold=0.54376906156539928 -0.73573341965675343 -0.77242884039878834 -0.29703865945339197 -0.22716131806373593 0.017327567562460903
decision_type=2 2 2 2 2 2
left_child=3 -2 -3 5 -5 -1
right_child=1 2 -4 4 -6 -7
leaf_value=0.031038253990414238 0.14518568868086551 -0.11104476465898286 0.0092952570117761039 -0.079848333501172319 -0.0055363357690866536 -0.051189823944113332
leaf_weight=16.347941833628287 1.2248103320598627 1.1566514372825683 27.910727596754437 4.5375520053130449 47.779431330720399 3.7545993027888462
leaf_count=329 7 29 448 112 1035 114
internal_value=-2.76035e-05 0.0101954 0.0045047 -0.0043038 -0.0119823 0.0156793
internal_weight=102.712 30.2922 29.0674 72.4195 52.317 20.1025
internal_count=2074 484 477 1590 1147 443
is_linear=0
shrinkage=0.252688


Tree=965
num_leaves=7
num_cat=0
split_feature=10 8 9 17 17 1
split_gain=0.0646109 0.43402 0.0741891 0.31307 0.175987 0.0250651
threshold=-0.88360258936882008 -0.17771297693252561 -0.66955086588859547 -0.32287460565567011 -0.40966422855854029 -0.21171379089355466
decision_type=2 2 2 2 2 2
left_child=1 -1 3 -2 -4 -3
right_child=2 5 4 -5 -6 -7
leaf_value=-0.045437131488695735 0.011648814461164558 0.11359599966706332 0.095703439397191642 -0.073795742535491898 -3.0507057862063303e-05 0.18523039147355796
leaf_weight=1.7350694634951653 7.3776314458227716 0.6266110553406179 1.2444775654003013 4.3532429682090861 80.634902384310408 0.629408131353556
leaf_count=25 129 12 34 93 1764 17
internal_value=-9.92271e-05 0.0364563 -0.00126748 -0.0200608 0.00142514 0.149557
internal_weight=96.6013 2.99109 93.6103 11.7309 81.8794 1.25602
internal_count=2074 54 2020 222 1798 29
is_linear=0
shrinkage=0.252688


Tree=966
num_leaves=8
num_cat=0
split_feature=19 14 1 6 19 16 7
split_gain=0.0619606 0.217876 0.263774 0.209428 0.116763 0.69791 0.274999
threshold=1.0594418048858645 -0.02083331253379583 -0.37359261512756342 -0.12472645565867423 0.7146601974964143 -0.50678333640098561 1.5220639109611513
decision_type=2 2 2 2 2 2 2
left_child=4 3 -3 -2 6 -6 -1
right_child=1 2 -4 -5 5 -7 -8
leaf_value=-0.00054092130712760208 0.18976316802737642 -0.0041851873040759345 -0.13789213414803014 -0.0023355336486866468 -0.10318158830911313 0.052831357845718477 -0.16858248381072907
leaf_weight=75.942072506494526 0.46913842484355006 2.2469774321652953 1.6217915201559652 1.5861246977001426 2.2353695842903099 10.105432140640913 0.62642829492688079
leaf_count=1723 6 38 50 51 31 170 5
internal_value=9.21268e-05 -0.0249289 -0.0602468 0.0415501 0.00175944 0.0245684 -0.00191689
internal_weight=94.8333 5.92403 3.86877 2.05526 88.9093 12.3408 76.5685
internal_count=2074 145 88 57 1929 201 1728
is_linear=0
shrinkage=0.252688


Tree=967
num_leaves=7
num_cat=0
split_feature=4 4 4 3 13 15
split_gain=0.0558711 0.649566 0.309307 0.184662 0.0995266 0.00066589
threshold=-0.47596079111099238 -0.51977977156639088 -0.44859194755554194 0.74993115663528453 -1.055555462837219 -0.36978276073932642
decision_type=2 2 2 2 2 2
left_child=1 3 -2 -1 -4 -3
right_child=2 5 4 -5 -6 -7
leaf_value=0.0015517550957711481 0.12556541469038859 -0.18881069017362817 0.10995985060769659 -0.1228876951330347 0.00095906203403346019 -0.17521139893087248
leaf_weight=32.990426926635337 1.3160159591352556 0.56646467745304108 0.53879384114406903 0.77889142278581758 64.804399439994995 0.76757174768135772
leaf_count=646 24 19 5 23 1320 37
internal_value=5.37273e-06 -0.00815359 0.00430201 -0.00132028 0.00185874 -0.181059
internal_weight=101.763 35.1034 66.6592 33.7693 65.3432 1.33404
internal_count=2074 725 1349 669 1325 56
is_linear=0
shrinkage=0.252688


Tree=968
num_leaves=8
num_cat=0
split_feature=6 11 16 21 21 16 15
split_gain=0.0637382 0.531712 0.523751 0.417043 0.201148 0.480782 0.368029
threshold=-0.11159736663103102 -0.42702543735504145 0.52911520004272472 -0.16875956952571866 -0.25431442260742182 -0.52363973855972279 -0.32394683361053461
decision_type=2 2 2 2 2 2 2
left_child=1 2 -1 -3 6 -6 -2
right_child=4 3 -4 -5 5 -7 -8
leaf_value=0.1765905004846697 -0.047436016623077351 0.029780584196954254 -0.082259770823149961 -0.030603718925754034 0.14685115611807353 0.00043406396487306967 0.021185380608732977
leaf_weight=2.1029584005009414 14.679653327126291 14.3744631515001 0.65402224287390698 14.844030834628933 1.4843658343161212 40.176495753546988 7.5600164869101709
leaf_count=45 276 277 12 329 37 926 172
internal_value=-9.68418e-05 0.00911334 0.11518 -0.000896734 -0.00470562 0.0056527 -0.0241093
internal_weight=95.876 31.9755 2.75698 29.2185 63.9005 41.6609 22.2397
internal_count=2074 663 57 606 1411 963 448
is_linear=0
shrinkage=0.252688


Tree=969
num_leaves=7
num_cat=0
split_feature=5 18 3 8 10 14
split_gain=0.0654162 0.146279 0.246972 0.0930597 0.152957 0.110372
threshold=1.2487879395484927 0.68441271781921398 1.0087531208992007 9.1072254180908221 1.1780862212181094 -0.89583328366279591
decision_type=2 2 2 2 2 2
left_child=3 2 -2 4 -1 -5
right_child=1 -3 -4 5 -6 -7
leaf_value=-0.00038361089653393519 -0.10567965739660141 0.089495219970770257 0.0036984718129054591 -0.15136027481380479 0.039895679409558543 0.0082891673356470848
leaf_weight=80.116019165046339 2.1369533367105751 0.63753220072248939 3.4384436242253287 0.54960531351389363 6.5081901363446368 0.55575715377926715
leaf_count=1715 79 20 85 15 149 11
internal_value=-6.15726e-05 -0.025117 -0.0382301 0.00171295 0.00264283 -0.0711244
internal_weight=93.9425 6.21293 5.5754 87.7296 86.6242 1.10536
internal_count=2074 184 164 1890 1864 26
is_linear=0
shrinkage=0.252688


Tree=970
num_leaves=8
num_cat=0
split_feature=4 10 19 21 4 24 1
split_gain=0.0597837 0.368145 0.355383 0.335191 0.282734 0.233004 0.219012
threshold=0.23419670760631564 -0.47507110238075251 -0.85625681281089772 0.48377609252929693 0.20788542181253436 -2.23669421672821 -0.21171379089355466
decision_type=2 2 2 2 2 2 2
left_child=4 2 -2 -3 5 -1 -6
right_child=1 3 -4 -5 6 -7 -8
leaf_value=-0.11122671417397559 0.035708804934226318 0.029531438557423368 -0.14114866503479204 -0.028471131652881031 0.028131535709944904 0.00014161341370487723 -0.16946696942428977
leaf_weight=1.2233315722214673 1.1540723921498286 26.069840904558077 1.9520201171399083 8.4145050387451175 0.52121650315530121 60.317074382386636 1.1432518830406468
leaf_count=81 17 407 73 207 10 1241 38
internal_value=-0.000107131 0.00787259 -0.0754417 0.015378 -0.00485304 -0.00207314 -0.1076
internal_weight=100.795 37.5904 3.10609 34.4843 63.2049 61.5404 1.66447
internal_count=2074 704 90 614 1370 1322 48
is_linear=0
shrinkage=0.252688


Tree=971
num_leaves=8
num_cat=0
split_feature=12 2 18 12 24 17 12
split_gain=0.0670526 0.379681 0.202079 0.151838 0.309617 0.124809 0.120281
threshold=0.942957103252411 0.45712885260581976 0.26289786398410803 0.82127708196640026 0.24964980781078341 -0.30597460269927973 0.52186670899391185
decision_type=2 2 2 2 2 2 2
left_child=3 2 -2 6 -5 -3 -1
right_child=1 5 -4 4 -6 -7 -8
leaf_value=-0.0037407197412746437 -0.0043526924205629664 0.2174160651386963 0.094416272108319266 -0.12058688552696811 0.064277978548495013 0.04473139987486216 0.035268794184317262
leaf_weight=69.337647726782961 14.902715351505327 0.73204955190885812 1.4509501098655153 1.8297150344005779 0.84539071173639957 0.42127875571713846 5.4425452576251692
leaf_count=1506 362 20 34 24 24 16 88
internal_value=0.000174638 0.0142977 0.00441309 -0.00301762 -0.062164 0.15439 -0.000901337
internal_weight=94.9623 17.507 16.3537 77.4553 2.67511 1.15333 74.7802
internal_count=2074 432 396 1642 48 36 1594
is_linear=0
shrinkage=0.252688


Tree=972
num_leaves=6
num_cat=0
split_feature=21 10 21 10 16
split_gain=0.0729508 0.12094 0.0690521 0.298382 0.109441
threshold=2.6314238309860234 1.2437337040901186 2.246133685112 0.64612841606140148 1.8220110535621645
decision_type=2 2 2 2 2
left_child=2 -2 4 -4 -1
right_child=1 -3 3 -5 -6
leaf_value=0.0010205171664209825 -0.17377548930189335 -0.0016629890765873187 0.17672984085455304 -0.14404990160316758 -0.082075881855782823
leaf_weight=90.36592886445851 0.40763626724947133 0.72153535299003124 0.5701642450876524 0.27359555348809295 1.0229464822920977
leaf_count=1955 7 25 17 23 47
internal_value=-2.72308e-05 -0.0638498 0.000754473 0.0726879 8.9907e-05
internal_weight=93.3618 1.12917 92.2326 0.84376 91.3889
internal_count=2074 32 2042 40 2002
is_linear=0
shrinkage=0.252688


Tree=973
num_leaves=8
num_cat=0
split_feature=14 14 4 14 17 14 0
split_gain=0.0483173 0.638834 0.418621 0.178821 0.420135 0.0943168 0.000328028
threshold=0.71527773141860973 0.92361101508140575 -0.71269068121910084 0.59027779102325451 1.1438947916030886 0.54861110448837291 1.0000000180025095e-35
decision_type=2 2 2 2 2 2 2
left_child=3 6 -3 5 -5 -1 -2
right_child=1 2 -4 4 -6 -7 -8
leaf_value=0.00051008516260910562 -0.17658446459681343 -0.18024222775265719 0.016651959040566662 0.10881376225417108 -0.087594697228082635 -0.088073212452098981 -0.18787081459444244
leaf_weight=82.644398232939238 0.50973784353118279 0.73553732642903824 10.894323616899781 2.6490072114393111 0.94241975108161558 0.77412220291444001 0.77607580367475748
leaf_count=1743 22 8 220 30 25 15 11
internal_value=-7.62409e-05 -0.0144978 0.00419153 0.00206455 0.0572689 -0.000312502 -0.183472
internal_weight=99.9256 12.9157 11.6299 87.0099 3.59143 83.4185 1.28581
internal_count=2074 261 228 1813 55 1758 33
is_linear=0
shrinkage=0.252688


Tree=974
num_leaves=7
num_cat=0
split_feature=13 5 9 13 13 17
split_gain=0.064265 0.290876 0.263313 0.240158 0.179216 0.0569275
threshold=-1.0087718963623045 0.82945460081100475 0.49503192305564886 -0.96198827028274525 -0.92690050601959217 0.061365881934762008
decision_type=2 2 2 2 2 2
left_child=1 2 -1 5 -5 -2
right_child=3 -3 -4 4 -6 -7
leaf_value=0.12157963781795299 -0.061208239543492304 -0.096085601772239279 -0.019716976570359045 0.09017061809479579 -0.0012535171778852449 -0.17057567340616089
leaf_weight=2.045059248397592 0.64788790559396037 0.92361400366644364 1.4311619293475812 1.3903669004794199 87.214818839687723 0.57348240924511629
leaf_count=73 14 22 30 17 1903 15
internal_value=0.000107848 0.0299234 0.0634132 -0.00135271 0.000181597 -0.112613
internal_weight=94.2264 4.39984 3.47622 89.8266 88.6052 1.22137
internal_count=2074 125 103 1949 1920 29
is_linear=0
shrinkage=0.252688


Tree=975
num_leaves=7
num_cat=0
split_feature=4 24 4 4 13 2
split_gain=0.0603273 0.578934 0.343804 0.31829 0.291121 0.209933
threshold=-0.72705176472663868 -0.22639911621809003 -0.73710441589355458 -0.71269068121910084 0.38888882100582128 0.37146268784999853
decision_type=2 2 2 2 2 2
left_child=1 4 -3 -2 -1 -5
right_child=3 2 -4 5 -6 -7
leaf_value=-0.11338752452571255 0.10344675943556826 0.026442687346802017 -0.12998794264309399 -0.0079055320560242458 0.049167843043552657 0.022612711609294064
leaf_weight=4.1800573442146485 1.9651627973653365 12.114197832728678 0.96830778603907397 52.884434928736482 0.84545122338022327 19.773042274186992
leaf_count=103 24 268 12 1198 14 455
internal_value=-6.06586e-05 -0.0131441 0.0148595 0.00311424 -0.0860379 0.000399803
internal_weight=92.7307 18.108 13.0825 74.6226 5.02551 72.6575
internal_count=2074 397 280 1677 117 1653
is_linear=0
shrinkage=0.252688


Tree=976
num_leaves=6
num_cat=0
split_feature=9 9 17 9 11
split_gain=0.060284 0.168054 0.240076 0.109963 0.072695
threshold=1.6908938288688662 1.7930300831794741 0.44509713351726538 1.6389029622077944 -1.111419081687927
decision_type=2 2 2 2 2
left_child=3 -2 -3 4 -1
right_child=1 2 -4 -5 -6
leaf_value=0.024602707476111794 0.10011416140209785 -0.074009468400615966 0.061990459573444665 -0.097059804057427826 -0.0027129600309713413
leaf_weight=6.6995982804364749 1.4278732652310271 1.599096999394533 1.7193207888640243 0.76274507615016673 86.963546499975564
leaf_count=136 16 60 44 16 1802
internal_value=-0.000140568 0.0276459 -0.00354685 -0.00153741 -0.000758965
internal_weight=99.1722 4.74629 3.31842 94.4259 93.6631
internal_count=2074 120 104 1954 1938
is_linear=0
shrinkage=0.252688


Tree=977
num_leaves=5
num_cat=0
split_feature=14 14 21 14
split_gain=0.107782 0.0677908 0.290857 0.162027
threshold=-1.8263887166976926 -1.381944417953491 -0.47349262237548823 -0.96527773141860951
decision_type=2 2 2 2
left_child=-1 2 -2 -3
right_child=1 3 -4 -5
leaf_value=0.18084192852767272 0.17744793429461841 0.034173275603461596 -0.041107746364649866 -0.0020389835399176378
leaf_weight=0.20991895813494821 0.41705591045320023 8.7685644081793708 5.640763056697323 78.645576587026881
leaf_count=5 10 204 102 1753
internal_value=0.000208864 -0.000197806 -0.0260467 0.00159366
internal_weight=93.6819 93.472 6.05782 87.4141
internal_count=2074 2069 112 1957
is_linear=0
shrinkage=0.252688


Tree=978
num_leaves=5
num_cat=0
split_feature=11 18 18 23
split_gain=0.109023 0.0756345 0.262319 0.211659
threshold=-1.3154522180557249 0.50768378376960765 0.45389676094055181 0.66424211859703075
decision_type=2 2 2 2
left_child=-1 2 -2 -3
right_child=1 3 -4 -5
leaf_value=-0.17051938563812147 0.0016147556322152286 -0.018915457370104631 0.084841055492892198 0.066404500928655075
leaf_weight=0.23846676076936901 65.117184909795469 22.144984243734019 2.5108503203373393 2.025904730993715
leaf_count=27 1429 528 40 50
internal_value=-7.45512e-05 0.000369178 0.00470539 -0.0117629
internal_weight=92.0374 91.7989 67.628 24.1709
internal_count=2074 2047 1469 578
is_linear=0
shrinkage=0.252688


Tree=979
num_leaves=8
num_cat=0
split_feature=17 17 12 20 23 21 17
split_gain=0.0539679 0.314752 0.544897 0.264944 0.248236 0.188926 0.0924214
threshold=-0.34385664761066431 -0.33775550127029413 -0.07612245529890059 0.12596672028303149 -0.38656525313854212 0.16872427612543109 -0.33610655367374415
decision_type=2 2 2 2 2 2 2
left_child=3 2 -2 4 -1 -5 -3
right_child=1 6 -4 5 -6 -7 -8
leaf_value=-0.011333543828089637 -0.093600471355055934 -0.092807805100609375 0.11253636328813935 -0.18213114264315433 0.12767954408002857 -0.0022362419783822471 -0.00066829813723695412
leaf_weight=13.731391937631997 1.0573400391731409 0.7009020287077864 3.6233746143698218 0.95959766674786695 0.87177772331051606 0.60935915025766008 77.072400607235068
leaf_count=278 22 16 34 20 11 16 1677
internal_value=-0.000286885 0.00233091 0.0659659 -0.0136335 -0.00303035 -0.112288 -0.00149931
internal_weight=98.6261 82.454 4.68071 16.1721 14.6032 1.56896 77.7733
internal_count=2074 1749 56 325 289 36 1693
is_linear=0
shrinkage=0.252688


Tree=980
num_leaves=7
num_cat=0
split_feature=16 3 3 16 17 20
split_gain=0.0630266 0.343315 0.407768 0.150297 0.139531 0.046794
threshold=-0.36184741556644434 -0.65435585379600514 -0.39488066732883448 -0.34138444066047663 -0.3447373360395431 -0.087470453232526765
decision_type=2 2 2 2 2 2
left_child=1 5 -3 -2 -5 -1
right_child=3 2 -4 4 -6 -7
leaf_value=-0.06338107158233322 0.10349203068705207 0.16741725203744889 -0.010584904216127037 0.036622283262154137 -0.0010090674750895599 -0.17715057582768765
leaf_weight=0.32104379474185407 0.96056511136703093 0.85278965521138417 22.201113809758681 7.0125958901189724 61.125118177502372 0.82892628340050822
leaf_count=16 24 27 445 172 1369 21
internal_value=0.00037681 -0.0107197 -0.00399666 0.00426378 0.00286411 -0.145434
internal_weight=93.3022 24.2039 23.0539 69.0983 68.1377 1.14997
internal_count=2074 509 472 1565 1541 37
is_linear=0
shrinkage=0.252688


Tree=981
num_leaves=7
num_cat=0
split_feature=3 4 4 14 5 21
split_gain=0.0772255 0.349966 0.329567 0.283695 0.241326 0.0139161
threshold=-0.101211279630661 -1.4228082895278928 0.52894392609596264 -1.4236110448837278 -0.63091200590133656 -0.24956145882606504
decision_type=2 2 2 2 2 2
left_child=2 -2 3 -1 -3 -4
right_child=1 4 5 -5 -6 -7
leaf_value=0.15414458100226866 0.17228452789293131 0.057098835929657303 -0.17893343055672484 -0.0081819213200318344 -0.0020095058026459141 -0.12031871703901607
leaf_weight=0.70044903457164664 0.79434500634670158 4.851553044723004 0.50635363627225161 35.624658661836534 48.445673199734301 0.54240016225958132
leaf_count=11 12 89 9 881 1048 24
internal_value=-0.000249421 0.00585371 -0.00908254 -0.00504958 0.00337151 -0.148696
internal_weight=91.4654 54.0916 37.3739 36.3251 53.2972 1.04875
internal_count=2074 1149 925 892 1137 33
is_linear=0
shrinkage=0.252688


Tree=982
num_leaves=5
num_cat=0
split_feature=8 3 12 24
split_gain=0.0585192 0.131859 0.182102 0.118306
threshold=13.693320751190187 1.3272922635078432 8.2104053497314471 3.24232029914856
decision_type=2 2 2 2
left_child=1 3 -3 -1
right_child=-2 2 -4 -5
leaf_value=0.0013976287787479573 0.060974665774896145 -0.17842372859760963 0.0090680363605511131 -0.073491801260530662
leaf_weight=94.25662418362117 0.98957331576093466 0.62886180204804876 0.6970005442854017 1.3658941010216938
leaf_count=1898 24 18 14 120
internal_value=-0.00014584 -0.000770053 -0.0798947 0.000327476
internal_weight=97.938 96.9484 1.32586 95.6225
internal_count=2074 2050 32 2018
is_linear=0
shrinkage=0.252688


Tree=983
num_leaves=5
num_cat=0
split_feature=7 11 0 3
split_gain=0.0694619 0.0710605 0.217304 0.12258
threshold=1.6332325935363772 0.42075046896934515 1.0000000180025095e-35 1.0087531208992007
decision_type=2 2 2 2
left_child=1 3 -3 -1
right_child=-2 2 -4 -5
leaf_value=-0.0011867808727791368 -0.081921448703732483 0.031660182783362044 -0.035469926593846908 -0.091166790575356302
leaf_weight=74.051089557531668 0.64934850297868152 12.972243107658871 4.0366154477815135 0.9789674239436853
leaf_count=1580 8 349 103 34
internal_value=0.000400245 0.000981519 0.0157279 -0.00236146
internal_weight=92.6883 92.0389 17.0089 75.0301
internal_count=2074 2066 452 1614
is_linear=0
shrinkage=0.252688


Tree=984
num_leaves=7
num_cat=0
split_feature=1 23 6 13 13 12
split_gain=0.0591406 0.10443 0.1542 0.0902304 0.141314 0.0637872
threshold=1.0480016469955447 0.22940944880247119 0.45733043551445013 -1.06725138425827 -1.0380115509033201 0.08597236126661302
decision_type=2 2 2 2 2 2
left_child=3 5 -3 -1 -5 -2
right_child=1 2 -4 4 -6 -7
leaf_value=0.090081183030057965 -0.17570755474555239 -0.043598194544329026 0.17288611929156528 -0.099930250262118714 0.0012524685620623525 -0.049213710812995803
leaf_weight=0.71883522509597142 0.30000577832106445 0.57779463962651778 0.32944766012951732 0.88988327863626082 86.444004216712528 1.670019775896719
leaf_count=21 21 24 12 33 1892 71
internal_value=-0.000209989 -0.0358562 0.0350673 0.000955003 0.000220859 -0.0685195
internal_weight=90.93 2.87727 0.907242 88.0527 87.3339 1.97003
internal_count=2074 128 36 1946 1925 92
is_linear=0
shrinkage=0.252688


Tree=985
num_leaves=8
num_cat=0
split_feature=3 11 11 3 2 2 9
split_gain=0.0494126 0.388703 0.401151 0.16992 0.236306 0.177522 0.153644
threshold=-0.70028188824653614 0.33766867220401769 0.32288761436939245 -0.59914404153823841 0.71714067459106456 0.34794615209102636 1.6389029622077944
decision_type=2 2 2 2 2 2 2
left_child=1 2 -1 5 -5 -2 -3
right_child=3 6 -4 4 -6 -7 -8
leaf_value=-0.017940502821274733 -0.013525384689514306 -0.1805460743744097 0.11329625171670646 0.0012484489163791604 -0.1240872742602649 0.10128014123159301 -0.0079105050321962543
leaf_weight=10.030412357311432 1.4225431232480326 1.1451817822526198 1.7455309198703606 79.609399269294954 0.97169309375749335 2.1736782952211797 0.46196624310687173
leaf_count=377 27 36 23 1531 50 21 9
internal_value=-0.000132702 -0.0143946 0.00151662 0.00213481 -0.000263708 0.0558713 -0.130943
internal_weight=97.5604 13.3831 11.7759 84.1773 80.5811 3.59622 1.60715
internal_count=2074 445 400 1629 1581 48 45
is_linear=0
shrinkage=0.252688


Tree=986
num_leaves=8
num_cat=0
split_feature=3 2 20 2 13 20 24
split_gain=0.0646057 0.346836 0.29645 0.213083 0.130611 0.270122 0.168359
threshold=0.16430275887250903 0.40823872387409216 0.14265734702348712 -0.22905285656452176 0.68713447451591503 0.40420503914356237 0.58696860074996959
decision_type=2 2 2 2 2 2 2
left_child=4 3 -3 -2 5 -1 -6
right_child=1 2 -4 -5 6 -7 -8
leaf_value=0.0063217377203885587 -0.017051271060209958 -0.16020178289448747 -0.012751852897303489 0.024304751260808184 0.07224673974856842 -0.068092237659780022 -0.011052937018168819
leaf_weight=46.250267672183327 19.184561394940829 1.6780607157852494 1.8090188270434735 13.589462782139888 3.9323432354249226 3.3391023843723806 2.5559194322559051
leaf_count=977 451 35 46 300 110 99 56
internal_value=0.000347007 -0.00796484 -0.083722 9.67154e-05 0.00572169 0.00131037 0.0394341
internal_weight=92.3387 36.2611 3.48708 32.774 56.0776 49.5894 6.48826
internal_count=2074 832 81 751 1242 1076 166
is_linear=0
shrinkage=0.252688


Tree=987
num_leaves=5
num_cat=0
split_feature=11 10 10 21
split_gain=0.0929269 0.0616216 0.343839 0.166765
threshold=-1.3154522180557249 0.14612852036952975 0.066787932068109526 -0.12634258717298505
decision_type=2 2 2 2
left_child=-1 2 -2 -3
right_child=1 3 -4 -5
leaf_value=-0.17011663488174117 -0.00072363161604305768 0.034096803915215503 -0.093469129340697649 -0.0023898899247890197
leaf_weight=0.20448946068790874 46.993572685118124 10.982699388456238 2.6983948122979191 29.431754994682535
leaf_count=27 1087 222 79 659
internal_value=-0.000188227 0.000198392 -0.00576091 0.00752572
internal_weight=90.3109 90.1064 49.692 40.4145
internal_count=2074 2047 1166 881
is_linear=0
shrinkage=0.252688


Tree=988
num_leaves=7
num_cat=0
split_feature=7 19 19 15 7 4
split_gain=0.0597586 0.243568 0.490246 0.374946 0.210981 0.134323
threshold=-0.52000975608825672 0.076709561049938216 -0.073939740657806383 0.070269066840410246 -0.49102786183357233 -0.69371965527534474
decision_type=2 2 2 2 2 2
left_child=1 2 -1 -3 -2 -6
right_child=4 3 -4 -5 5 -7
leaf_value=0.012606222883817075 -0.17382017531052282 0.004263645505499878 -0.13293405031727887 0.16401682092542555 0.019661580445718467 -0.0075350697403941394
leaf_weight=15.79465953268846 0.46043298099539143 2.3189754121704023 1.6298079389525817 1.5748586970148606 14.33010541680869 60.753518718932355
leaf_count=420 24 43 41 13 241 1292
internal_value=-5.65201e-05 0.0117582 -0.00101051 0.0688896 -0.00339068 -0.00234433
internal_weight=96.8624 21.3183 17.4245 3.89383 75.5441 75.0836
internal_count=2074 517 461 56 1557 1533
is_linear=0
shrinkage=0.252688


Tree=989
num_leaves=7
num_cat=0
split_feature=6 11 21 13 23 6
split_gain=0.066445 0.406389 0.320907 0.300068 0.286666 0.144671
threshold=-0.11159736663103102 -0.42702543735504145 0.11941063776612283 -0.31286551058292383 -0.40076243877410883 -0.070021864026784883
decision_type=2 2 2 2 2 2
left_child=1 2 -1 -2 -3 -5
right_child=3 4 -4 5 -6 -7
leaf_value=0.17498837934248712 -0.11548209901834801 -0.10177846971970142 -0.014150293186145682 0.11538513523104486 0.0075312495932500422 -0.0030497211143177818
leaf_weight=1.6063061759341537 1.5177970398217429 1.6260746847838223 0.88991296524181951 0.66544835967942972 26.308494590668484 59.083737114387986
leaf_count=42 14 14 15 11 592 1386
internal_value=0.000245099 0.00989647 0.10757 -0.00454868 0.00116646 -0.00172964
internal_weight=91.6978 30.4308 2.49622 61.267 27.9346 59.7492
internal_count=2074 663 57 1411 606 1397
is_linear=0
shrinkage=0.252688


Tree=990
num_leaves=7
num_cat=0
split_feature=15 23 3 6 22 17
split_gain=0.0598527 0.326263 0.184938 0.214027 0.101237 0.0644718
threshold=2.01805591583252 1.784934997558594 -0.049909828230738633 1.0919036269187929 0.93180191516876232 1.286896347999573
decision_type=2 2 2 2 2 2
left_child=1 4 -2 -4 -1 -3
right_child=2 5 3 -5 -6 -7
leaf_value=0.0025538416643586595 -0.17567361044304089 0.18267012213798986 0.053594204616267772 -0.043172640862073161 -0.028291271328247363 0.063789040372052574
leaf_weight=74.0020363214729 0.46956238063830813 0.69212797842919715 2.1633907255600198 4.4823345771001186 7.4804852179368018 0.50417685206048191
leaf_count=1672 34 9 51 131 154 23
internal_value=-0.00026814 0.00164572 -0.0225056 -0.0116701 -0.000278035 0.13262
internal_weight=89.7941 82.6788 7.11529 6.64573 81.4825 1.1963
internal_count=2074 1858 216 182 1826 32
is_linear=0
shrinkage=0.252688


Tree=991
num_leaves=7
num_cat=0
split_feature=14 24 18 14 14 8
split_gain=0.0551351 0.451379 0.269366 0.24405 0.253161 0.142671
threshold=1.1458333730697634 -1.6465092897415159 0.43962681293487554 1.0624999403953554 0.71527773141860973 0.21196247637271884
decision_type=2 2 2 2 2 2
left_child=3 -2 -3 4 -1 -5
right_child=1 2 -4 5 -6 -7
leaf_value=0.0020493304946614531 0.12618680424300643 -0.030495137767132585 -0.19272138044248746 0.1682881864163531 -0.063022909128124471 0.040369706170881078
leaf_weight=83.722682025318136 1.0284584749315397 3.6537607992650001 0.79545577592216421 0.75258224830031339 3.9993034176877691 2.1371254669502378
leaf_count=1813 17 104 21 5 77 37
internal_value=-2.56252e-05 -0.0246425 -0.0595186 0.00146264 -0.000917702 0.0737094
internal_weight=96.0894 5.47768 4.44922 90.6117 87.722 2.88971
internal_count=2074 142 125 1932 1890 42
is_linear=0
shrinkage=0.252688


Tree=992
num_leaves=4
num_cat=0
split_feature=14 11 23
split_gain=0.0619756 0.071359 0.0643719
threshold=1.673611104488373 -1.3355544209480283 -0.36153110861778254
decision_type=2 2 2
left_child=1 -1 -3
right_child=-2 2 -4
leaf_value=0.17312805267257478 0.068741094322792018 0.0076822394819419928 -0.0061219215815292759
leaf_weight=0.15063035488128562 0.83630225760862131 35.800551184351207 54.261356870456439
leaf_count=9 20 716 1329
internal_value=0.000291504 -0.000343431 -0.000634595
internal_weight=91.0488 90.2125 90.0619
internal_count=2074 2054 2045
is_linear=0
shrinkage=0.252688


Tree=993
num_leaves=6
num_cat=0
split_feature=8 11 8 11 19
split_gain=0.0623762 0.0786969 0.0765041 0.0655076 0.146942
threshold=-3.2882738113403316 -1.3154522180557249 -1.9359093904495237 0.27649733424186712 -0.89094039797782887
decision_type=2 2 2 2 2
left_child=3 -2 -3 -1 -5
right_child=1 2 -4 4 -6
leaf_value=-0.15150671670788157 -0.16972746943231989 0.041176598967704939 -0.00069169371486186811 0.090964784554338179 -0.13294996673679763
leaf_weight=0.34436677675694116 0.17285707846531195 2.8803939730860284 85.16172285931377 0.38275425620395254 0.36514189868648828
leaf_count=10 27 72 1930 18 17
internal_value=-0.000399896 0.000343357 0.000678296 -0.0603999 -0.0183709
internal_weight=89.3072 88.215 88.0421 1.09226 0.747896
internal_count=2074 2029 2002 45 35
is_linear=0
shrinkage=0.252688


Tree=994
num_leaves=7
num_cat=0
split_feature=5 3 5 9 5 9
split_gain=0.0532284 0.388432 0.149859 0.671342 0.258396 0.14966
threshold=0.40529616177082067 -0.91226875782012928 0.15196507424116137 -0.61885705590248097 1.0000000180025095e-35 -0.87094116210937489
decision_type=2 2 2 2 2 2
left_child=2 -2 4 -4 -1 -3
right_child=1 5 3 -5 -6 -7
leaf_value=0.0047121227443197031 -0.18488568499826746 -0.11671847977132933 -0.092235511007634496 0.04977896748859377 -0.047063634579083316 -0.0012227455444093949
leaf_weight=43.416879394680109 0.77922204723290889 0.73450562902144412 2.5531535816553506 12.674109798754214 7.1706313442700766 28.224900298306238
leaf_count=1037 24 20 52 214 171 556
internal_value=-2.08721e-05 -0.00889306 0.00398807 0.025965 -0.00262733 -0.00415422
internal_weight=95.5534 29.7386 65.8148 15.2273 50.5875 28.9594
internal_count=2074 600 1474 266 1208 576
is_linear=0
shrinkage=0.252688


Tree=995
num_leaves=8
num_cat=0
split_feature=7 24 24 4 21 4 24
split_gain=0.0628588 0.275769 0.20542 0.0946504 0.236652 0.168911 0.0370968
threshold=1.1623473763465884 0.67628499865531932 0.1093324162065983 1.7535226941108706 0.1102806255221367 1.6700361371040346 1.8908402323722842
decision_type=2 2 2 2 2 2 2
left_child=3 2 -2 5 -5 -1 -3
right_child=1 6 -4 4 -6 -7 -8
leaf_value=0.0010865001687817492 -0.028652116752258969 0.094192385242902632 -0.17675868093518129 0.087628330366130949 -0.027884251206395885 -0.11209564600260598 0.01738443612853928
leaf_weight=80.998277038410379 1.7324276184081093 0.74218642525374867 0.91281085349328339 2.5909159381844793 2.0110677647171542 0.85023519396781821 0.87473189597949386
leaf_count=1838 31 11 20 77 64 15 18
internal_value=0.000415701 -0.0295396 -0.0797859 0.00189274 0.0371516 -8.9925e-05 0.0526604
internal_weight=90.7127 4.26216 2.64524 86.4505 4.60198 81.8485 1.61692
internal_count=2074 80 51 1994 141 1853 29
is_linear=0
shrinkage=0.252688


Tree=996
num_leaves=8
num_cat=0
split_feature=10 19 7 1 16 16 18
split_gain=0.0600029 0.168728 0.285179 0.178575 0.080848 0.369676 0.242069
threshold=-0.76233309507369984 0.013073470443487169 0.022729379124939445 -0.47394664585590357 -0.42455215752124781 -0.41027419269084925 0.10318327322602273
decision_type=2 2 2 2 2 2 2
left_child=1 3 -3 -1 6 -6 -2
right_child=4 2 -4 -5 5 -7 -8
leaf_value=-0.14338176914063339 0.0048343188157321691 -0.17239989944812018 0.085169917544149334 0.044598500872912429 -0.14586429371980658 -5.735152008295721e-05 0.092191942017576856
leaf_weight=0.39173576232860829 14.399964513570014 0.99608194918255299 0.37841207801830024 1.8183864871425606 1.1283376987557847 67.449848706104177 2.3563677949132389
leaf_count=28 312 37 18 61 23 1550 45
internal_value=4.17072e-05 -0.0319827 -0.101482 0.0112528 0.00138715 -0.00245748 0.0171216
internal_weight=88.9191 3.58462 1.37449 2.21012 85.3345 68.5782 16.7563
internal_count=2074 144 55 89 1930 1573 357
is_linear=0
shrinkage=0.252688


Tree=997
num_leaves=7
num_cat=0
split_feature=16 21 8 24 21 24
split_gain=0.0530197 0.157524 0.120027 0.132947 0.0814033 0.0537123
threshold=2.4033796787261967 2.0181746482849126 0.10655900835990907 0.45287805795669561 1.2773557305336001 8.6003561019897479
decision_type=2 2 2 2 2 2
left_child=1 4 3 -2 -1 -3
right_child=2 5 -4 -5 -6 -7
leaf_value=-0.0017850250041913523 0.061440142468435203 -0.17232820442036464 0.16799028393906651 -0.17492816211154077 0.030596106602356572 -0.014262673673954323
leaf_weight=87.849132610396737 0.54014301190909353 0.45443803291709528 0.38817340647801757 0.21079599938821048 5.2530023030121802 0.19675040245056152
leaf_count=1844 29 62 5 21 111 2
internal_value=-0.000165903 -0.000824445 0.0540087 -0.00498526 4.21294e-05 -0.124623
internal_weight=94.8924 93.7533 1.13911 0.750939 93.1021 0.651188
internal_count=2074 2019 55 50 1955 64
is_linear=0
shrinkage=0.252688


Tree=998
num_leaves=7
num_cat=0
split_feature=15 21 7 22 7 15
split_gain=0.0662706 0.142799 0.170683 0.126814 0.208754 0.169311
threshold=4.6590611934661874 -0.20616623014211652 0.58063146471977245 1.0841760039329531 -0.30438172817230219 1.8631288409233095
decision_type=2 2 2 2 2 2
left_child=3 -2 -3 5 -5 -1
right_child=1 2 -4 4 -6 -7
leaf_value=0.0012081861836696719 -0.17157332475686068 -0.064815102403682989 0.12211898848744358 0.18202857107338988 0.020334744471277408 -0.062489330593329548
leaf_weight=81.703268107088661 0.44547341688303288 1.0339342803035818 0.44595583784393977 0.60866901290137354 3.1265302179381242 2.7537498681340358
leaf_count=1802 27 39 14 22 103 67
internal_value=0.000133525 -0.0462366 -0.00845925 0.00114614 0.0467059 -0.000869055
internal_weight=90.1176 1.92536 1.47989 88.1922 3.7352 84.457
internal_count=2074 80 53 1994 125 1869
is_linear=0
shrinkage=0.252688


Tree=999
num_leaves=8
num_cat=0
split_feature=10 0 3 21 4 14 3
split_gain=0.0508568 0.252625 0.318051 0.18223 0.101607 0.330701 0.146206
threshold=-0.63295421004295338 -1.0000000180025095e-35 -0.057440448552370064 -0.25431442260742182 -0.28098995983600611 0.24305555969476703 -1.6000912785530088
decision_type=2 2 2 2 2 2 2
left_child=1 3 -3 -1 5 -2 -6
right_child=4 2 -4 -5 6 -7 -8
leaf_value=0.17217417601202156 0.040776879755221457 -0.079104049087922249 0.02287708603938074 -0.018338437164048281 -0.15386867699683465 -0.01085257275498343 -0.0041158040739992701
leaf_weight=0.70611364085925743 14.734880079895733 4.4820972288143821 3.4593659450765681 0.58660693594720192 0.41949230688623984 17.130370564453045 46.724774825852819
leaf_count=22 338 132 80 27 11 350 1114
internal_value=-7.40572e-05 -0.0178178 -0.0346815 0.0857507 0.00199981 0.0130218 -0.00545005
internal_weight=88.2437 9.23418 7.94146 1.29272 79.0095 31.8653 47.1443
internal_count=2074 261 212 49 1813 688 1125
is_linear=0
shrinkage=0.252688


Tree=1000
num_leaves=7
num_cat=0
split_feature=7 6 24 8 3 4
split_gain=0.0630287 0.27242 0.231293 0.253357 0.140704 0.000388422
threshold=-0.52000975608825672 -0.78118157386779774 -2.23669421672821 0.056344751268625266 -1.2949144244194029 -0.72705176472663868
decision_type=2 2 2 2 2 2
left_child=2 5 -1 -4 -3 -2
right_child=1 4 3 -5 -6 -7
leaf_value=-0.17608500030511556 -0.18971613476358298 0.12720525787748838 0.0057882251809048216 0.094102380618147755 -0.0031592654328485383 -0.17212420434294123
leaf_weight=0.40731623560714325 0.25258777057752013 0.53197143785655399 17.711424503397215 2.3487681539845644 72.829855133021738 0.29913291649427165
leaf_count=54 4 7 430 33 1517 29
internal_value=-0.000107786 -0.00354404 0.0123011 0.0161309 -0.00221302 -0.180354
internal_weight=94.3811 73.9135 20.4675 20.0602 73.3618 0.551721
internal_count=2074 1557 517 463 1524 33
is_linear=0
shrinkage=0.252688


Tree=1001
num_leaves=8
num_cat=0
split_feature=16 9 4 16 10 14 4
split_gain=0.0627605 0.287701 0.226621 0.17438 0.666727 0.166942 0.16231
threshold=-0.2820169180631637 0.38461054861545568 0.26983371376991278 -0.25587598979473108 0.25582800805568701 0.34027776122093206 0.13726710528135302
decision_type=2 2 2 2 2 2 2
left_child=1 2 -1 4 -2 -3 -5
right_child=3 5 -4 6 -6 -7 -8
leaf_value=0.0008675416389197552 0.18910523089517389 0.18686761896559112 -0.047637914297442741 -0.008566150467756847 -0.11575340403600777 0.019000940039895789 0.01858735179427989
leaf_weight=18.429233233226121 1.2625130941160012 0.7109848444815714 9.229992393171413 35.017970400720515 0.71825636900030065 0.80799501203000546 23.480417745468003
leaf_count=433 25 16 167 839 15 13 566
internal_value=0.00018637 -0.00943867 -0.0153195 0.00483004 0.0785569 0.0976124 0.00233292
internal_weight=89.6574 29.1782 27.6592 60.4792 1.98077 1.51898 58.4984
internal_count=2074 629 600 1445 40 29 1405
is_linear=0
shrinkage=0.252688


Tree=1002
num_leaves=6
num_cat=0
split_feature=4 13 19 4 5
split_gain=0.0536601 0.214562 0.304258 0.0935566 0.0706201
threshold=-1.8424841761589048 0.020467814989387993 -0.1377754211425781 -1.8267351388931272 1.1196945905685427
decision_type=2 2 2 2 2
left_child=1 -1 -3 -2 -5
right_child=3 2 -4 4 -6
leaf_value=-0.17638515765415014 0.13714271336594025 -0.15667353960383501 0.060753255365753107 0.0026079697156534505 -0.02447908540058176
leaf_weight=0.54718281429813886 0.32048890227451821 0.56450812239199955 1.5063749887049191 77.879220975076464 6.671723372055566
leaf_count=24 9 20 28 1779 214
internal_value=-0.000111797 -0.0357387 0.00145874 0.0009874 0.000470436
internal_weight=87.4895 2.61807 2.07088 84.8714 84.5509
internal_count=2074 72 48 2002 1993
is_linear=0
shrinkage=0.252688


Tree=1003
num_leaves=8
num_cat=0
split_feature=2 21 21 19 21 5 10
split_gain=0.0566929 0.375226 0.218273 0.113647 0.495562 0.186294 0.00109568
threshold=0.59311631321907055 -0.32446098327636713 -0.24694764614105222 -1.0064441561698911 0.77232336997985851 -1.3552751541137693 -0.43663962185382837
decision_type=2 2 2 2 2 2 2
left_child=3 6 -3 4 -1 -5 -2
right_child=1 2 -4 5 -6 -7 -8
leaf_value=-0.17872860222676296 -0.19490378989291501 0.16680147147365174 -0.012790129432841295 0.11753115432758332 0.046274170784224515 0.0022030782997403487 -0.17380439396322556
leaf_weight=1.0979367993932094 0.33661188368569128 0.45549926743842561 8.2394668289234669 0.90382769529241969 1.4497181827409802 80.655415514585911 0.47827350645820743
leaf_count=80 10 5 276 18 61 1603 21
internal_value=-0.000250891 -0.0187431 -0.00337223 0.00184008 -0.0507094 0.0034819 -0.182642
internal_weight=93.6167 9.50985 8.69497 84.1069 2.54765 81.5592 0.814885
internal_count=2074 312 281 1762 141 1621 31
is_linear=0
shrinkage=0.252688


Tree=1004
num_leaves=7
num_cat=0
split_feature=12 11 11 11 15 19
split_gain=0.0674082 0.158794 0.303803 0.271502 0.152711 0.177846
threshold=0.5087246596813203 -0.45636689662933344 -0.47075843811035151 -0.42702543735504145 4.4094982147216806 0.13567599654197696
decision_type=2 2 2 2 2 2
left_child=1 2 -1 -3 5 -2
right_child=4 3 -4 -5 -6 -7
leaf_value=-0.016491238292887428 0.038896584886120356 0.13469690037572654 -0.18208635542155915 0.0015310991736487754 -0.10799386161138715 -0.0048576019298226325
leaf_weight=19.395059502043299 10.830447811860727 0.99970594397745927 0.73366241680923749 43.179451490661449 0.6626029439503317 13.112690858513814
leaf_count=400 266 23 13 1062 17 293
internal_value=0.000374184 -0.00392951 -0.0225316 0.00454604 0.0116219 0.0149345
internal_weight=88.9136 64.3079 20.1287 44.1792 24.6057 23.9431
internal_count=2074 1498 413 1085 576 559
is_linear=0
shrinkage=0.252688


Tree=1005
num_leaves=7
num_cat=0
split_feature=5 20 5 18 24 24
split_gain=0.0577552 0.252385 0.196825 0.222484 0.162455 0.151756
threshold=0.36243793368339544 -0.10848396271467207 0.34189043939113622 1.8413830995559695 -0.5206957459449767 0.04046412184834481
decision_type=2 2 2 2 2 2
left_child=2 5 3 -1 -3 -2
right_child=1 4 -4 -5 -6 -7
leaf_value=-0.0010263850881660705 -0.055478616721703004 0.053735798925636041 -0.10335871898037845 -0.16997915900366192 -0.0055959831070735528 0.10899724721678822
leaf_weight=55.024401019370089 0.42545328775486568 3.3566464195901125 1.2644243713875756 0.50167784423899675 24.095845790769086 2.2551013576885452
leaf_count=1363 13 70 24 39 504 61
internal_value=-5.52881e-05 0.00888646 -0.00479984 -0.0025545 0.00165942 0.0828856
internal_weight=86.9236 30.133 56.7905 55.5261 27.4525 2.68055
internal_count=2074 648 1426 1402 574 74
is_linear=0
shrinkage=0.252688


Tree=1006
num_leaves=4
num_cat=0
split_feature=20 8 10
split_gain=0.0649547 0.0715122 0.0669982
threshold=-3.7129387855529781 -3.7991987466812129 -0.24402727186679837
decision_type=2 2 2
left_child=-1 -2 -3
right_child=1 2 -4
leaf_value=-0.17342518696413528 0.10467571779231322 0.007745188328041404 -0.0060521330067192522
leaf_weight=0.13730117996874369 0.41569663205882434 38.541879752570821 53.895308538403697
leaf_count=18 16 773 1267
internal_value=-8.60262e-05 0.00017126 -0.000299285
internal_weight=92.9902 92.8529 92.4372
internal_count=2074 2056 2040
is_linear=0
shrinkage=0.252688


Tree=1007
num_leaves=7
num_cat=0
split_feature=2 14 12 5 5 11
split_gain=0.0678679 0.124808 0.176317 0.0713883 0.272704 0.243084
threshold=-1.436538517475128 1.0486110448837282 -0.023843705654144284 -0.17426756769418714 -0.12135460972785948 -0.73087137937545765
decision_type=2 2 2 2 2 2
left_child=1 2 -1 5 -5 -2
right_child=3 -3 -4 4 -6 -7
leaf_value=-0.15082285051238425 0.078118796513022795 0.060103298818562016 -0.02007020237972363 -0.077034963335716161 0.00063300679558937539 0.0039347960172982062
leaf_weight=0.83821631615865078 3.1294067498092799 0.8227571208262815 3.0656181243830352 3.0670459847024167 48.9069263002566 28.516761134007538
leaf_count=44 88 24 103 62 1065 688
internal_value=0.000144961 -0.0293113 -0.0481619 0.00181015 -0.00395098 0.0112719
internal_weight=88.3467 4.72659 3.90383 83.6201 51.974 31.6462
internal_count=2074 171 147 1903 1127 776
is_linear=0
shrinkage=0.252688


Tree=1008
num_leaves=8
num_cat=0
split_feature=16 12 12 19 3 22 16
split_gain=0.0490361 0.259609 0.373469 0.343097 0.22924 0.399014 0.315095
threshold=0.32469230890274053 -0.017691556364297863 0.062224866822361953 -0.44178643822669977 -0.101211279630661 -0.20346421748399732 0.29207280278205877
decision_type=2 2 2 2 2 2 2
left_child=4 3 -3 -2 5 -1 -6
right_child=1 2 -4 -5 6 -7 -8
leaf_value=-0.14173264478890873 -0.0073816937007871218 -0.13362606779771247 -0.0030613868290273374 0.063694715374562699 0.0099666488024547518 -0.015776560165985033 -0.13890334979228036
leaf_weight=1.798322588201702 8.5346850285241107 1.5614397923927743 13.395538593777884 8.8148505520948657 36.496314735493797 14.973989216818152 0.93044001860835024
leaf_count=78 198 39 373 182 770 407 27
internal_value=-9.26093e-05 0.0076997 -0.0166961 0.0287312 -0.00473743 -0.0292857 0.00626375
internal_weight=86.5056 32.3065 14.957 17.3495 54.1991 16.7723 37.4268
internal_count=2074 792 412 380 1282 485 797
is_linear=0
shrinkage=0.252688


Tree=1009
num_leaves=7
num_cat=0
split_feature=11 12 15 14 9 9
split_gain=0.0574476 0.236494 0.211989 0.368975 0.203059 0.138161
threshold=-1.111419081687927 0.34538115561008459 -0.50333178043365467 -0.17361108958721158 -0.901069015264511 -0.61259722709655751
decision_type=2 2 2 2 2 2
left_child=1 -1 3 -2 -4 -3
right_child=2 5 4 -5 -6 -7
leaf_value=-0.17264298841785955 0.1259090553893612 0.083001005085589233 -0.092387300784735629 -0.15543019176178924 0.0016321349952406598 0.0054292438096833545
leaf_weight=0.37352520262356748 0.38619103631936003 2.3285373401886318 1.49265744088916 1.2927646281714249 82.832276256458499 3.9567989455536008
leaf_count=22 11 40 48 57 1813 83
internal_value=-5.24181e-05 0.022558 -0.00180317 -0.0906969 -3.26792e-05 0.0341721
internal_weight=92.6628 6.65886 86.0039 1.67896 84.3249 6.28534
internal_count=2074 145 1929 68 1861 123
is_linear=0
shrinkage=0.252688


Tree=1010
num_leaves=8
num_cat=0
split_feature=7 20 22 2 19 19 7
split_gain=0.0566654 0.308225 0.40628 0.257677 0.190077 0.385395 0.30479
threshold=-0.037073919549584382 0.34205235540866857 0.84076648950576793 0.17414457350969317 0.10342597588896753 0.29640740156173712 0.065164592117071166
decision_type=2 2 2 2 2 2 2
left_child=1 3 -3 -1 6 -6 -2
right_child=4 2 -4 -5 5 -7 -8
leaf_value=-0.017401449824693421 0.13454183419692217 -0.17391202173997117 -0.011821737738102772 0.02469125828594779 -0.067021069293054181 0.0079177065402935946 0.017485772621181589
leaf_weight=21.582303490664344 1.6118307688539051 1.5542973914998572 2.7056756432284601 16.297972111147828 5.2312854350020634 26.972941170628474 11.926439585575279
leaf_count=447 40 64 73 421 134 571 324
internal_value=0.000146443 -0.00653852 -0.0709767 0.000708975 0.006305 -0.00425628 0.031427
internal_weight=87.8827 42.1402 4.25997 37.8803 45.7425 32.2042 13.5383
internal_count=2074 1005 137 868 1069 705 364
is_linear=0
shrinkage=0.252688


Tree=1011
num_leaves=8
num_cat=0
split_feature=6 19 14 13 6 21 12
split_gain=0.0535634 0.31849 0.283115 0.446966 0.261912 0.205769 0.000376287
threshold=0.065645502880215659 -1.1289268136024473 -0.14583331346511838 0.1549707427620888 1.0000000180025095e-35 -0.67796674370765675 0.03851046413183213
decision_type=2 2 2 2 2 2 2
left_child=1 6 5 -4 -3 -2 -1
right_child=2 4 3 -5 -6 -7 -8
leaf_value=-0.17115305029480163 -0.17348274170441136 -0.00092275583784122721 0.15139008121366493 0.018020462220777102 -0.14942637998837402 -0.0059222307078781603 -0.18747585611026724
leaf_weight=0.26055074937175859 0.47589844623871869 42.873643019895809 1.837306813802569 12.637246014986884 0.77144222427159448 26.327117032587921 0.39354447900630873
leaf_count=16 34 1024 44 263 19 659 15
internal_value=-7.10998e-05 -0.00617347 0.00647794 0.0349545 -0.00354942 -0.00890075 -0.181119
internal_weight=85.5767 44.2992 41.2776 14.4746 43.6451 26.803 0.654095
internal_count=2074 1074 1000 307 1043 693 31
is_linear=0
shrinkage=0.252688


Tree=1012
num_leaves=8
num_cat=0
split_feature=12 12 4 12 23 4 19
split_gain=0.0633324 0.306394 0.216613 0.448913 0.246891 0.170329 0.109678
threshold=-0.18624205887317655 -0.15872440487146375 0.2993974387645722 -0.29334461688995356 -0.39233300089836115 -0.71620464324951161 -0.1913306191563606
decision_type=2 2 2 2 2 2 2
left_child=2 5 4 -4 -1 -2 -3
right_child=1 6 3 -5 -6 -7 -8
leaf_value=-0.17273473258458918 -0.0063629764647637095 -0.020116845690558351 -0.041942694957002896 0.10479040986672523 0.0028138507521900868 -0.20167050422951466 0.0046118336040480304
leaf_weight=0.52076549519552173 0.45078945718705654 15.872496232164847 2.0554487626359332 3.7769675211748099 27.335669707321358 0.77548252238921012 41.117675657718792
leaf_count=37 7 447 51 47 654 25 806
internal_value=8.08147e-05 -0.00496516 0.00880055 0.0530797 -0.000471127 -0.129908 -0.00227552
internal_weight=91.9053 58.2164 33.6889 5.83242 27.8564 1.22627 56.9902
internal_count=2074 1285 789 98 691 32 1253
is_linear=0
shrinkage=0.252688


Tree=1013
num_leaves=8
num_cat=0
split_feature=6 3 21 21 6 6 4
split_gain=0.0668733 0.373 0.462376 0.143995 0.28569 0.175109 0.000412841
threshold=-0.11159736663103102 -0.79904896020889271 -0.16875956952571866 -0.2732106745243072 0.31291034817695623 0.16849014163017276 0.13726710528135302
decision_type=2 2 2 2 2 2 2
left_child=1 6 -3 4 -2 -5 -1
right_child=3 2 -4 5 -6 -7 -8
leaf_value=0.17636080208152358 -0.043711358792317169 0.038537573840423459 -0.026406034263392365 0.026660083206326256 0.020755624692398125 -0.0088355653905410562 0.1916880347088521
leaf_weight=0.37322899254650366 13.287814168317711 13.635853366431551 14.382509137023586 13.964032446318013 6.5536743927514172 24.343841718690783 0.3888497375883162
leaf_count=20 277 298 337 304 158 672 8
internal_value=-1.54308e-05 0.00994653 0.00520052 -0.00494607 -0.0224178 0.0041035 0.184311
internal_weight=86.9298 28.7804 28.0184 58.1494 19.8415 38.3079 0.762079
internal_count=2074 663 635 1411 435 976 28
is_linear=0
shrinkage=0.252688


Tree=1014
num_leaves=5
num_cat=0
split_feature=3 16 17 16
split_gain=0.0554585 0.0904174 0.27168 0.0941536
threshold=1.5388656258583071 1.8220110535621645 -0.1071713976562023 1.3078675866127016
decision_type=2 2 2 2
left_child=1 3 -3 -1
right_child=-2 2 -4 -5
leaf_value=-0.00075866946163414021 0.081980318289736814 0.028290255161333946 -0.1745756980247665 0.052262652647927572
leaf_weight=80.282589492586339 0.52266717795282502 0.99306886398699135 0.73166313602176447 2.1964671477339826
leaf_count=1904 16 35 42 77
internal_value=-3.43073e-05 -0.000543913 -0.0577955 0.000653629
internal_weight=84.7265 84.2038 1.72473 82.4791
internal_count=2074 2058 77 1981
is_linear=0
shrinkage=0.252688


Tree=1015
num_leaves=8
num_cat=0
split_feature=17 24 24 24 17 21 11
split_gain=0.0547844 0.228693 0.29577 0.243982 0.171525 0.268332 0.160505
threshold=-0.31808340549468989 0.096386861056089415 0.17286382615566256 -0.17013187706470487 -0.30918450653553003 0.25736014544963842 -0.61606380343437184
decision_type=2 2 2 2 2 2 2
left_child=1 3 -3 -1 5 -2 -6
right_child=4 2 -4 -5 6 -7 -8
leaf_value=0.026967016543225399 -0.14505528347679167 0.087532038507445425 0.0046700171421522642 -0.03156292100728611 0.041018241398439854 0.050777659253265564 -0.0058753916291636949
leaf_weight=7.5627471397165236 1.2940212331377541 4.4954453278332931 7.0849733548093354 11.404078028630467 5.1039337919846721 0.68182887532748271 53.579296418817648
leaf_count=150 37 74 133 216 140 11 1313
internal_value=0.000132333 0.0088592 0.0368392 -0.00822478 -0.00426244 -0.0774808 -0.00179649
internal_weight=91.2063 30.5472 11.5804 18.9668 60.6591 1.97585 58.6832
internal_count=2074 573 207 366 1501 48 1453
is_linear=0
shrinkage=0.252688


Tree=1016
num_leaves=7
num_cat=0
split_feature=1 9 9 17 0 17
split_gain=0.0767756 0.22793 0.257478 0.134118 0.163125 0.0935284
threshold=-1.7037193179130552 0.46833129227161413 0.27612602710723883 -0.34649430215358729 -1.0000000180025095e-35 -0.31552371382713312
decision_type=2 2 2 2 2 2
left_child=1 2 -1 4 -2 -5
right_child=3 -3 -4 5 -6 -7
leaf_value=-0.033149955139947805 0.13955349275888382 -0.15144470053140313 0.21020750659095597 -0.019164275579749101 0.019911696966347557 0.0025622196893780621
leaf_weight=1.8388673494046086 0.79940243426244606 0.84018528927117575 0.32641390338540066 16.183833178321947 8.0575772117590514 57.951312504668749
leaf_count=85 43 19 4 288 154 1481
internal_value=-0.000106532 -0.0397778 0.00357761 0.00133034 0.030718 -0.0021808
internal_weight=85.9976 3.00547 2.16528 82.9921 8.85698 74.1351
internal_count=2074 108 89 1966 197 1769
is_linear=0
shrinkage=0.252688


Tree=1017
num_leaves=8
num_cat=0
split_feature=2 20 14 2 20 2 20
split_gain=0.0553342 0.252103 0.260889 0.143353 0.0854529 0.0744873 0.031249
threshold=-0.89512509107589711 -0.34063115715980524 1.0208333134651186 -0.76330593228340138 0.44647480547428137 -0.81830847263336171 -0.39991308748722071
decision_type=2 2 2 2 2 2 2
left_child=1 6 -3 5 -5 -2 -1
right_child=3 2 -4 4 -6 -7 -8
leaf_value=-0.072429785748749781 -0.022790003025163975 0.031920989335079912 -0.09357379346171979 -0.0081458359347666744 0.01039428522899181 -0.13362595118466797 -0.17652786446050295
leaf_weight=0.33927249698899686 0.76400900582666509 12.894642026159998 1.1517228763550509 42.723749284714089 25.256729240627465 0.78499974207079393 0.40543463926951417
leaf_count=9 24 268 45 1145 532 32 19
internal_value=-4.24629e-06 0.01403 0.0216279 -0.00298987 -0.00125759 -0.0789862 -0.12919
internal_weight=84.3206 14.7911 14.0464 69.5295 67.9805 1.54901 0.744707
internal_count=2074 341 313 1733 1677 56 28
is_linear=0
shrinkage=0.252688


Tree=1018
num_leaves=8
num_cat=0
split_feature=2 2 2 1 8 2 20
split_gain=0.0553703 0.181307 0.172885 0.274788 0.155405 0.0795647 0.0396956
threshold=-1.8163266777992246 -1.6691988110542295 -1.9367952346801756 -2.2955566644668575 -0.15288107842206952 -1.4987600445747373 -0.092811275273561464
decision_type=2 2 2 2 2 2 2
left_child=2 4 3 -1 -2 -3 -4
right_child=1 5 6 -5 -6 -7 -8
leaf_value=0.13416836105638422 0.0054654125687361183 0.033162874748947906 0.14548274176488907 -0.12833806984737775 -0.18250783367530632 -0.0015041714601842196 0.057903671469445743
leaf_weight=0.39263562101405114 0.49572370573878288 4.4549084085738277 0.62384838052093983 0.72208071366185345 0.64716348500223719 82.529057907054266 0.70466821698937454
leaf_count=11 5 54 8 34 22 1921 19
internal_value=-2.14868e-06 -0.00104257 0.0375171 -0.0358547 -0.101009 0.000271486 0.0990718
internal_weight=90.5701 88.1269 2.44323 1.11472 1.14289 86.984 1.32852
internal_count=2074 2002 72 45 27 1975 27
is_linear=0
shrinkage=0.252688


Tree=1019
num_leaves=6
num_cat=0
split_feature=2 13 7 2 23
split_gain=0.0577249 0.123982 0.21196 0.0617529 0.0730704
threshold=-1.436538517475128 -0.89181277155876149 -0.90043389797210682 -1.3799008727073667 -0.36153110861778254
decision_type=2 2 2 2 2
left_child=1 -1 -3 -2 -5
right_child=3 2 -4 4 -6
leaf_value=-0.17120883036446707 0.066456382295601329 0.18635657919477663 -0.031751987847003921 0.010322119623150538 -0.0053152546053696001
leaf_weight=0.35432706540450443 0.92481529712676902 0.3067612200975417 3.8352713349959222 31.343756092595868 48.763984679768328
leaf_count=12 18 4 155 638 1247
internal_value=6.47776e-06 -0.02786 -0.0155767 0.00155293 0.000803191
internal_weight=85.5289 4.49636 4.14203 81.0326 80.1077
internal_count=2074 171 159 1903 1885
is_linear=0
shrinkage=0.252688


Tree=1020
num_leaves=7
num_cat=0
split_feature=2 2 18 19 19 3
split_gain=0.053573 0.315375 0.353908 0.233757 0.336273 0.306992
threshold=0.49905665218830114 0.47680586576461798 1.3326014876365664 0.15842580795288089 0.092592924833297743 -0.83383920788764943
decision_type=2 2 2 2 2 2
left_child=1 2 -1 4 -2 -5
right_child=3 -3 -4 5 -6 -7
leaf_value=-0.0046588064444177462 0.0059194362193732393 -0.15057042615662697 0.10040273900446273 -0.097060675788106107 -0.16741392365216767 0.093605561671958562
leaf_weight=63.762485372678384 12.117994409991638 0.91561457037459959 2.1146358069076987 0.6357932673417962 0.75891345983836878 3.5345083458232684
leaf_count=1541 337 24 69 23 14 66
internal_value=-0.000106205 -0.0033332 -0.00128556 0.0125371 -0.00430248 0.0645281
internal_weight=83.8399 66.7927 65.8771 17.0472 12.8769 4.1703
internal_count=2074 1634 1610 440 351 89
is_linear=0
shrinkage=0.252688


Tree=1021
num_leaves=7
num_cat=0
split_feature=4 16 16 17 4 4
split_gain=0.0534645 0.225886 0.289563 0.198114 0.131217 0.292549
threshold=-0.93245598673820485 -0.31967553496360773 -0.18517676740884778 -0.29432885348796839 -0.90964746475219715 -0.87317728996276844
decision_type=2 2 2 2 2 2
left_child=1 3 -3 -1 -2 -6
right_child=4 2 -4 -5 5 -7
leaf_value=-0.17912609877160404 0.087561319476927635 0.1055491359022535 -0.025055077381507904 0.0045008132801296983 -0.17743564348987029 0.0023004047140557414
leaf_weight=0.93686014016566332 1.1334122128318984 1.3520278903888536 5.4568612435014057 0.62541391141712643 0.58190792684763337 79.973674605273118
leaf_count=45 16 26 152 6 16 1813
internal_value=0.000231508 -0.0190005 0.00088472 -0.105639 0.00220245 0.00100088
internal_weight=90.0602 8.37116 6.80889 1.56227 81.689 80.5556
internal_count=2074 229 178 51 1845 1829
is_linear=0
shrinkage=0.252688


Tree=1022
num_leaves=7
num_cat=0
split_feature=24 10 1 19 20 1
split_gain=0.0647836 0.216224 0.2017 0.128398 0.213689 0.147515
threshold=1.3027558922767641 2.2861287593841557 -0.85426595807075489 0.92543181777000438 0.04103518649935723 -0.07131528481841086
decision_type=2 2 2 2 2 2
left_child=3 2 -2 5 -5 -1
right_child=1 -3 -4 4 -6 -7
leaf_value=0.012988080649904685 -0.11339606723959647 -0.13242868362038765 0.0391530950467745 0.061941230797372925 -0.067077937890478445 -0.01023420942828176
leaf_weight=31.697031489885376 0.59213338815607031 0.56216773390770036 8.3612795316148514 1.0243782084435213 4.0940803089033579 38.901225083317513
leaf_count=716 15 10 279 32 92 930
internal_value=-0.000140135 0.0195106 0.029058 -0.00260985 -0.0412528 0.000192077
internal_weight=85.2323 9.51558 8.95341 75.7167 5.11846 70.5983
internal_count=2074 304 294 1770 124 1646
is_linear=0
shrinkage=0.252688


Tree=1023
num_leaves=8
num_cat=0
split_feature=20 8 7 8 13 7 15
split_gain=0.052137 0.368965 0.374761 0.224056 0.161714 0.252883 0.252527
threshold=-0.12538956105709073 -0.070457413792610155 -0.26514931023120875 -0.0552148800343275 0.60526308417320263 -1.1587916016578672 0.91323965787887584
decision_type=2 2 2 2 2 2 2
left_child=4 2 -2 -3 6 -6 -1
right_child=1 3 -4 -5 5 -7 -8
leaf_value=0.01141118803962559 -0.15496093209035472 0.11365100825485443 -0.018263677552060948 -0.00017049518720913955 -0.18477359171425331 -0.0042227014413262556 0.17535714634476515
leaf_weight=23.269935727483137 1.9605905188946051 1.1287926333025158 3.6907590033224613 49.786460261733723 0.6675623478367928 1.9155885747286436 0.61524638719856639
leaf_count=689 52 21 104 1076 20 95 17
internal_value=-0.000114014 -0.00444524 -0.0656976 0.00235406 0.00914229 -0.0509111 0.015638
internal_weight=83.0349 56.5666 5.65135 50.9153 26.4683 2.58315 23.8852
internal_count=2074 1253 156 1097 821 115 706
is_linear=0
shrinkage=0.252688


Tree=1024
num_leaves=7
num_cat=0
split_feature=8 8 9 8 9 24
split_gain=0.0537566 0.239151 0.207383 0.186082 0.162413 0.0850573
threshold=-0.10454804822802542 -0.090913552790880189 -0.87094116210937489 -0.12033709883689879 0.061873259022831924 -0.30632366240024561
decision_type=2 2 2 2 2 2
left_child=3 5 -3 4 -1 -2
right_child=1 2 -4 -5 -6 -7
leaf_value=0.019333125638158116 -0.031205004761356996 -0.10831514004848847 -0.0002806494124756256 0.08169490531990678 -0.018536694113667339 -0.181243462841049
leaf_weight=16.933755374599066 0.38530105073004961 1.1576533451443527 55.564913641144813 2.0603441316634408 12.619359507909392 0.6460474097621034
leaf_count=369 8 50 1131 24 468 24
internal_value=-9.45393e-05 -0.00467972 -0.00248654 0.00828192 0.00316239 -0.125237
internal_weight=89.3674 57.7539 56.7226 31.6135 29.5531 1.03135
internal_count=2074 1213 1181 861 837 32
is_linear=0
shrinkage=0.252688


Tree=1025
num_leaves=6
num_cat=0
split_feature=1 1 19 20 6
split_gain=0.062655 0.341692 0.282532 0.219668 0.121242
threshold=-0.87118270993232716 -0.83424788713455189 -1.1289268136024473 0.44647480547428137 -0.54923412203788746
decision_type=2 2 2 2 2
left_child=2 -2 -1 -4 -3
right_child=1 4 3 -5 -6
leaf_value=0.19667145076007606 0.16482731964139705 0.021915725208742892 -0.011064258770820436 -0.11874521430910039 -0.0040450099481391744
leaf_weight=0.38195082044694473 0.82285073935054143 14.338749960347739 9.9634964735741942 1.3763043602230016 57.734361716371495
leaf_count=10 16 385 264 43 1356
internal_value=0.000211743 0.00296904 -0.0169348 -0.0241385 0.00111991
internal_weight=84.6177 72.896 11.7218 11.3398 72.0731
internal_count=2074 1757 317 307 1741
is_linear=0
shrinkage=0.252688


Tree=1026
num_leaves=8
num_cat=0
split_feature=4 24 24 10 3 4 5
split_gain=0.0606799 0.160918 0.324125 0.244701 0.112421 0.20872 0.150621
threshold=-0.28098995983600611 0.16308384388685229 0.14284643530845645 -0.63939556479454029 -1.3525093197822569 0.1800438463687897 -1.5480501651763914
decision_type=2 2 2 2 2 2 2
left_child=1 2 -1 -3 5 -2 -6
right_child=4 3 -4 -5 6 -7 -8
leaf_value=-0.0010498313118956337 0.029043455069791457 -0.045064870299232819 -0.1656601442523549 0.039908319769566963 0.1464557511890674 -0.16054896434809809 -0.0055010850619815086
leaf_weight=19.594236917472532 0.67864147365616989 2.5752578666433719 0.7942297203844636 13.533981582586419 0.41995210824825235 0.81630209309514612 43.9772218853509
leaf_count=524 32 46 17 282 22 21 1130
internal_value=-0.000241893 0.00744768 -0.0074664 0.0263232 -0.0063574 -0.0745012 -0.00406197
internal_weight=82.3898 36.4977 20.3885 16.1092 45.8921 1.49494 44.3972
internal_count=2074 869 541 328 1205 53 1152
is_linear=0
shrinkage=0.252688


Tree=1027
num_leaves=6
num_cat=0
split_feature=9 9 23 9 8
split_gain=0.0552174 0.123846 0.18063 0.0971815 0.0803556
threshold=1.6908938288688662 1.7930300831794741 0.049117410555481918 1.6389029622077944 -0.32604986429214472
decision_type=2 2 2 2 2
left_child=3 -2 -3 4 -1
right_child=1 2 -4 -5 -6
leaf_value=-0.02022045969374444 0.093987253553524747 -0.10391087528768121 0.03716160876025891 -0.098600069503182466 0.0024152033525443933
leaf_weight=11.625993242685579 1.2728418163023878 0.78758401143932166 2.1891326997465512 0.65226325974799593 72.190351609609934
leaf_count=457 16 53 51 16 1481
internal_value=-6.69917e-05 0.0280367 -0.000174902 -0.00148105 -0.000724634
internal_weight=88.7182 4.24956 2.97672 84.4686 83.8163
internal_count=2074 120 104 1954 1938
is_linear=0
shrinkage=0.252688


Tree=1028
num_leaves=8
num_cat=0
split_feature=4 14 19 4 4 4 18
split_gain=0.065324 0.286264 0.257627 0.227036 0.220018 0.061917 0.00879182
threshold=-0.33338540792465204 1.3125000000000002 0.98581835627555858 -0.47596079111099238 -0.23869271576404569 -0.57486543059349049 0.12403943017125131
decision_type=2 2 2 2 2 2 2
left_child=2 4 3 -1 -2 -4 -3
right_child=1 6 5 -5 -6 -7 -8
leaf_value=0.0053231166436706143 0.10897446571208462 0.17700004064621128 -0.17341049302005393 -0.053153150021928462 0.00097615720095226911 -0.063926715758066965 0.11927809309799237
leaf_weight=26.979539581258905 1.2345146940788243 0.52118070051073928 0.64838965097442269 5.0291870620276304 48.64562430128808 0.67284201666188781 0.25734637584537268
leaf_count=706 40 18 11 99 1153 29 18
internal_value=0.000308069 0.00602418 -0.00837984 -0.00386531 0.00365023 -0.117704 0.158015
internal_weight=83.9886 50.6587 33.33 32.0087 49.8801 1.32123 0.778527
internal_count=2074 1229 845 805 1193 40 36
is_linear=0
shrinkage=0.252688


Tree=1029
num_leaves=8
num_cat=0
split_feature=13 7 9 23 20 17 14
split_gain=0.0669605 0.202402 0.22052 0.179408 0.070845 0.425156 0.253396
threshold=-1.0204677581787107 0.43087834119796758 -0.12320292368531226 -0.14971785247325894 0.593804031610489 0.12005371600389482 -1.118055462837219
decision_type=2 2 2 2 2 2 2
left_child=1 3 -3 -1 6 -6 -2
right_child=4 2 -4 -5 5 -7 -8
leaf_value=0.051815048795997951 -0.12103037330159169 0.11797891997241919 -0.062179626781969186 -0.17723279665899069 0.13551158171474562 0.0032924159041728684 -0.001184123519240307
leaf_weight=0.29130165366223082 1.1494375199254125 0.76685431331861764 0.9975080623917163 0.8688852644991123 1.6771353529766226 20.872161253473678 55.139533216309246
leaf_count=17 37 11 49 36 49 476 1399
internal_value=-0.000231125 -0.0377729 0.0161347 -0.119724 0.00116173 0.0131294 -0.00363256
internal_weight=81.7628 2.92455 1.76436 1.16019 78.8383 22.5493 56.289
internal_count=2074 113 60 53 1961 525 1436
is_linear=0
shrinkage=0.252688


Tree=1030
num_leaves=7
num_cat=0
split_feature=14 5 21 14 14 21
split_gain=0.0515359 0.260423 0.231508 0.161006 0.186147 0.162502
threshold=1.1458333730697634 -1.3211767673492429 -0.44164422154426569 1.0624999403953554 0.71527773141860973 0.33036653697490698
decision_type=2 2 2 2 2 2
left_child=3 -2 -3 4 -1 -5
right_child=1 2 -4 5 -6 -7
leaf_value=0.0020410608613706184 0.14686569727519386 0.087855119029821641 -0.069980000515383403 0.0065574373746303564 -0.055941527239479975 0.13292839012680388
leaf_weight=76.945781536031973 0.50365075841546048 0.70550453872419883 3.7195832470461019 1.4571208403212943 3.7050506037048754 1.1721828314475713
leaf_count=1813 3 14 125 27 77 15
internal_value=-0.000102611 -0.0252077 -0.0448081 0.00138331 -0.000622956 0.0629114
internal_weight=88.2089 4.92874 4.42509 83.2801 80.6508 2.6293
internal_count=2074 142 139 1932 1890 42
is_linear=0
shrinkage=0.252688


Tree=1031
num_leaves=8
num_cat=0
split_feature=7 7 12 11 12 12 11
split_gain=0.0812161 0.208995 0.17982 0.46651 0.251119 0.155861 0.0774131
threshold=-0.13352415710687635 -0.17739840596914289 -0.29334461688995356 0.3501716554164887 -0.27413779497146601 -0.28061693906784052 -0.57012724876403797
decision_type=2 2 2 2 2 2 2
left_child=1 5 3 -2 -4 -1 -3
right_child=2 6 4 -5 -6 -7 -8
leaf_value=-0.027661490541579164 0.1076011197087675 -0.17241897013519045 -0.13515339678207983 -0.010424672674920348 0.0028346810639623705 0.0076586809913779469 -0.037778689249934404
leaf_weight=12.618767113017382 3.7260801004595105 0.652461624937132 0.86044234517612395 5.0169896140287165 38.427941504422961 21.686250541126356 0.4688363603199821
leaf_count=343 97 11 18 142 908 534 21
internal_value=0.000334901 -0.00884351 0.00710463 0.0398783 -0.000189093 -0.00533369 -0.116169
internal_weight=83.4578 35.4263 48.0315 8.74307 39.2884 34.305 1.1213
internal_count=2074 909 1165 239 926 877 32
is_linear=0
shrinkage=0.252688


Tree=1032
num_leaves=6
num_cat=0
split_feature=14 24 9 13 9
split_gain=0.0548536 0.0866308 0.057391 0.169591 0.158573
threshold=1.6458333730697634 0.2057510390877724 0.2906180620193482 0.71052628755569469 0.21877397596836093
decision_type=2 2 2 2 2
left_child=2 -2 4 -4 -1
right_child=1 -3 3 -5 -6
leaf_value=-0.0012433961667739771 0.03814574796481781 -0.11329153601668922 0.018426484833775261 -0.035333870373075255 -0.066591541815842578
leaf_weight=49.60277378335195 0.38018475897842907 0.65818914293777198 23.442020102810734 4.4588855919332664 2.4894980838507754
leaf_count=1259 16 16 560 162 61
internal_value=-0.00016292 -0.0578526 0.000586296 0.00983441 -0.00436706
internal_weight=81.0316 1.03837 79.9932 27.9009 52.0923
internal_count=2074 32 2042 722 1320
is_linear=0
shrinkage=0.252688


Tree=1033
num_leaves=7
num_cat=0
split_feature=19 19 5 24 24 18
split_gain=0.0469598 0.248396 0.167344 0.160928 0.388886 0.270527
threshold=0.54376906156539928 0.56560364365577709 0.26095236837863928 0.70616868138313305 0.45287805795669561 1.1668496727943423
decision_type=2 2 2 2 2 2
left_child=3 -2 -3 4 -1 -5
right_child=1 2 -4 5 -6 -7
leaf_value=-0.0055482757552202293 0.11137874613285872 0.045500905592067153 -0.0073821064283745063 -0.06980613820977076 0.07508681029794409 0.058404444412682346
leaf_weight=51.319804699943234 1.427889560349288 4.7482521825586472 19.550190192938317 4.9048795271664849 4.1254411021291153 1.3368576117791233
leaf_count=1308 16 64 404 180 66 36
internal_value=-9.61553e-05 0.00897287 0.00295267 -0.00387843 0.000452066 -0.0423431
internal_weight=87.4133 25.7263 24.2984 61.687 55.4452 6.24174
internal_count=2074 484 468 1590 1374 216
is_linear=0
shrinkage=0.252688


Tree=1034
num_leaves=7
num_cat=0
split_feature=2 4 4 20 11 9
split_gain=0.0674849 0.187269 0.32874 0.132533 0.154862 0.0579338
threshold=-0.7050817310810088 -1.4228082895278928 -1.0449818968772886 13.386305809020998 1.0763259530067446 -0.064769484102725969
decision_type=2 2 2 2 2 2
left_child=1 5 -3 4 -2 -1
right_child=3 2 -4 -5 -6 -7
leaf_value=-0.047132726478470624 0.0040583127815369893 0.14179225273036919 -0.016194272194764447 0.12867198205610722 -0.10795166232404109 -0.15218556592194321
leaf_weight=0.61425122991204262 65.924662222705592 0.89737575873732467 13.262583839867146 0.53720062039792438 0.79714191181119431 0.73914649867219739
leaf_count=11 1597 29 365 11 45 16
internal_value=0.000261057 -0.014762 -0.00617699 0.00372625 0.00271924 -0.104544
internal_weight=82.7724 15.5134 14.16 67.259 66.7218 1.3534
internal_count=2074 421 394 1653 1642 27
is_linear=0
shrinkage=0.252688


Tree=1035
num_leaves=8
num_cat=0
split_feature=16 19 20 12 9 20 9
split_gain=0.0530307 0.265109 0.377212 0.359912 0.154914 0.309603 0.130545
threshold=-0.29240749776363367 -0.073939740657806383 -0.24760868400335309 -0.47897571325302118 0.30436614155769354 0.593804031610489 0.35111430287361151
decision_type=2 2 2 2 2 2 2
left_child=1 3 -3 -1 5 -2 -6
right_child=4 2 -4 -5 6 -7 -8
leaf_value=-0.17600103885770754 -0.038749202634611749 0.15856615974745847 0.015783463875027003 -0.0093651046541741445 0.095996699238492536 0.014561292082400821 0.0057184300315304189
leaf_weight=0.95415302447509009 17.340888275308327 1.2720737024210453 16.491534718192266 6.2187397415546029 1.064739211564304 11.614123986888442 25.620650712814232
leaf_count=25 541 20 397 179 25 237 650
internal_value=-0.000226341 0.00945674 0.0260128 -0.0315429 -0.00456611 -0.0173659 0.00932239
internal_weight=80.5769 24.9365 17.7636 7.17289 55.6404 28.955 26.6854
internal_count=2074 621 417 204 1453 778 675
is_linear=0
shrinkage=0.252688


Tree=1036
num_leaves=7
num_cat=0
split_feature=12 7 19 12 21 12
split_gain=0.0497509 0.181105 0.181293 0.159947 0.197119 0.148283
threshold=-0.61673131585121144 0.79470866918563854 -0.014865371398627756 -0.54412218928337086 -0.30110199749469752 -0.53142458200454701
decision_type=2 2 2 2 2 2
left_child=1 2 -1 4 -2 -5
right_child=3 -3 -4 5 -6 -7
leaf_value=0.036342031936449734 0.066220437940116658 0.14293410057965783 -0.040746951290897282 0.0926915435307549 -0.18481909429448384 -0.002130886330198198
leaf_weight=5.2065358138352158 0.29029635264305398 0.68166934000328261 3.1115473721001736 1.0673170363588713 0.63789293662557511 75.850689557368241
leaf_count=140 10 7 82 16 30 1789
internal_value=-1.66297e-05 0.0177702 0.00750441 -0.00207308 -0.106311 -0.000814481
internal_weight=86.8459 8.99975 8.31808 77.8462 0.928189 76.918
internal_count=2074 229 222 1845 40 1805
is_linear=0
shrinkage=0.252688


Tree=1037
num_leaves=6
num_cat=0
split_feature=5 9 9 8 11
split_gain=0.0722559 0.0602367 0.21951 0.149829 0.0485299
threshold=-1.9094588160514829 0.92555055022239696 0.82944196462631237 5.7616593837738046 -0.6458626091480254
decision_type=2 2 2 2 2
left_child=4 2 -2 -3 -1
right_child=1 3 -4 -5 -6
leaf_value=-0.016848296803539276 0.0017370456872831954 -0.021901480970719794 0.10339633443374462 0.10303988222731653 -0.16351192020436434
leaf_weight=0.29351201569079421 67.985706578270765 11.727460385352057 1.3832968629430968 0.64611606625840146 0.2826827151584429
leaf_count=23 1666 301 40 22 22
internal_value=0.000239113 0.000867949 0.00376504 -0.0153731 -0.0888881
internal_weight=82.3188 81.7426 69.369 12.3736 0.576195
internal_count=2074 2029 1706 323 45
is_linear=0
shrinkage=0.252688


Tree=1038
num_leaves=6
num_cat=0
split_feature=8 5 18 5 16
split_gain=0.055276 0.0509897 0.253134 0.12987 0.0443208
threshold=-3.7991987466812129 -0.64765453338623036 0.57793629169464122 -0.59309008717536915 0.90769612789154064
decision_type=2 2 2 2 2
left_child=4 2 -2 -3 -1
right_child=1 3 -4 -5 -6
leaf_value=-0.010902008407996731 0.040206921663680277 -0.069124672217261096 -0.03268781618754614 -0.0006422291139621724 -0.17593299736054105
leaf_weight=0.21156424283979802 8.6574904620229045 1.8175583240808908 4.6887028411147176 64.379249165980966 0.20384379391543916
leaf_count=11 251 47 135 1614 16
internal_value=-0.00013084 0.000349572 0.0145976 -0.0025231 -0.0920078
internal_weight=79.9584 79.543 13.3462 66.1968 0.415408
internal_count=2074 2047 386 1661 27
is_linear=0
shrinkage=0.252688


Tree=1039
num_leaves=8
num_cat=0
split_feature=2 17 21 16 16 16 16
split_gain=0.0556174 0.331947 0.213718 0.0778094 0.543948 0.259539 0.00160123
threshold=0.59311631321907055 -0.31271600723266596 0.01332127256318927 0.84014442563056957 1.0929128527641299 0.79628950357437145 -0.37749217450618738
decision_type=2 2 2 2 2 2 2
left_child=3 6 -3 5 -5 -1 -2
right_child=1 2 -4 4 -6 -7 -8
leaf_value=0.0024547039294163901 -0.2035772957692053 -0.083889291185947498 0.017877991298301726 -0.13748783844549714 0.019853468489251579 0.11529778137691153 -0.17418843062868597
leaf_weight=69.347912180266576 0.18581661640200764 1.6805360453145093 6.0941991979088925 1.9319764285028203 5.1192956928789499 1.3257951238047088 0.548830925959919
leaf_count=1493 5 68 194 90 154 25 45
internal_value=-7.63682e-05 -0.0194703 -0.00412339 0.002047 -0.0232633 0.00457244 -0.181765
internal_weight=86.2344 8.50938 7.77474 77.725 7.05127 70.6737 0.734648
internal_count=2074 312 262 1762 244 1518 50
is_linear=0
shrinkage=0.252688


Tree=1040
num_leaves=7
num_cat=0
split_feature=6 24 20 6 19 6
split_gain=0.0563516 0.210394 0.325359 0.0754967 0.420174 0.250284
threshold=-0.78118157386779774 -0.17856054008007047 -0.20727331936359403 -0.54923412203788746 -0.44178643822669977 -0.2472647354006767
decision_type=2 2 2 2 2 2
left_child=1 -1 -3 4 -2 -5
right_child=3 2 -4 5 -6 -7
leaf_value=0.078404877719236155 0.095985280072563489 -0.17679000158456706 0.035130320788528402 -0.086166442721989853 -0.0058539215520059798 0.0006653009954951174
leaf_weight=0.7319032866507772 3.3741788483366681 1.0268865650868975 0.84112935978919146 2.1932773902080944 11.079826570057774 62.62572324692519
leaf_count=22 80 16 32 53 312 1559
internal_value=0.000208234 -0.0363937 -0.0813829 0.00140892 0.0179222 -0.00227348
internal_weight=81.8729 2.59992 1.86802 79.273 14.454 64.819
internal_count=2074 70 48 2004 392 1612
is_linear=0
shrinkage=0.252688


Tree=1041
num_leaves=8
num_cat=0
split_feature=15 23 7 7 7 7 13
split_gain=0.0570845 0.280807 0.169641 0.229901 0.0891147 0.068936 0.0391037
threshold=2.01805591583252 1.784934997558594 -0.29399116337299341 -0.25629626214504236 0.7672603726387025 -0.62296360731124867 1.1023390889167788
decision_type=2 2 2 2 2 2 2
left_child=1 4 5 -4 -1 -2 -3
right_child=2 6 3 -5 -6 -7 -8
leaf_value=0.0038408123107389449 -0.01873776702166419 0.16676150462924794 0.1836171058795614 -0.020539101291676739 -0.021001690327536248 -0.17253194864424329 0.064972650613296476
leaf_weight=61.258961091483314 0.26731128702522255 0.68788646208122262 0.37790114246308792 5.0799252361452991 10.852894126270256 0.61319298985654302 0.3724053725018166
leaf_count=1583 13 19 4 172 243 27 13
internal_value=7.66031e-06 0.00200046 -0.022996 -0.00638662 0.000101849 -0.125883 0.131062
internal_weight=79.5105 73.1721 6.33833 5.45783 72.1119 0.880504 1.06029
internal_count=2074 1858 216 176 1826 40 32
is_linear=0
shrinkage=0.252688


Tree=1042
num_leaves=8
num_cat=0
split_feature=3 14 14 9 9 8 24
split_gain=0.0652546 0.287966 0.408327 0.292823 0.129077 0.16137 0.124903
threshold=-0.70028188824653614 -0.17361108958721158 -0.10416665673255919 1.2499344944953921 1.4042883515357973 -0.31032371520996088 2.3228778839111333
decision_type=2 2 2 2 2 2 2
left_child=1 3 -3 -1 6 -6 -2
right_child=4 2 -4 -5 5 -7 -8
leaf_value=0.036791378110771537 0.0016835659727335913 -0.18499839081582223 -0.018886673188604708 -0.1172037460609708 0.089959631550580649 0.0058262700911026494 -0.054667837867571324
leaf_weight=5.7565594472398516 65.431902491574874 1.3218999213513596 3.3101876978298588 0.91300686390604813 2.339811061186083 3.8509907500410909 2.6112019160282207
leaf_count=195 1346 84 132 34 41 87 155
internal_value=-2.4252e-05 -0.0179112 -0.0663074 0.0157029 0.00269901 0.0376296 -0.000479346
internal_weight=85.5356 11.3017 4.63209 6.66957 74.2339 6.1908 68.0431
internal_count=2074 445 216 229 1629 128 1501
is_linear=0
shrinkage=0.252688


Tree=1043
num_leaves=8
num_cat=0
split_feature=7 5 3 10 7 9 7
split_gain=0.0638006 0.194134 0.235097 0.150767 0.0920805 0.366158 0.205594
threshold=1.1623473763465884 0.55249199271202099 0.53507775068283092 0.37646408379077917 0.4251160621643067 -0.47116719186305994 0.4037639200687409
decision_type=2 2 2 2 2 2 2
left_child=4 3 -3 -2 6 -6 -1
right_child=1 2 -4 -5 5 -7 -8
leaf_value=-0.0013884694209532354 -0.012313268006114795 0.15380360773725152 -0.031992470960224652 -0.17879388697713117 0.10510903736120694 0.0024367391108047419 -0.12967682191175209
leaf_weight=59.051560218040322 0.61582203961734128 0.56787560507655177 1.8502751740670644 0.79644433205248788 2.6048444114276235 14.911022301057526 0.80803030100650985
leaf_count=1474 11 7 46 16 70 426 24
internal_value=1.80279e-05 -0.031813 0.0116631 -0.106232 0.00159402 0.0177083 -0.00312136
internal_weight=81.2059 3.83042 2.41815 1.41227 77.3755 17.5159 59.8596
internal_count=2074 80 53 27 1994 496 1498
is_linear=0
shrinkage=0.252688


Tree=1044
num_leaves=8
num_cat=0
split_feature=2 20 2 11 7 7 18
split_gain=0.0556999 0.205046 0.237792 0.127355 0.267348 0.14697 0.0279992
threshold=-0.89512509107589711 -0.34063115715980524 -1.1949508786201475 -0.71003434062004078 0.88884013891220104 -1.9273322224617002 0.61690452694892894
decision_type=2 2 2 2 2 2 2
left_child=1 6 -3 4 -2 -5 -1
right_child=3 2 -4 5 -6 -7 -8
leaf_value=-0.17223206337973038 -0.015073013830724515 0.0045188009641647211 0.089590000374743212 0.1730946055795563 -0.17027587773278255 -0.00068607077560483296 -0.063103940554015053
leaf_weight=0.36423609188022865 4.0922502534340301 10.637221928016514 2.6129258636756267 0.3118350631557395 0.85661517026892386 59.739895335975987 0.25675074709579349
leaf_count=19 159 235 78 15 29 1530 9
internal_value=0.000108866 0.0146448 0.0212978 -0.00299319 -0.0419532 0.000217825 -0.127207
internal_weight=78.8717 13.8711 13.2501 65.0006 4.94887 60.0517 0.620987
internal_count=2074 341 313 1733 188 1545 28
is_linear=0
shrinkage=0.252688


Tree=1045
num_leaves=5
num_cat=0
split_feature=8 8 2 2
split_gain=0.0653707 0.0609824 0.176526 0.0560552
threshold=13.693320751190187 9.7020187377929705 0.50887423753738414 -1.8545773625373838
decision_type=2 2 2 2
left_child=1 3 -3 -1
right_child=-2 2 -4 -5
leaf_value=0.04445547102427666 0.067321470001152989 -0.17587456877560767 0.066576212253971812 -0.0012677520810664097
leaf_weight=1.7482930046971876 0.90421481201337783 0.44366383101441798 0.33699390664696693 81.369665288409124
leaf_count=59 24 29 3 1959
internal_value=-0.000237636 -0.000966188 -0.0712375 -0.000305722
internal_weight=84.8028 83.8986 0.780658 83.118
internal_count=2074 2050 32 2018
is_linear=0
shrinkage=0.252688


Tree=1046
num_leaves=5
num_cat=0
split_feature=7 7 3 2
split_gain=0.0612756 0.0644429 0.212114 0.164362
threshold=1.6332325935363772 -0.13352415710687635 -0.019293534569442269 -0.22905285656452176
decision_type=2 2 2 2
left_child=1 2 -1 -3
right_child=-2 3 -4 -5
leaf_value=0.0010802124306482077 -0.082580664217664829 -0.011097138408729725 -0.053389231438963819 0.019594272664413839
leaf_weight=28.671859823618433 0.56717585399746795 18.991774116999295 5.4287826294312245 26.951387947099647
leaf_count=773 8 494 136 663
internal_value=0.000143458 0.000730185 -0.00759191 0.00690719
internal_weight=80.611 80.0438 34.1006 45.9432
internal_count=2074 2066 909 1157
is_linear=0
shrinkage=0.252688


Tree=1047
num_leaves=7
num_cat=0
split_feature=16 2 2 3 1 16
split_gain=0.0557372 0.242662 0.336139 0.22712 0.199588 0.163042
threshold=0.32469230890274053 0.32298927009105688 0.56292867660522472 -0.62747031450271595 -2.2165116071701045 0.50830647349357616
decision_type=2 2 2 2 2 2
left_child=1 3 -3 -1 -2 -6
right_child=4 2 -4 -5 5 -7
leaf_value=0.06781213638194579 -0.17832592913175863 -0.095685381779415227 0.013938224804948607 -0.0029964293550189033 0.046836041529324815 0.0010792713465625405
leaf_weight=3.1253116503648988 0.35892186150886374 4.0844061030365983 3.1732400559121743 38.721594136735789 6.371282571359191 22.63843886442374
leaf_count=76 9 142 74 990 135 648
internal_value=0.000102897 -0.00510515 -0.0477572 0.00229262 0.00881076 0.0111294
internal_weight=78.4732 49.1046 7.25765 41.8469 29.3686 29.0097
internal_count=2074 1282 216 1066 792 783
is_linear=0
shrinkage=0.252688


Tree=1048
num_leaves=7
num_cat=0
split_feature=8 8 7 8 10 8
split_gain=0.0495721 0.210522 0.189453 0.172625 0.116033 0.0542999
threshold=-1.7211129069328306 -1.4979361295700071 -1.0939416289329527 -2.2704004049301143 -0.25114466249942774 -1.5817824602127073
decision_type=2 2 2 2 2 2
left_child=3 5 -3 4 -1 -2
right_child=1 2 -4 -5 -6 -7
leaf_value=0.14530509769422839 0.050038668668861114 -0.090846738877878114 0.00099598813412808359 -0.17371005966986741 -0.027382707758457216 0.1597127001517866
leaf_weight=0.28673005988821465 0.54779543817858212 1.460007201796542 79.240118600492679 0.46657926410989503 1.8380680025175022 0.60955884447321185
leaf_count=5 18 99 1804 45 94 9
internal_value=-0.000220609 0.000868764 -0.000666175 -0.0346258 -0.00404845 0.10785
internal_weight=84.4489 81.8575 80.7001 2.59138 2.1248 1.15735
internal_count=2074 1930 1903 144 99 27
is_linear=0
shrinkage=0.252688


Tree=1049
num_leaves=6
num_cat=0
split_feature=20 13 8 12 8
split_gain=0.0574936 0.147861 0.0878803 0.192112 0.11993
threshold=-3.4520778656005855 0.27192981541156774 -2.0556144714355464 -0.22435598075389859 -1.7211129069328306
decision_type=2 2 2 2 2
left_child=1 -1 3 -2 -4
right_child=2 -3 4 -5 -6
leaf_value=0.12106011581335648 -0.094768297082710201 -0.054034746765066921 0.088857294840770346 0.093327679332175256 -0.00050132141397159842
leaf_weight=0.79089571442454942 1.5590497425291689 0.50367693512816913 0.97073305625235562 0.44535017979796876 76.0536106028012
leaf_count=14 52 22 36 22 1928
internal_value=0.000131396 0.052941 -0.00073401 -0.0529617 0.000625443
internal_weight=80.3233 1.29457 79.0287 2.0044 77.0243
internal_count=2074 36 2038 74 1964
is_linear=0
shrinkage=0.252688


Tree=1050
num_leaves=7
num_cat=0
split_feature=15 15 15 0 13 19
split_gain=0.056037 0.182505 0.168576 0.282243 0.136064 0.0760547
threshold=2.01805591583252 1.9238811731338503 4.6590611934661874 1.0000000180025095e-35 0.99707588553428661 0.7146601974964143
decision_type=2 2 2 2 2 2
left_child=1 5 3 -2 -4 -1
right_child=2 -3 4 -5 -6 -7
leaf_value=-0.0031711022483126312 -0.1264458532917315 0.1431437417227536 -0.059428138093904202 0.024193507176722376 0.060047910032805012 0.017666058628935194
leaf_weight=57.346794611450377 1.8686571621401518 0.58004721684846927 0.8915323187648031 1.3805917647441674 1.9151331346947698 13.893832075118551
leaf_count=1562 101 16 34 35 46 280
internal_value=7.43666e-05 0.00204271 -0.0232673 -0.0624459 0.022092 0.000892784
internal_weight=77.8766 71.8207 6.05591 3.24925 2.80667 71.2406
internal_count=2074 1858 216 136 80 1842
is_linear=0
shrinkage=0.252688


Tree=1051
num_leaves=5
num_cat=0
split_feature=8 10 10 10
split_gain=0.0453644 0.0911868 0.155915 0.113764
threshold=13.693320751190187 1.9999334216117861 2.2861287593841557 1.9778499603271487
decision_type=2 2 2 2
left_child=1 3 -3 -1
right_child=-2 2 -4 -5
leaf_value=-0.00051312791972750037 0.057022937791223943 -0.17666570686712074 0.010327531289695263 0.11610382820491602
leaf_weight=81.438865665759295 0.87667730524844856 0.50406267833022755 0.65321264209342189 0.53713035583495994
leaf_count=1988 24 34 22 6
internal_value=-0.000139666 -0.000742846 -0.0711615 0.000251706
internal_weight=84.0099 83.1333 1.15728 81.976
internal_count=2074 2050 56 1994
is_linear=0
shrinkage=0.252688


Tree=1052
num_leaves=6
num_cat=0
split_feature=9 24 24 8 8
split_gain=0.0524654 0.253546 0.23355 0.131381 0.132019
threshold=1.2987955808639529 -5.1939418315887442 -0.0062766694463789454 -3.1280809640884395 -1.4017509222030637
decision_type=2 2 2 2 2
left_child=3 -2 -3 -1 -5
right_child=1 2 -4 4 -6
leaf_value=0.11679770882860843 0.12929379202481639 -0.068882578793939012 0.02170301459040342 -0.04800253928093929 0.0036586981492287445
leaf_weight=0.63336924705072206 0.67483169506249385 4.5007167080448198 3.0474736746691615 3.3125950780813573 67.653701650328003
leaf_count=25 25 117 98 110 1699
internal_value=7.44212e-05 -0.0190409 -0.0323108 0.00226991 0.00124687
internal_weight=79.8227 8.22302 7.54819 71.5997 70.9663
internal_count=2074 240 215 1834 1809
is_linear=0
shrinkage=0.252688


Tree=1053
num_leaves=6
num_cat=0
split_feature=21 24 15 15 19
split_gain=0.0406972 0.104455 0.0910745 0.0913809 0.0621294
threshold=2.6314238309860234 0.28576789796352392 -0.60292181372642506 -0.59412834048271168 0.86170384287834179
decision_type=2 2 2 2 2
left_child=2 -2 4 -4 -1
right_child=1 -3 3 -5 -6
leaf_value=0.020816980746316275 0.031958758713482728 -0.1501182402289909 -0.17594594314562845 6.0810424891402751e-05 0.15177622979826252
leaf_weight=0.52229127166719891 0.41373448329977591 0.39077672309940681 0.18829272131551889 75.500436896623654 0.4149799010483548
leaf_count=20 10 22 9 2005 8
internal_value=-2.34779e-06 -0.0565206 0.000591416 -0.000378252 0.0788539
internal_weight=77.4305 0.804511 76.626 75.6887 0.937271
internal_count=2074 32 2042 2014 28
is_linear=0
shrinkage=0.252688


Tree=1054
num_leaves=8
num_cat=0
split_feature=7 7 24 2 2 1 24
split_gain=0.0484731 0.170404 0.228089 0.166261 0.344944 0.28944 0.141358
threshold=-0.52000975608825672 -0.36839337646961207 0.1563932150602341 0.17414457350969317 0.11418353021144868 0.36152698099613195 0.28972670435905462
decision_type=2 2 2 2 2 2 2
left_child=3 2 -2 4 -1 -5 -3
right_child=1 6 -4 5 -6 -7 -8
leaf_value=0.01196743228127194 -0.081567185169220929 0.0088935268250218032 0.014863314907756048 -0.12334071919985348 0.13702688468294669 0.0069564074013008653 -0.018314480674977374
leaf_weight=8.8474509706866247 3.8199597636557874 42.680358909245115 2.6540369628637563 1.3533907824757978 1.6743624309310678 5.554099570690596 17.067988848721143
leaf_count=199 113 933 55 76 12 230 456
internal_value=2.21478e-05 -0.00309843 -0.042037 0.0118785 0.0318745 -0.0185801 0.00112105
internal_weight=83.6516 66.2223 6.474 17.4293 10.5218 6.90749 59.7483
internal_count=2074 1557 168 517 211 306 1389
is_linear=0
shrinkage=0.252688


Tree=1055
num_leaves=4
num_cat=0
split_feature=15 15 7
split_gain=0.0577877 0.0786621 0.055067
threshold=-0.60796841979026783 -0.6036110222339629 1.1623473763465884
decision_type=2 2 2
left_child=-1 -2 -3
right_child=1 2 -4
leaf_value=-0.08381404743113853 0.11608811948417298 0.0014464276018175824 -0.030607775766089591
leaf_weight=0.52153586619533499 0.37383530102670093 74.929515896342309 3.5853142342093625
leaf_count=18 9 1967 80
internal_value=-2.10241e-05 0.000533475 -1.74793e-05
internal_weight=79.4102 78.8887 78.5148
internal_count=2074 2056 2047
is_linear=0
shrinkage=0.252688


Tree=1056
num_leaves=4
num_cat=0
split_feature=19 19 1
split_gain=0.0817181 0.0528402 0.0473197
threshold=-1.7712110280990598 -1.6444358825683592 1.1476124525070193
decision_type=2 2 2
left_child=-1 -2 -3
right_child=1 2 -4
leaf_value=-0.17350673261111613 0.13801189592684218 0.00067581279036746649 -0.074337277045654696
leaf_weight=0.17225306120235373 0.17739581875502963 76.268362459959903 0.54023257983531792
leaf_count=9 9 2016 40
internal_value=7.67294e-05 0.000466321 0.000147683
internal_weight=77.1582 76.986 76.8086
internal_count=2074 2065 2056
is_linear=0
shrinkage=0.252688


Tree=1057
num_leaves=7
num_cat=0
split_feature=17 17 16 16 16 5
split_gain=0.0558158 0.244831 0.215045 0.402666 0.288048 0.0879222
threshold=-0.34385664761066431 -0.34208047389984125 0.077750645577907576 -0.13971260935068128 0.50302895903587352 0.39581681787967687
decision_type=2 2 2 2 2 2
left_child=2 -2 3 -1 -4 -3
right_child=1 5 4 -5 -6 -7
leaf_value=-0.017157245519929028 0.10009923321293197 0.0066155576080579679 0.086597928418761572 -0.18929482882510307 -0.072004811782567707 -0.013082762949519218
leaf_weight=9.3069807468273194 1.6138355759903777 46.823394919018028 2.4541551651345794 0.95639032163307902 1.0408646729774771 20.936872874643996
leaf_count=209 16 1232 43 29 44 501
internal_value=-6.97902e-05 0.00284605 -0.014772 -0.0332069 0.0393597 0.000529007
internal_weight=83.1325 69.3741 13.7584 10.2634 3.49502 67.7603
internal_count=2074 1749 325 238 87 1733
is_linear=0
shrinkage=0.252688


Tree=1058
num_leaves=4
num_cat=0
split_feature=13 6 1
split_gain=0.0526524 0.0656199 0.0484137
threshold=1.3128653168678286 1.367614805698395 1.0374404788017275
decision_type=2 2 2
left_child=1 2 -1
right_child=-2 -3 -4
leaf_value=-0.0013767238003081442 -0.069260605045421197 0.095993587682255882 0.027815925446596158
leaf_weight=74.120654088742413 0.69417839986272056 0.4573324432130893 3.8134745389033915
leaf_count=1910 18 10 136
internal_value=-1.48079e-06 0.000612273 5.18927e-05
internal_weight=79.0856 78.3915 77.9341
internal_count=2074 2056 2046
is_linear=0
shrinkage=0.252688


Tree=1059
num_leaves=8
num_cat=0
split_feature=2 3 18 3 2 15 10
split_gain=0.0476931 0.162962 0.331651 0.271988 0.124249 0.0887808 0.0649887
threshold=-0.87879866361618031 -0.07249171286821364 -0.43852919340133661 0.020914083346724514 -0.76330593228340138 -0.50990599393844593 -0.1203707456588745
decision_type=2 2 2 2 2 2 2
left_child=1 2 -1 -3 6 -6 -2
right_child=4 3 -4 -5 5 -7 -8
leaf_value=-0.1227435823693544 -0.17267259911848107 0.16484002802926723 0.021895163996586864 0.018700976611598537 0.051654314904866674 -0.0030700304679028212 -0.041333039921256864
leaf_weight=1.5002707427811399 0.37989847308926983 0.90092052721592786 3.1090107669006111 8.3072373676841362 1.9538493822838052 60.168565856321706 0.65566971967928001
leaf_count=58 17 14 68 209 77 1600 31
internal_value=0.000146102 0.0135932 -0.0251915 0.0330079 -0.00279586 -0.00134842 -0.0895798
internal_weight=76.9754 13.8174 4.60928 9.20816 63.158 62.1224 1.03557
internal_count=2074 349 126 223 1725 1677 48
is_linear=0
shrinkage=0.252688


Tree=1060
num_leaves=8
num_cat=0
split_feature=10 10 10 10 12 9 10
split_gain=0.0463844 0.295441 0.220549 0.282488 0.187553 0.145024 0.110857
threshold=0.66777423024177562 0.594049632549286 0.79425942897796642 0.83535388112068187 -0.083836484700441347 0.22846814244985583 0.54513120651245128
decision_type=2 2 2 2 2 2 2
left_child=1 6 5 -4 -3 -2 -1
right_child=2 4 3 -5 -6 -7 -8
leaf_value=-0.0023302614199444899 0.026023422451219146 0.032663209421596347 -0.14292190466243726 0.0067082662050593628 -0.16353633996937197 0.13644706913685017 0.067013381339066661
leaf_weight=60.007127331022275 1.8141635251813597 0.42452403571223851 0.84873615267952374 15.67530658536907 1.162125840768566 1.3061389585582217 1.508524202639818
leaf_count=1538 29 16 24 392 24 19 32
internal_value=-6.84096e-05 -0.00340647 0.010654 -0.000981534 -0.111047 0.0722618 -0.000629191
internal_weight=82.7466 63.1023 19.6443 16.524 1.58665 3.1203 61.5157
internal_count=2074 1610 464 416 40 48 1570
is_linear=0
shrinkage=0.252688


Tree=1061
num_leaves=5
num_cat=0
split_feature=14 23 15 15
split_gain=0.0516856 0.0550207 0.409045 0.370208
threshold=1.673611104488373 -0.36153110861778254 -0.37416915595531458 -0.33576653897762293
decision_type=2 2 2 2
left_child=1 2 -1 -3
right_child=-2 3 -4 -5
leaf_value=-0.0026042614559537536 0.072343127641440713 -0.081011463296723374 0.089949329506377546 0.00060503529790360193
leaf_weight=27.640103687670493 0.62383593921549518 3.8654061039160288 3.4264644503709851 43.232033526296618
leaf_count=664 20 88 61 1241
internal_value=-7.08771e-05 -0.000649324 0.00760518 -0.00609424
internal_weight=78.7878 78.164 31.0666 47.0974
internal_count=2074 2054 725 1329
is_linear=0
shrinkage=0.252688


Tree=1062
num_leaves=8
num_cat=0
split_feature=16 16 2 11 7 16 2
split_gain=0.0441399 0.186847 0.191005 0.168803 0.210172 0.20409 0.081373
threshold=0.32469230890274053 0.29207280278205877 0.32298927009105688 -0.71003434062004078 1.1159803271293642 0.50830647349357616 -0.65442916750907887
decision_type=2 2 2 2 2 2 2
left_child=1 2 -1 4 -2 -5 -3
right_child=3 6 -4 5 -6 -7 -8
leaf_value=0.0048326182278797484 -0.091948889304053177 -0.1710143135499711 -0.041254662600405938 0.060196726417525569 0.066699633609135875 0.0033990214504675004 -0.044443969845228221
leaf_weight=39.692977839802552 2.0678573783516216 0.56095441512297839 6.7123689789586924 5.0095119825273313 0.71790948137640942 20.853262969325314 0.76921469358785433
leaf_count=1034 76 15 208 118 10 588 25
internal_value=0.000194491 -0.00451123 -0.00183411 0.00803536 -0.0510588 0.0144016 -0.0978685
internal_weight=76.3841 47.7355 46.4053 28.6485 2.78577 25.8628 1.33017
internal_count=2074 1282 1242 792 86 706 40
is_linear=0
shrinkage=0.252688


Tree=1063
num_leaves=8
num_cat=0
split_feature=21 21 21 9 5 10 23
split_gain=0.0516908 0.37789 0.19356 0.192591 0.166031 0.165785 0.126077
threshold=0.1102806255221367 0.068101711571216597 0.15977950394153598 -0.37686303257942194 0.64151963591575634 -0.50313338637351979 -0.42105561494827265
decision_type=2 2 2 2 2 2 2
left_child=1 4 6 -3 -1 -4 -2
right_child=2 3 5 -5 -6 -7 -8
leaf_value=-0.0049828771606508651 0.15313364656008333 -0.00089228091319089168 -0.077372549918587691 -0.18195770886828108 0.055981028239541715 0.0065982293835010215 0.033014299021575981
leaf_weight=44.826035147103539 0.87432679184712503 0.55908963963156555 1.5840496506716615 1.1393134146783257 3.0457178264769018 28.552709540788783 1.5413455923553545
leaf_count=1071 13 14 49 49 56 791 31
internal_value=-0.000122531 -0.0052599 0.00770047 -0.122373 -0.0011036 0.00218323 0.0765148
internal_weight=82.1226 49.5702 32.5524 1.6984 47.8718 30.1368 2.41567
internal_count=2074 1190 884 63 1127 840 44
is_linear=0
shrinkage=0.252688


Tree=1064
num_leaves=8
num_cat=0
split_feature=19 24 19 21 14 24 4
split_gain=0.0529857 0.29873 0.231352 0.207839 0.112766 0.0900893 0.0236104
threshold=0.4432226717472077 -0.22639911621809003 0.40267288684844976 -0.78892996907234181 -0.96527773141860951 0.44526351988315588 0.40432758629322058
decision_type=2 2 2 2 2 2 2
left_child=2 6 4 -3 -1 -4 -2
right_child=1 3 5 -5 -6 -7 -8
leaf_value=0.030525536736622755 -0.1745989446631826 -0.12079774671756313 0.041365651927999729 0.0012356055760600222 -0.0028637799941553443 0.18229575534423634 -0.10168719607363776
leaf_weight=7.5345485245925365 0.53409479674883431 0.92753781378269451 0.54864752502180525 22.387340598928859 45.203685463565307 0.61394652134913485 0.61207275884225965
leaf_count=200 10 14 17 529 1269 15 20
internal_value=-6.11534e-05 -0.0098148 0.00436523 -0.00362183 0.00190668 0.115839 -0.135729
internal_weight=78.3619 24.461 53.9008 23.3149 52.7382 1.16259 1.14617
internal_count=2074 573 1501 543 1469 32 30
is_linear=0
shrinkage=0.252688


Tree=1065
num_leaves=7
num_cat=0
split_feature=11 11 15 14 14 11
split_gain=0.0510774 0.545846 0.346818 0.256351 0.243313 0.197094
threshold=-0.43167817592620844 -0.32937149703502649 -0.33884464204311365 -0.18749997764825818 0.52083334326744091 -0.61861309409141529
decision_type=2 2 2 2 2 2
left_child=4 3 -3 -2 5 -1
right_child=1 2 -4 -5 -6 -7
leaf_value=-0.0063345123942419035 0.059200507815818079 0.11638202878493821 -0.0029606244060596189 -0.16383487283688133 -0.16200055465349564 0.036505943580188972
leaf_weight=16.102657004665168 0.39793192967772517 1.6121367204731871 43.341535247822776 1.8935430235244144 0.52273712283931573 11.941663075820541
leaf_count=493 3 30 1156 85 12 295
internal_value=0.000287852 -0.00481227 0.00132055 -0.125098 0.00872258 0.0119078
internal_weight=75.8122 47.2451 44.9537 2.29147 28.5671 28.0443
internal_count=2074 1274 1186 88 800 788
is_linear=0
shrinkage=0.252688


Tree=1066
num_leaves=7
num_cat=0
split_feature=19 19 24 5 24 5
split_gain=0.0536255 0.192141 0.141991 0.140435 0.806398 0.204192
threshold=0.54376906156539928 0.56560364365577709 0.084864731878042235 0.41487585008144384 -0.22639911621809003 0.38033351302146917
decision_type=2 2 2 2 2 2
left_child=3 -2 -3 5 -5 -1
right_child=1 2 -4 4 -6 -7
leaf_value=-0.0016898148897545578 0.10331239426741869 -0.032375137757046341 0.015062696606854881 0.047858455961099507 -0.10596526087698926 0.10524763690103101
leaf_weight=47.165247579582683 1.3240936640650058 5.2041585859260548 17.832222805860511 4.0930636606790358 4.6450926876677823 1.1678250782424573
leaf_count=1334 16 84 384 81 150 25
internal_value=-0.000198164 0.00972689 0.00434544 -0.00443468 -0.0339136 0.000895104
internal_weight=81.4317 24.3605 23.0364 57.0712 8.73816 48.3331
internal_count=2074 484 468 1590 231 1359
is_linear=0
shrinkage=0.252688


Tree=1067
num_leaves=7
num_cat=0
split_feature=19 19 2 4 4 24
split_gain=0.0472868 0.230556 0.21543 0.324792 0.302407 0.12363
threshold=0.13567599654197696 0.12668881565332415 0.37146268784999853 -1.2638582587242124 -1.1557195782661436 2.3817301988601689
decision_type=2 2 2 2 2 2
left_child=1 5 4 -4 -2 -1
right_child=2 -3 3 -5 -6 -7
leaf_value=0.0054653480194867664 -0.1435664192784728 0.17378114661417265 0.11263354912396978 -0.070031417379790087 0.0064073048013906543 -0.10666874541604206
leaf_weight=39.780853455655233 0.8834882786031838 0.51483589457347889 0.69981037918478239 5.5255953888408831 29.716869945972576 0.63733068646979418
leaf_count=1120 21 9 18 114 747 45
internal_value=-7.31036e-05 0.00583727 -0.0066427 -0.0494896 0.00207484 0.00369577
internal_weight=77.7588 40.933 36.8258 6.22541 30.6004 40.4182
internal_count=2074 1174 900 132 768 1165
is_linear=0
shrinkage=0.252688


Tree=1068
num_leaves=7
num_cat=0
split_feature=10 15 7 13 10 10
split_gain=0.0543669 0.126033 0.257463 0.159002 0.115574 0.11635
threshold=-0.74336761236190785 0.11222059652209283 0.022729379124939445 -0.89181277155876149 -0.71483695507049549 -0.69972696900367726
decision_type=2 2 2 2 2 2
left_child=1 2 -1 -3 -2 -6
right_child=4 3 -4 -5 5 -7
leaf_value=-0.098445369138283959 0.095231851763934672 -0.079328990510572656 0.13037555121515382 0.11003084920927535 -0.10045061408611687 0.0015528109234545597
leaf_weight=2.0459871467173798 0.83164566336199541 0.46049294248223305 0.37039530236506824 0.73338459543992918 0.72086788789601897 69.755648419337831
leaf_count=104 18 7 19 32 17 1877
internal_value=8.23962e-05 -0.0301675 -0.0633491 0.0369885 0.00161415 0.000508706
internal_weight=74.9184 3.61026 2.41638 1.19388 71.3082 70.4765
internal_count=2074 162 123 39 1912 1894
is_linear=0
shrinkage=0.252688


Tree=1069
num_leaves=8
num_cat=0
split_feature=10 10 8 20 10 21 2
split_gain=0.0710342 0.287791 0.168787 0.274664 0.227486 0.150882 0.0588454
threshold=-0.24402727186679837 -0.2164291515946388 0.61491388082504284 0.43544094264507299 -0.30172300338745112 -0.48184575140476221 -0.29316926002502436
decision_type=2 2 2 2 2 2 2
left_child=2 6 3 -1 -4 -3 -2
right_child=1 5 4 -5 -6 -7 -8
leaf_value=0.0070863140314196904 -0.19990304896456748 -0.043257741660019285 0.024585089253046168 -0.11134859240573516 0.16187608534355991 0.0019297098063237325 -0.080042927840579842
leaf_weight=27.907769268020278 0.49922053597401828 5.3406800112861665 3.6080934261408402 1.308401709247845 0.97948507987894018 40.44472770246648 0.55131512039224506
leaf_count=640 10 148 74 49 10 1113 30
internal_value=2.85666e-05 -0.00634281 0.00885627 0.00178042 0.0539134 -0.00334163 -0.137074
internal_weight=80.6397 46.8359 33.8037 29.2162 4.58758 45.7854 1.05054
internal_count=2074 1301 773 689 84 1261 40
is_linear=0
shrinkage=0.252688


Tree=1070
num_leaves=8
num_cat=0
split_feature=10 10 10 21 21 21 10
split_gain=0.0565542 0.315743 0.267867 0.240849 0.205706 0.203633 0.157535
threshold=-0.23569827526807782 -0.31689557433128351 -0.19407338649034497 -0.33733201026916498 -0.84596893191337574 0.39245463907718664 -0.074708878993988023
decision_type=2 2 2 2 2 2 2
left_child=1 5 3 -2 -3 -1 -4
right_child=2 4 6 -5 -6 -7 -8
leaf_value=-0.0067080004176209894 0.17307853604685131 0.16110123616244565 -0.04947445950878953 0.017929700636302393 -0.10102011031218926 0.070329033417361353 0.0052255000333115359
leaf_weight=24.308550849818864 1.1117829427821564 0.20387157221557606 3.6625267446215721 1.5013851520488959 2.9642577503691419 2.4073576623923136 40.874871997217269
leaf_count=603 21 5 112 43 91 82 1117
internal_value=-0.000110054 -0.00870997 0.00534058 0.0839606 -0.0841279 0.000234971 0.000726692
internal_weight=77.0346 29.884 47.1506 2.61317 3.16813 26.7159 44.5374
internal_count=2074 781 1293 64 96 685 1229
is_linear=0
shrinkage=0.252688


Tree=1071
num_leaves=8
num_cat=0
split_feature=10 5 5 1 4 1 14
split_gain=0.0446468 0.12676 0.221992 0.130755 0.0633496 0.148276 0.121323
threshold=-0.76233309507369984 -0.28114238381385798 0.50900870561599743 0.24008692800998691 -0.28098995983600611 -0.40993380546569819 0.24305555969476703
decision_type=2 2 2 2 2 2 2
left_child=1 3 -3 -1 6 -6 -2
right_child=4 2 -4 -5 5 -7 -8
leaf_value=-0.026160546532083974 0.02711643601251058 -0.14788512871382614 0.14958220639092845 0.14203651985879598 0.016550137774107562 -0.015605190730378369 -0.0050233573766507167
leaf_weight=1.2515289418151954 14.255728788119969 0.93022488745555054 0.19303556531667709 0.38560093520209182 13.647948486373933 27.821515530742104 15.822517297626076
leaf_count=49 373 78 4 13 318 852 387
internal_value=0.000164283 -0.0313662 -0.096717 0.0134879 0.00138101 -0.00502249 0.0102096
internal_weight=74.3081 2.76039 1.12326 1.63713 71.5477 41.4695 30.0782
internal_count=2074 144 82 62 1930 1170 760
is_linear=0
shrinkage=0.252688


Tree=1072
num_leaves=5
num_cat=0
split_feature=20 19 12 19
split_gain=0.0589776 0.0456549 0.195428 0.06996
threshold=-3.7129387855529781 1.1703495383262636 -0.18155469745397565 1.1100192070007326
decision_type=2 2 2 2
left_child=-1 3 -3 -2
right_child=1 2 -4 -5
leaf_value=-0.17295728523269732 0.00013390492391759882 0.097139648050240529 -0.03948427450942215 -0.057435765137927766
leaf_weight=0.12521194218970677 75.800726188056615 1.4155786937481027 1.2658307247620531 1.371688020415603
leaf_count=18 1935 50 47 24
internal_value=-3.56709e-05 0.000236598 0.0326471 -0.000889726
internal_weight=79.979 79.8538 2.68141 77.1724
internal_count=2074 2056 97 1959
is_linear=0
shrinkage=0.252688


Tree=1073
num_leaves=8
num_cat=0
split_feature=13 13 3 3 13 17 13
split_gain=0.0454388 0.134463 0.141919 0.117414 0.0836681 0.207411 0.139703
threshold=-1.0263156890869138 -1.055555462837219 0.70221230387687694 0.56740382313728344 -0.96198827028274525 -0.070264879614114747 -0.95029237866401661
decision_type=2 2 2 2 2 2 2
left_child=1 2 -1 -3 5 -2 -6
right_child=4 3 -4 -5 6 -7 -8
leaf_value=0.037483406515842969 0.11660997981034656 0.17887409890305553 -0.11978859741134054 0.027827426909414896 0.15097167310743037 -0.10948630952290764 -0.00093917158479751514
leaf_weight=1.0117823863402011 0.33103804104030121 0.55012173010618315 0.57362602557986964 0.81552928560995497 0.38811260106740419 1.1850117314861552 71.624635890748323
leaf_count=41 10 30 12 23 6 38 1914
internal_value=-0.000122298 0.0306191 -0.0194402 0.0887198 -0.00135632 -0.0600926 -0.000119328
internal_weight=76.4799 2.95106 1.58541 1.36565 73.5288 1.51605 72.0127
internal_count=2074 106 53 53 1968 48 1920
is_linear=0
shrinkage=0.252688


Tree=1074
num_leaves=7
num_cat=0
split_feature=19 6 19 2 22 20
split_gain=0.0432377 0.123124 0.215509 0.0857567 0.311284 0.231458
threshold=1.0594418048858645 1.201312839984894 1.136024594306946 -0.39252716302871699 -0.23371988534927365 0.34205235540866857
decision_type=2 2 2 2 2 2
left_child=3 2 -2 5 -5 -1
right_child=1 -3 -4 4 -6 -7
leaf_value=0.032019059625572992 -0.1519742023876792 0.10108235240877603 -0.0084383651486990442 -0.081793902425622303 0.0010603486970779212 -0.031465738795894316
leaf_weight=14.343779325216021 0.83804076327942212 0.45290600875159714 3.2822288920870051 3.0850402795149412 46.956643633410025 4.9257411071848756
leaf_count=392 27 15 103 118 1249 170
internal_value=-0.000103065 -0.0238992 -0.0376489 0.00146716 -0.00404835 0.0157904
internal_weight=73.8844 4.57318 4.12027 69.3112 50.0417 19.2695
internal_count=2074 145 130 1929 1367 562
is_linear=0
shrinkage=0.252688


Tree=1075
num_leaves=6
num_cat=0
split_feature=19 18 16 16 19
split_gain=0.0447867 0.209428 0.152972 0.146471 0.118733
threshold=1.0006890892982485 0.61690452694892894 -0.90339228510856617 -0.48901444673538202 0.94520583748817455
decision_type=2 2 2 2 2
left_child=2 3 -1 -2 -4
right_child=1 -3 4 -5 -6
leaf_value=-0.17261017169005191 0.048466163551847539 0.14484474759798871 2.4701708302460435e-05 -0.02884770610696491 -0.115557327328061
leaf_weight=0.33223970956168969 2.7432634147990029 0.75772758130915452 71.611883479110475 3.6400793179927851 0.57149760457104903
leaf_count=23 35 9 1842 134 31
internal_value=0.000201035 0.0192936 -0.00167924 0.00437924 -0.000891216
internal_weight=79.6567 7.14107 72.5156 6.38334 72.1834
internal_count=2074 178 1896 169 1873
is_linear=0
shrinkage=0.252688


Tree=1076
num_leaves=6
num_cat=0
split_feature=7 16 5 7 7
split_gain=0.0452002 0.219041 0.225423 0.0834151 0.0870831
threshold=1.1448020935058596 -0.23841591924428937 0.2109564691781998 1.1159803271293642 1.0309869647026064
decision_type=2 2 2 2 2
left_child=3 -2 -3 4 -1
right_child=1 2 -4 -5 -6
leaf_value=0.0012974875857359328 -0.14317904327818848 -0.13391974378429486 0.036790517527892933 0.06754576561593835 -0.072632005123385412
leaf_weight=69.847905677905146 0.81407812677207436 0.6118952819379041 2.5517353522591293 1.1943401703611005 1.031849915627389
leaf_count=1930 20 9 59 16 40
internal_value=-0.000110419 -0.026331 0.00375522 0.00133684 0.000220688
internal_weight=76.0518 3.97771 3.16363 72.0741 70.8798
internal_count=2074 88 68 1986 1970
is_linear=0
shrinkage=0.252688


Tree=1077
num_leaves=8
num_cat=0
split_feature=10 10 17 10 8 5 3
split_gain=0.0497221 0.153273 0.33931 0.233107 0.129983 0.234399 0.14766
threshold=1.1780862212181094 0.70323345065116893 1.2543684840202334 0.62874972820281994 4.7766106128692636 1.9713184833526614 1.0087531208992007
decision_type=2 2 2 2 2 2 2
left_child=1 3 -3 -1 5 -2 -6
right_child=4 2 -4 -5 6 -7 -8
leaf_value=-0.00070347065178280165 0.052400637049961299 -0.057161461510160758 0.10184325055783722 0.10461462340308385 -0.13695996350409959 -0.11659355313822722 0.0020430612499320118
leaf_weight=55.06139176522089 5.8478023968054895 6.5765196290861061 0.98480797628690186 1.374884674837175 0.61375218932516906 0.57513939205091436 2.3726975644749473
leaf_count=1594 159 145 23 32 24 20 77
internal_value=-0.000141602 -0.00266334 -0.0364464 0.00186319 0.0170089 0.0372596 -0.0265425
internal_weight=73.407 63.9976 7.56133 56.4363 9.40939 6.42294 2.98645
internal_count=2074 1794 168 1626 280 179 101
is_linear=0
shrinkage=0.252688


Tree=1078
num_leaves=8
num_cat=0
split_feature=2 17 21 10 10 8 16
split_gain=0.0539588 0.265977 0.159361 0.0901489 0.247183 0.215032 0.00096384
threshold=0.59311631321907055 -0.31271600723266596 0.01332127256318927 0.29702255129814154 0.54513120651245128 -0.32604986429214472 -0.40530443191528315
decision_type=2 2 2 2 2 2 2
left_child=3 6 -3 5 -5 -1 -2
right_child=1 2 -4 4 -6 -7 -8
leaf_value=-0.046575399387248501 -0.19953664013858941 -0.077297041784939138 0.013968111284585307 -0.055233148874615827 0.0035712578823688715 0.014736617097945236 -0.17328057319604134
leaf_weight=4.0110278928259495 0.15275341700180434 1.5669734704133578 5.5359323229677102 5.8430081680962784 20.847937052624729 40.796870227226464 0.45683065452612925
leaf_count=218 3 68 194 175 499 870 47
internal_value=0.000156592 -0.0199231 -0.00616997 0.00232272 -0.00930261 0.00924769 -0.180029
internal_weight=79.2113 7.71249 7.10291 71.4988 26.6909 44.8079 0.609584
internal_count=2074 312 262 1762 674 1088 50
is_linear=0
shrinkage=0.252688


Tree=1079
num_leaves=8
num_cat=0
split_feature=19 14 3 14 9 19 9
split_gain=0.0395653 0.213935 0.375661 0.262881 0.173907 0.177671 0.0942715
threshold=-0.38992404937744135 0.25694443285465246 0.083168551325798049 0.062500018626451506 1.5170156955718996 -0.26750119030475611 2.0723637342453007
decision_type=2 2 2 2 2 2 2
left_child=1 3 -3 -1 5 -2 -6
right_child=4 2 -4 -5 6 -7 -8
leaf_value=0.0021376218051728929 -0.047820521141834757 0.01718371838997786 0.16526252236714575 -0.11324633136115887 -0.125145713557449 0.0038984881995466907 -0.022410515121421847
leaf_weight=8.7876070462398292 4.6329194543068288 7.1137244823794372 1.2922006018488899 1.4714228165612429 1.0942332326667377 50.09428022600332 1.1911592126416506
leaf_count=363 115 180 37 34 35 1270 40
internal_value=-2.65323e-05 0.0100712 0.0399562 -0.0144164 -0.00333243 -0.000480168 -0.0716177
internal_weight=75.6775 18.665 8.40593 10.259 57.0126 54.7272 2.28539
internal_count=2074 614 217 397 1460 1385 75
is_linear=0
shrinkage=0.252688


Tree=1080
num_leaves=7
num_cat=0
split_feature=4 15 14 4 3 23
split_gain=0.0430709 0.161345 0.0999295 0.059711 0.258934 0.0816378
threshold=-1.9159413576126096 -0.45292150974273676 -0.15972219407558438 -1.4228082895278928 -0.16092365980148313 -0.4661372303962707
decision_type=2 2 2 2 2 2
left_child=1 2 -1 4 -2 -5
right_child=3 -3 -4 5 -6 -7
leaf_value=-0.014263613163155237 -0.0068004452641393523 0.051660762233214884 -0.1766392178607 -0.026663248382958957 0.17011725827932403 0.0022103068523347371
leaf_weight=0.42763391183689237 2.1548429655894243 0.71187998447567113 0.55732897654525004 6.963189448862976 0.69920153429848042 61.227317529191609
leaf_count=17 85 13 24 232 14 1689
internal_value=-0.000189814 -0.0399695 -0.106189 0.000760563 0.0365649 -0.000738244
internal_weight=72.7414 1.69684 0.984963 71.0446 2.85404 68.1905
internal_count=2074 54 41 2020 99 1921
is_linear=0
shrinkage=0.252688


Tree=1081
num_leaves=7
num_cat=0
split_feature=1 1 1 16 9 6
split_gain=0.0514696 0.0774569 0.189156 0.177742 0.0766805 0.0529124
threshold=1.1476124525070193 0.92750355601310741 0.88081493973732006 0.46276471018791204 0.24111066758632663 -0.74179425835609425
decision_type=2 2 2 2 2 2
left_child=1 2 -1 -3 -2 -6
right_child=4 3 -4 -5 5 -7
leaf_value=-0.00094975795402081815 -0.03886333388819687 -0.17721748552185401 0.074926566536339917 -0.014672331779150489 0.16403374208136076 0.020689463101637752
leaf_weight=71.499114025998097 0.35626067756675073 0.49228251498425324 2.1607477938523507 3.3473216690472327 0.40394406858831644 0.27737727509702381
leaf_count=1826 10 40 32 136 5 25
internal_value=0.000201206 -0.000547448 0.00127651 -0.0355344 0.0560931 0.105739
internal_weight=78.537 77.4995 73.6599 3.8396 1.03758 0.681321
internal_count=2074 2034 1858 176 40 30
is_linear=0
shrinkage=0.252688


Tree=1082
num_leaves=6
num_cat=0
split_feature=7 18 9 7 7
split_gain=0.059107 0.1512 0.228973 0.120101 0.0705133
threshold=-0.91985094547271717 -0.34961585700511927 0.10473985597491266 -0.88328832387924183 -0.81493356823921193
decision_type=2 2 2 2 2
left_child=1 -1 -3 -2 -5
right_child=3 2 -4 4 -6
leaf_value=0.18108598432630924 -0.093752521195077529 -0.058927906672719368 0.042100271110261982 0.061387073720023048 -0.0022099436891769727
leaf_weight=0.35980074945837248 0.90550224221078579 2.0044833688298231 5.0152811437146738 1.1318881238112215 65.536976158990001
leaf_count=15 24 61 169 40 1765
internal_value=-2.65949e-05 0.021445 0.0132494 -0.00237161 -0.00112971
internal_weight=74.9539 7.37957 7.01976 67.5744 66.6689
internal_count=2074 245 230 1829 1805
is_linear=0
shrinkage=0.252688


Tree=1083
num_leaves=6
num_cat=0
split_feature=7 24 7 7 7
split_gain=0.0408035 0.186079 0.211248 0.105974 0.0793399
threshold=-0.88328832387924183 -3.15273106098175 -0.90043389797210682 -0.83967038989067067 -0.7960638403892516
decision_type=2 2 2 2 2
left_child=1 -1 -3 -2 -5
right_child=3 2 -4 4 -6
leaf_value=0.16214237431087988 0.097259271241137424 -0.013439588821554532 -0.17207667982241528 -0.075350862373991204 0.0020513463476181889
leaf_weight=0.35005691042169917 0.738424792085424 6.5513248844799818 0.58322862297063593 0.85649368076701549 63.321289591036987
leaf_count=17 24 239 13 32 1749
internal_value=7.63224e-05 -0.0175896 -0.0264197 0.00211329 0.00101773
internal_weight=72.4008 7.48461 7.13455 64.9162 64.1778
internal_count=2074 269 252 1805 1781
is_linear=0
shrinkage=0.252688


Tree=1084
num_leaves=8
num_cat=0
split_feature=8 21 1 21 8 8 17
split_gain=0.0438942 0.20634 0.205326 0.247498 0.155534 0.139279 0.11836
threshold=-0.17087625712156293 -0.8015742003917693 0.25725743174552923 0.02069074381142855 -0.038692632690072053 -0.32604986429214472 -0.36382216215133661
decision_type=2 2 2 2 2 2 2
left_child=2 4 5 -4 -2 -1 -3
right_child=1 6 3 -5 -6 -7 -8
leaf_value=-0.0030931651430138917 -0.15656563388936598 -0.047935057837457003 -0.10340355325629251 0.0024599082549675794 -0.028293412336389032 0.046797493624245942 0.002658419700233131
leaf_weight=5.9987503739303074 0.91641630732920054 3.1364766196202245 1.9055177256377636 5.4190710649172615 1.7670941840333387 8.8340382915484952 50.191584845912075
leaf_count=237 38 96 86 248 54 178 1137
internal_value=7.67027e-06 -0.00375841 0.00952785 -0.0250861 -0.072121 0.026621 -0.000317642
internal_weight=78.1689 56.0116 22.1574 7.32459 2.68351 14.8328 53.3281
internal_count=2074 1325 749 334 92 415 1233
is_linear=0
shrinkage=0.252688


Tree=1085
num_leaves=6
num_cat=0
split_feature=5 14 5 7 14
split_gain=0.0507156 0.0584433 0.0570569 0.0733902 0.0158889
threshold=-1.9094588160514829 -0.076388876885175691 -1.6580471992492674 -2.1426863670349117 -0.46527774631977076
decision_type=2 2 2 2 2
left_child=1 -1 4 -4 -2
right_child=2 -3 3 -5 -6
leaf_value=-0.16540715058545821 0.035137564434774608 0.01041729531374826 0.17356028835929715 -0.00058038620651285229 0.11382603558487227
leaf_weight=0.25277766975341365 0.32778782024979591 0.2304620276845516 0.15432618407066812 73.247752523988311 0.32857797165342972
leaf_count=30 5 15 11 1991 22
internal_value=-8.21924e-05 -0.081632 0.000450489 -0.000212994 0.0745911
internal_weight=74.5417 0.48324 74.0584 73.4021 0.656366
internal_count=2074 45 2029 2002 27
is_linear=0
shrinkage=0.252688


Tree=1086
num_leaves=6
num_cat=0
split_feature=1 1 12 1 23
split_gain=0.0482854 0.0913712 0.041457 0.208535 0.135532
threshold=1.1476124525070193 1.1668737530708315 0.428179681301117 0.68880727887153637 -0.46765498816967005
decision_type=2 2 2 2 2
left_child=2 -2 4 -4 -1
right_child=1 -3 3 -5 -6
leaf_value=-0.062922417998578853 -0.17368512536357616 0.045461571163666462 -0.0053076893383026003 -0.17656016536344663 0.0067120301181066823
leaf_weight=1.8490222658365372 0.27941923779577038 0.214278162513871 18.377278901061803 0.46499277767725189 50.885538982181046
leaf_count=86 16 24 572 13 1363
internal_value=9.12024e-05 -0.0786197 0.000634702 -0.00953879 0.00426982
internal_weight=72.0705 0.493697 71.5768 18.8423 52.7346
internal_count=2074 40 2034 585 1449
is_linear=0
shrinkage=0.252688


Tree=1087
num_leaves=7
num_cat=0
split_feature=16 15 2 17 9 9
split_gain=0.0469745 0.0858055 0.151701 0.0937671 0.0714039 0.0973768
threshold=2.4033796787261967 -0.60292181372642506 0.32298927009105688 -0.44845800101757044 0.48856647312641149 4.3125019073486337
decision_type=2 2 2 2 2 2
left_child=1 2 -1 -3 -2 -6
right_child=4 3 -4 -5 5 -7
leaf_value=-0.17820944607757783 0.12698561474153119 0.10431752589018649 0.027338322388915249 -0.00064038351319254685 -0.17128329174034904 0.080242147592771568
leaf_weight=0.46797208487987418 0.45685959863476355 0.54690486192703147 0.44870405457913876 75.385774487495837 0.16076432928366557 0.25104367279254802
leaf_count=21 14 5 7 1986 30 11
internal_value=-0.000150991 -0.000811684 -0.0776365 0.000116278 0.0582626 -0.0180403
internal_weight=77.718 76.8494 0.916676 75.9327 0.868668 0.411808
internal_count=2074 2019 28 1991 55 41
is_linear=0
shrinkage=0.252688


Tree=1088
num_leaves=7
num_cat=0
split_feature=10 12 12 10 10 17
split_gain=0.0442923 0.114364 0.286107 0.085192 0.0904205 0.0765915
threshold=-0.84899231791496266 0.054200289770960815 -0.017691556364297863 -0.82352477312088002 -0.76233309507369984 -0.31808340549468989
decision_type=2 2 2 2 2 2
left_child=1 2 -1 5 -5 -2
right_child=3 -3 -4 4 -6 -7
leaf_value=-0.0047472722603000856 -0.14266607356681399 -0.056707541031033655 0.18420822816296109 0.060079483866129706 -0.0014478625334551846 -0.012481098617771053
leaf_weight=1.5539468976785433 0.50697299838066101 0.73835532693192352 0.76226852275431078 1.5593594812671643 68.392199663514475 0.66916569171007612
leaf_count=43 5 15 14 45 1930 22
internal_value=6.9563e-05 0.0298618 0.0574654 -0.00121006 -7.58324e-05 -0.0686372
internal_weight=74.1823 3.05457 2.31622 71.1277 69.9516 1.17614
internal_count=2074 72 57 2002 1975 27
is_linear=0
shrinkage=0.252688


Tree=1089
num_leaves=8
num_cat=0
split_feature=10 20 13 13 10 4 13
split_gain=0.0462348 0.166968 0.199684 0.133205 0.112942 0.194536 0.109408
threshold=-0.63295421004295338 -0.28479205071926111 -0.44736836850643152 -0.88596481084823597 -0.60073313117027272 0.17465712130069735 1.1783623695373537
decision_type=2 2 2 2 2 2 2
left_child=1 3 -3 -1 5 -2 -6
right_child=4 2 -4 -5 6 -7 -8
leaf_value=-0.018229697617038163 0.1502989620558714 -0.13670802580996999 -0.016538178782720396 0.12295549996207643 0.0020238707240259248 -0.035659239768167206 -0.070691818963165745
leaf_weight=0.88638671964872628 0.84518519428092875 1.1049017862824255 4.3875308478727666 0.8219739315100012 61.796679320718738 0.62409626878798008 1.3495133734686522
leaf_count=16 16 48 175 22 1724 16 57
internal_value=-5.93342e-05 -0.0192645 -0.0407236 0.0497174 0.00208102 0.0713254 0.000469245
internal_weight=71.8163 7.20079 5.49243 1.70836 64.6155 1.46928 63.1462
internal_count=2074 261 223 38 1813 32 1781
is_linear=0
shrinkage=0.252688


Tree=1090
num_leaves=8
num_cat=0
split_feature=18 14 18 5 7 18 2
split_gain=0.0422948 0.432566 0.233548 0.102221 0.182698 0.169026 0.0230652
threshold=0.94127324223518383 0.49305552244186407 1.1311745047569277 0.39186041057109838 -0.13016888499259946 0.88968166708946239 0.55543681979179393
decision_type=2 2 2 2 2 2 2
left_child=3 2 -2 5 -5 -1 -3
right_child=1 6 -4 4 -6 -7 -8
leaf_value=0.0066445361128337783 -0.12803717602959971 -0.18053307139455846 0.023549155825756056 -0.075849882115417669 -0.0039735262798100699 0.13022916698892206 -0.097607186154656092
leaf_weight=46.754737449096865 0.72769943040475382 0.8729410060768712 5.9622025651669901 2.5548097921855542 19.408723910652043 0.71695301006548007 0.28678043405489007
leaf_count=1197 70 34 216 100 432 12 13
internal_value=-6.98581e-05 -0.0176503 0.00705122 0.00191771 -0.0123359 0.00851246 -0.160082
internal_weight=77.2848 7.84962 6.6899 69.4352 21.9635 47.4717 1.15972
internal_count=2074 333 286 1741 532 1209 47
is_linear=0
shrinkage=0.252688


Tree=1091
num_leaves=8
num_cat=0
split_feature=5 18 5 18 13 24 16
split_gain=0.0418387 0.240248 0.219277 0.387763 0.165174 0.151448 0.141745
threshold=-0.53424599766731251 0.80515918135643016 -0.34819495677947992 0.14324910938739779 0.27192981541156774 0.16671690344810489 1.0929128527641299
decision_type=2 2 2 2 2 2 2
left_child=1 5 3 -2 -3 -1 -4
right_child=2 4 6 -5 -6 -7 -8
leaf_value=-0.015805623752450496 0.13630848329828521 0.092329820110192515 0.0028567179900017884 -0.0097572704902078762 -0.014329467619415547 -0.09115992345776254 -0.042174049352638472
leaf_weight=10.354996650712566 2.1014021168521131 2.0789514993957705 48.095229065598687 2.5907789150151075 1.6725963816943474 2.0377938965393687 4.9193532031322311
leaf_count=321 79 60 1242 81 62 58 171
internal_value=0.000130824 -0.0112399 0.00331206 0.0556662 0.044781 -0.0281999 -0.00132215
internal_weight=73.8511 16.1443 57.7068 4.69218 3.75155 12.3928 53.0146
internal_count=2074 501 1573 160 122 379 1413
is_linear=0
shrinkage=0.252688


Tree=1092
num_leaves=8
num_cat=0
split_feature=10 16 7 19 10 9 23
split_gain=0.0388196 0.131238 0.128319 0.116661 0.163949 0.161995 0.0804955
threshold=1.1780862212181094 1.8220110535621645 -1.7285117506980894 1.1703495383262636 1.5680126547813418 -0.24302295595407483 -0.5838123857975005
decision_type=2 2 2 2 2 2 2
left_child=1 2 -1 4 -2 -5 -3
right_child=3 6 -4 5 -6 -7 -8
leaf_value=-0.14850946424829445 0.063128382675340766 0.0071914469723222433 -0.00028515997643031594 -0.15668615568202543 -0.0111070891418159 0.013379308749980891 -0.17328727427521576
leaf_weight=0.37469560420140524 4.0174462598515657 0.24033266992773861 60.876165325467809 0.55911286291666329 3.6025869333316223 0.99055184586904921 0.45861600246429546
leaf_count=10 85 7 1739 21 138 36 38
internal_value=-0.000164748 -0.0024361 -0.0011932 0.0151794 0.0280329 -0.0480112 -0.111269
internal_weight=71.1195 61.9498 61.2509 9.1697 7.62003 1.54966 0.698949
internal_count=2074 1794 1749 280 223 57 45
is_linear=0
shrinkage=0.252688


Tree=1093
num_leaves=5
num_cat=0
split_feature=8 8 9 24
split_gain=0.0395042 0.0616405 0.110584 0.0544517
threshold=13.693320751190187 9.7020187377929705 -0.30443759262561793 2.3228778839111333
decision_type=2 2 2 2
left_child=1 3 -3 -1
right_child=-2 2 -4 -5
leaf_value=0.0013307773060909777 0.054900745871698346 0.032562008144571941 -0.17728352094796998 -0.031705715308662855
leaf_weight=71.786982421718676 0.82122188995708612 0.30224701669067144 0.34065094355901138 3.3330074215700725
leaf_count=1845 24 8 24 173
internal_value=-0.000204584 -0.000802287 -0.0786805 -0.000135217
internal_weight=76.5841 75.7629 0.642898 75.12
internal_count=2074 2050 32 2018
is_linear=0
shrinkage=0.252688


Tree=1094
num_leaves=8
num_cat=0
split_feature=9 17 6 15 9 6 16
split_gain=0.0381202 0.194719 0.275021 0.24409 0.0956201 0.530654 0.159413
threshold=-0.66356545686721791 -0.099234160035848604 -0.089715499430894838 1.760958790779114 -0.48225188255310053 0.14223196357488635 -0.39530599117279047
decision_type=2 2 2 2 2 2 2
left_child=1 2 -1 -3 5 -2 -6
right_child=4 3 -4 -5 6 -7 -8
leaf_value=0.094991039450375833 0.0812556940220759 -0.15193740086690327 -0.020728479151940062 0.057798196718671473 -0.031448147711901561 -0.051977097585596183 0.0050062058462017178
leaf_weight=1.6300012001302082 4.8222975803073487 1.2260341263026919 6.6986493659787802 0.49787537765223522 9.189278633130014 3.1586325010866858 45.991174519204833
leaf_count=36 124 40 154 23 240 92 1365
internal_value=0.000374055 -0.0140783 0.00192342 -0.0913646 0.00267437 0.0285257 -0.00106481
internal_weight=73.2139 10.0526 8.32865 1.72391 63.1614 7.98093 55.1805
internal_count=2074 253 190 63 1821 216 1605
is_linear=0
shrinkage=0.252688


Tree=1095
num_leaves=5
num_cat=0
split_feature=3 16 15 16
split_gain=0.0380391 0.0719139 0.150651 0.081137
threshold=1.5388656258583071 1.8220110535621645 -0.50333178043365467 1.3078675866127016
decision_type=2 2 2 2
left_child=1 3 -3 -1
right_child=-2 2 -4 -5
leaf_value=-0.00092959091895941073 0.075331788356209572 0.014389734727150159 -0.16213120804461253 0.052945991155273174
leaf_weight=67.146434293239508 0.42336282716132601 0.72936696244869381 0.53461693699276114 1.8330676773730363
leaf_count=1904 16 32 45 77
internal_value=-0.000136741 -0.000592179 -0.0603073 0.000502478
internal_weight=70.6668 70.2435 1.26398 68.9795
internal_count=2074 2058 77 1981
is_linear=0
shrinkage=0.252688


Tree=1096
num_leaves=6
num_cat=0
split_feature=2 2 2 4 11
split_gain=0.0443604 0.292635 0.257638 0.242003 0.134906
threshold=-0.3753810822963714 -0.4101309180259704 -0.37017044425010676 3.5567975044250493 -0.43167817592620844
decision_type=2 2 2 2 2
left_child=1 4 -2 -4 -1
right_child=2 -3 3 -5 -6
leaf_value=-0.023054845667715113 0.14080365653747057 -0.17418304146210742 0.0039685288701122269 -0.13831758738966979 0.014537104928799286
leaf_weight=12.244587116452752 0.86518528126180072 0.66490587103180487 49.429604105336693 0.77468829741701384 12.13695017304417
leaf_count=347 8 24 1393 20 282
internal_value=-0.000143687 -0.00885428 0.00412834 0.00177149 -0.00434188
internal_weight=76.1159 25.0464 51.0695 50.2043 24.3815
internal_count=2074 653 1421 1413 629
is_linear=0
shrinkage=0.252688


Tree=1097
num_leaves=4
num_cat=0
split_feature=14 14 4
split_gain=0.0756358 0.0630374 0.0571433
threshold=-1.8263887166976926 -1.7291666269302366 1.7535226941108706
decision_type=2 2 2
left_child=-1 -2 -3
right_child=1 2 -4
leaf_value=0.17720590340755962 -0.081676434686431335 -0.0011577903912593553 0.029652743666606196
leaf_weight=0.15343226585537095 0.59918829426169296 67.815912231922084 4.0739711801725198
leaf_count=5 11 1895 163
internal_value=0.000283599 -9.2149e-05 0.000588416
internal_weight=72.6425 72.4891 71.8899
internal_count=2074 2069 2058
is_linear=0
shrinkage=0.252688


Tree=1098
num_leaves=8
num_cat=0
split_feature=9 20 24 9 9 9 20
split_gain=0.0364278 0.227389 0.3337 0.109476 0.328904 0.22445 0.105619
threshold=-0.58497241139411915 0.73499625921249401 -0.40278001129627222 -0.37686303257942194 -0.39567081630229944 -0.3619831502437591 1.6261183023452761
decision_type=2 2 2 2 2 2 2
left_child=1 2 -1 4 -2 -5 -3
right_child=3 6 -4 5 -6 -7 -8
leaf_value=-0.1620039076213301 -0.010321611530186806 0.15648750201962797 0.011658558550418429 0.14920892069545777 -0.15684010942891902 -4.7193321332488972e-05 0.023403561206178584
leaf_weight=0.7615214848483437 8.0236077980152896 0.92946938410750479 9.6917187772069138 0.6514208996668448 1.1135815093293775 48.575177460510815 0.64514777495060116
leaf_count=21 200 26 283 16 24 1477 27
internal_value=-0.000175969 0.0124861 -0.00100022 -0.00278554 -0.0281865 0.00192948 0.101988
internal_weight=70.3916 12.0279 10.4532 58.3638 9.13719 49.2266 1.57462
internal_count=2074 357 304 1717 224 1493 53
is_linear=0
shrinkage=0.252688


Tree=1099
num_leaves=8
num_cat=0
split_feature=18 18 5 18 10 18 18
split_gain=0.0419271 0.224261 0.277551 0.160136 0.251263 0.137152 0.120868
threshold=1.0000000180025095e-35 -0.082876030355691896 0.65675231814384472 0.14324910938739779 0.066787932068109526 -0.22447866201400754 0.25466518104076391
decision_type=2 2 2 2 2 2 2
left_child=1 5 -3 4 -2 -1 -5
right_child=3 2 -4 6 -6 -7 -8
leaf_value=0.0038413229905840522 -0.13143758995428897 0.088484861184921201 -0.09354255761384668 0.039174956574824192 0.0039990946199815148 -0.047744672779763873 -0.0075117825536557496
leaf_weight=35.573628200250823 1.6098418046603904 3.5200607970327829 0.630216921759711 4.1323171379190198 1.9142712745669994 3.6257717957942068 24.713421931219273
leaf_count=787 85 80 24 100 65 148 785
internal_value=-0.000154694 0.0049834 0.0608354 -0.00703563 -0.0578795 -0.000930698 -0.000822997
internal_weight=75.7195 43.3497 4.15028 32.3699 3.52411 39.1994 28.8457
internal_count=2074 1039 104 1035 150 935 885
is_linear=0
shrinkage=0.252688


Tree=1100
num_leaves=5
num_cat=0
split_feature=7 7 13 21
split_gain=0.0477057 0.0465951 0.13195 0.129015
threshold=1.6332325935363772 -0.037073919549584382 -0.53508770465850819 -0.77925342321395863
decision_type=2 2 2 2
left_child=1 2 -1 -3
right_child=-2 3 -4 -5
leaf_value=-0.047129145186404549 -0.074903592444242217 -0.046043791765947188 0.0001031735529937499 0.011213634355948828
leaf_weight=4.316164109070086 0.53363034036010404 2.7083249454153693 30.183226194742019 34.704413625652705
leaf_count=106 8 69 899 992
internal_value=0.000332683 0.000891546 -0.00580658 0.00706812
internal_weight=72.4458 71.9121 34.4994 37.4127
internal_count=2074 2066 1005 1061
is_linear=0
shrinkage=0.252688


Tree=1101
num_leaves=7
num_cat=0
split_feature=10 10 5 19 14 14
split_gain=0.044356 0.274065 0.20764 0.193491 0.121227 0.213491
threshold=0.14612852036952975 0.066787932068109526 0.56825745105743419 0.13567599654197696 1.5208333134651186 1.0208333134651186
decision_type=2 2 2 2 2 2
left_child=1 2 -1 -3 5 -2
right_child=4 3 -4 -5 -6 -7
leaf_value=-0.0072747697112392337 0.009494830819458679 -0.0093471008841140412 0.054820060814984722 -0.16080949542378739 0.097607783507055554 -0.079511331991757361
leaf_weight=32.108645868114763 28.938692828111435 0.97591931288297873 3.8503572092522509 1.2013719914830288 0.91302663367241521 1.828960952349006
leaf_count=998 811 47 111 34 14 59
internal_value=-9.17684e-05 -0.00589683 -0.000625139 -0.0929394 0.00689614 0.0042026
internal_weight=69.817 38.1363 35.959 2.17729 31.6807 30.7677
internal_count=2074 1190 1109 81 884 870
is_linear=0
shrinkage=0.252688


Tree=1102
num_leaves=8
num_cat=0
split_feature=4 4 12 12 4 7 12
split_gain=0.0441388 0.332249 0.160785 0.280757 0.184854 0.12207 0.0849814
threshold=0.37608596682548529 0.32908867299556738 -0.11229412630200385 -0.32666842639446253 0.73196834325790416 0.84336555004119884 -0.07612245529890059
decision_type=2 2 2 2 2 2 2
left_child=1 5 3 -2 -4 -1 -3
right_child=2 6 4 -5 -6 -7 -8
leaf_value=-0.0024262685033419667 -0.09293242066400452 -0.17783928310576738 -0.057618241284925015 0.081775272751505035 0.0113796279582447 0.092457498539567834 -0.047808115849875252
leaf_weight=52.525283267466875 0.70164638478308905 0.83033227181294933 3.0672157680746741 3.591759383329193 12.924307315654003 0.8797330314773707 0.52376401599030831
leaf_count=1502 17 28 127 64 296 20 20
internal_value=-0.000267229 -0.00399713 0.0098014 0.0532156 -0.00185572 -0.000862337 -0.127583
internal_weight=75.044 54.7591 20.2849 4.29341 15.9915 53.405 1.3541
internal_count=2074 1570 504 81 423 1522 48
is_linear=0
shrinkage=0.252688


Tree=1103
num_leaves=8
num_cat=0
split_feature=8 8 24 12 7 12 12
split_gain=0.0431292 0.222564 0.270047 0.254847 0.126672 0.252811 0.208947
threshold=-0.014141931198537348 -0.1018451228737831 0.15086679160594943 2.0760444402694707 -0.037073919549584382 -0.68154582381248463 0.52186670899391185
decision_type=2 2 2 2 2 2 2
left_child=1 3 -3 -1 6 -6 -2
right_child=4 2 -4 -5 5 -7 -8
leaf_value=-0.006136242051188145 -0.048504565454982627 0.084729581063957449 -0.049800907153110793 0.13642306866309009 0.17524098925252771 -0.0008278918724851362 0.067221360571915245
leaf_weight=27.580346757468764 7.3073422717570775 4.1651564978892557 1.2348304407641988 0.82408790920453512 0.52962844586000102 29.233759855502285 1.1529465063358655
leaf_count=837 223 111 41 32 24 778 28
internal_value=0.000367389 0.00694239 0.053964 -0.00199771 -0.00544742 0.0023082 -0.0327304
internal_weight=72.0281 33.8044 5.39999 28.4044 38.2237 29.7634 8.46029
internal_count=2074 1021 152 869 1053 802 251
is_linear=0
shrinkage=0.252688


Tree=1104
num_leaves=5
num_cat=0
split_feature=11 17 24 11
split_gain=0.0539386 0.0506762 0.21392 0.059408
threshold=-1.3154522180557249 -0.40498991310596461 0.04046412184834481 -0.87884214520454396
decision_type=2 2 2 2
left_child=-1 2 -2 -3
right_child=1 3 -4 -5
leaf_value=-0.16900016492133565 -0.095560145751200296 -0.032489692109672362 0.11523393900611117 0.00083938145371850899
leaf_weight=0.12019646414773788 0.45255469635230727 3.6066406794197965 0.9557277497369796 64.036673642274451
leaf_count=27 18 146 23 1860
internal_value=-0.000245043 4.99756e-05 0.0474834 -0.000937894
internal_weight=69.1718 69.0516 1.40828 67.6433
internal_count=2074 2047 41 2006
is_linear=0
shrinkage=0.252688


Tree=1105
num_leaves=8
num_cat=0
split_feature=4 4 21 21 21 24 16
split_gain=0.0496356 0.224293 0.21478 0.292239 0.259737 0.132702 0.0451414
threshold=0.2292798534035683 0.20788542181253436 0.48377609252929693 0.33036653697490698 0.52361974120140087 -2.23669421672821 -0.55779683589935292
decision_type=2 2 2 2 2 2 2
left_child=1 5 3 -2 -4 -1 -3
right_child=2 6 4 -5 -6 -7 -8
leaf_value=-0.096605656000162271 0.009719559390215838 -0.052934661666677707 -0.18740257813163699 0.1049324993744318 -0.016251043296670781 -0.0010161658964838464 -0.17400684251047721
leaf_weight=0.94677608994152151 20.025724099959923 0.30051899049431086 0.62929509207606216 2.2936306152259922 5.6030641382167232 43.935383312688828 0.57188360439613362
leaf_count=81 459 7 10 38 205 1241 33
internal_value=-0.000342112 -0.00550113 0.00792519 0.0195064 -0.0335472 -0.00303374 -0.13236
internal_weight=74.3063 45.7546 28.5517 22.3194 6.23236 44.8822 0.872403
internal_count=2074 1362 712 497 215 1322 40
is_linear=0
shrinkage=0.252688


Tree=1106
num_leaves=5
num_cat=0
split_feature=15 4 21 21
split_gain=0.053054 0.0480204 0.288729 0.125306
threshold=-0.60796841979026783 0.26983371376991278 0.66828027367591869 0.1441668123006821
decision_type=2 2 2 2
left_child=-1 3 -3 -2
right_child=1 2 -4 -5
leaf_value=-0.086241783598991359 0.016017598064877694 -0.021756713211610809 0.051314529485071037 -0.010487661198978366
leaf_weight=0.44591701123863359 29.253899965813616 18.80513959906239 4.2287359008332706 18.648148902569119
leaf_count=18 841 467 161 587
internal_value=0.000593604 0.00114013 -0.0083408 0.00569914
internal_weight=71.3818 70.9359 23.0339 47.902
internal_count=2074 2056 628 1428
is_linear=0
shrinkage=0.252688


end of trees

feature_importances:
Column_10=389
Column_2=366
Column_7=349
Column_9=335
Column_19=322
Column_3=307
Column_4=307
Column_5=307
Column_8=307
Column_21=304
Column_1=292
Column_12=292
Column_16=289
Column_24=276
Column_14=253
Column_13=244
Column_6=236
Column_20=231
Column_15=223
Column_17=222
Column_18=222
Column_11=204
Column_23=198
Column_0=54
Column_22=53

parameters:
[boosting: gbdt]
[objective: multiclass]
[metric: multi_logloss]
[tree_learner: serial]
[device_type: cpu]
[data_sample_strategy: bagging]
[data: ]
[valid: ]
[num_iterations: 369]
[learning_rate: 0.252688]
[num_leaves: 110]
[num_threads: 8]
[seed: 42]
[deterministic: 0]
[force_col_wise: 0]
[force_row_wise: 0]
[histogram_pool_size: -1]
[max_depth: 3]
[min_data_in_leaf: 13]
[min_sum_hessian_in_leaf: 0.001]
[bagging_fraction: 0.60617]
[pos_bagging_fraction: 1]
[neg_bagging_fraction: 1]
[bagging_freq: 0]
[bagging_seed: 400]
[bagging_by_query: 0]
[feature_fraction: 0.509095]
[feature_fraction_bynode: 1]
[feature_fraction_seed: 30056]
[extra_trees: 0]
[extra_seed: 12879]
[early_stopping_round: 0]
[early_stopping_min_delta: 0]
[first_metric_only: 0]
[max_delta_step: 0]
[lambda_l1: 5.47243e-06]
[lambda_l2: 0.000528212]
[linear_lambda: 0]
[min_gain_to_split: 0]
[drop_rate: 0.1]
[max_drop: 50]
[skip_drop: 0.5]
[xgboost_dart_mode: 0]
[uniform_drop: 0]
[drop_seed: 17869]
[top_rate: 0.2]
[other_rate: 0.1]
[min_data_per_group: 100]
[max_cat_threshold: 32]
[cat_l2: 10]
[cat_smooth: 10]
[max_cat_to_onehot: 4]
[top_k: 20]
[monotone_constraints: ]
[monotone_constraints_method: basic]
[monotone_penalty: 0]
[feature_contri: ]
[forcedsplits_filename: ]
[refit_decay_rate: 0.9]
[cegb_tradeoff: 1]
[cegb_penalty_split: 0]
[cegb_penalty_feature_lazy: ]
[cegb_penalty_feature_coupled: ]
[path_smooth: 0]
[interaction_constraints: ]
[verbosity: -1]
[saved_feature_importance_type: 0]
[use_quantized_grad: 0]
[num_grad_quant_bins: 4]
[quant_train_renew_leaf: 0]
[stochastic_rounding: 1]
[linear_tree: 0]
[max_bin: 255]
[max_bin_by_feature: ]
[min_data_in_bin: 3]
[bin_construct_sample_cnt: 200000]
[data_random_seed: 175]
[is_enable_sparse: 1]
[enable_bundle: 1]
[use_missing: 1]
[zero_as_missing: 0]
[feature_pre_filter: 1]
[pre_partition: 0]
[two_round: 0]
[header: 0]
[label_column: ]
[weight_column: ]
[group_column: ]
[ignore_column: ]
[categorical_feature: ]
[forcedbins_filename: ]
[precise_float_parser: 0]
[parser_config_file: ]
[objective_seed: 16083]
[num_class: 3]
[is_unbalance: 0]
[scale_pos_weight: 1]
[sigmoid: 1]
[boost_from_average: 1]
[reg_sqrt: 0]
[alpha: 0.9]
[fair_c: 1]
[poisson_max_delta_step: 0.7]
[tweedie_variance_power: 1.5]
[lambdarank_truncation_level: 30]
[lambdarank_norm: 1]
[label_gain: ]
[lambdarank_position_bias_regularization: 0]
[eval_at: ]
[multi_error_top_k: 1]
[auc_mu_weights: ]
[num_machines: 1]
[local_listen_port: 12400]
[time_out: 120]
[machine_list_filename: ]
[machines: ]
[gpu_platform_id: -1]
[gpu_device_id: -1]
[gpu_use_dp: 0]
[num_gpu: 1]

end of parameters

pandas_categorical:null
